-- phpMyAdmin SQL Dump
-- version 4.5.1
-- http://www.phpmyadmin.net
--
-- Host: 127.0.0.1
-- Erstellungszeit: 02. Okt 2019 um 19:43
-- Server-Version: 10.1.13-MariaDB
-- PHP-Version: 5.6.23

SET SQL_MODE = "NO_AUTO_VALUE_ON_ZERO";
SET time_zone = "+00:00";


/*!40101 SET @OLD_CHARACTER_SET_CLIENT=@@CHARACTER_SET_CLIENT */;
/*!40101 SET @OLD_CHARACTER_SET_RESULTS=@@CHARACTER_SET_RESULTS */;
/*!40101 SET @OLD_COLLATION_CONNECTION=@@COLLATION_CONNECTION */;
/*!40101 SET NAMES utf8mb4 */;

--
-- Datenbank: `notenverwaltung`
--

-- --------------------------------------------------------

--
-- Tabellenstruktur für Tabelle `administrator`
--

CREATE TABLE `administrator` (
  `administrator_id` bigint(20) UNSIGNED NOT NULL,
  `user_id` bigint(20) UNSIGNED NOT NULL
) ENGINE=InnoDB DEFAULT CHARSET=latin1;

--
-- Daten für Tabelle `administrator`
--

INSERT INTO `administrator` (`administrator_id`, `user_id`) VALUES
(1, 1),
(2, 2),
(3, 3),
(4, 4),
(5, 5),
(6, 6),
(7, 7),
(8, 8),
(9, 9),
(10, 10);

-- --------------------------------------------------------

--
-- Tabellenstruktur für Tabelle `city`
--

CREATE TABLE `city` (
  `city_id` bigint(20) UNSIGNED NOT NULL,
  `name` varchar(45) NOT NULL,
  `zipcode` int(11) NOT NULL
) ENGINE=InnoDB DEFAULT CHARSET=latin1;

--
-- Daten für Tabelle `city`
--

INSERT INTO `city` (`city_id`, `name`, `zipcode`) VALUES
(1, 'Orikhiv', 8419),
(2, 'Kenitra', 8761),
(3, 'Riebi?i', 5560),
(4, 'E’erdun Wula', 8212),
(5, 'Falun', 2175),
(6, 'Huyuan', 8029),
(7, 'Notsé', 6030),
(8, 'Mitrovicë', 7090),
(9, 'Colorado Springs', 3903),
(10, 'San José de La Montaña', 3074),
(11, 'La Asunción', 4902),
(12, 'Karlskrona', 2610),
(13, 'Palca', 9666),
(14, 'R?wand?z', 7613),
(15, 'Prilep', 3041),
(16, 'Guandu', 3188),
(17, 'Gaoping', 3199),
(18, 'Dezhou', 2547),
(19, 'Houzhai', 7264),
(20, 'São Pedro da Aldeia', 5894);

-- --------------------------------------------------------

--
-- Tabellenstruktur für Tabelle `class`
--

CREATE TABLE `class` (
  `class_id` bigint(20) UNSIGNED NOT NULL,
  `name` varchar(45) NOT NULL,
  `school_id` bigint(20) UNSIGNED NOT NULL,
  `primary_teacher` bigint(20) UNSIGNED NOT NULL
) ENGINE=InnoDB DEFAULT CHARSET=latin1;

--
-- Daten für Tabelle `class`
--

INSERT INTO `class` (`class_id`, `name`, `school_id`, `primary_teacher`) VALUES
(1, 'optimal', 2, 1),
(2, 'object-oriented', 7, 2),
(3, 'moderator', 10, 3),
(4, 'dedicated', 10, 4),
(5, 'hierarchy', 2, 5),
(6, 'infrastructure', 2, 6),
(7, 'application', 8, 7),
(8, 'application-abc', 8, 8),
(9, 'secured line', 7, 9),
(10, 'projection', 6, 10),
(11, 'open system', 3, 11),
(12, 'holistic', 3, 12),
(13, 'fault-tolerant', 2, 13),
(14, 'strategy', 3, 14),
(15, '6th generation', 3, 15),
(16, 'paradigm', 6, 16),
(17, '3rd generation', 5, 17),
(18, 'Organized', 4, 18),
(19, 'client-driven', 2, 19),
(20, 'productivity', 9, 20),
(21, 'Universal', 8, 21),
(22, 'implementation', 9, 22),
(23, 'Self-enabling', 6, 23),
(24, 'orchestration', 10, 24),
(25, 'Innovative', 4, 25),
(26, 'tangible', 8, 26),
(27, 'middleware', 8, 27),
(28, 'collaboration', 5, 28),
(29, 'Expanded', 4, 29),
(30, 'hierarchy-abc', 2, 30);

-- --------------------------------------------------------

--
-- Tabellenstruktur für Tabelle `class_member`
--

CREATE TABLE `class_member` (
  `student_id` bigint(20) UNSIGNED NOT NULL,
  `class_id` bigint(20) UNSIGNED NOT NULL
) ENGINE=InnoDB DEFAULT CHARSET=latin1;

--
-- Daten für Tabelle `class_member`
--

INSERT INTO `class_member` (`student_id`, `class_id`) VALUES
(650, 29),
(365, 30),
(250, 27),
(598, 16),
(119, 7),
(374, 8),
(701, 20),
(939, 19),
(469, 16),
(612, 18),
(402, 25),
(849, 13),
(437, 5),
(589, 7),
(271, 11),
(727, 11),
(510, 17),
(558, 4),
(167, 16),
(979, 8),
(760, 5),
(407, 2),
(340, 20),
(187, 9),
(776, 8),
(274, 15),
(165, 13),
(105, 2),
(805, 5),
(675, 21),
(661, 16),
(106, 11),
(593, 3),
(863, 1),
(762, 14),
(865, 26),
(711, 1),
(290, 12),
(903, 28),
(231, 5),
(187, 17),
(959, 15),
(707, 24),
(507, 22),
(500, 13),
(840, 17),
(562, 13),
(278, 19),
(340, 27),
(427, 19),
(238, 18),
(427, 29),
(216, 16),
(617, 20),
(348, 16),
(192, 28),
(469, 18),
(560, 13),
(440, 5),
(221, 17),
(799, 11),
(463, 18),
(410, 25),
(634, 20),
(896, 1),
(755, 25),
(364, 19),
(801, 7),
(942, 3),
(181, 11),
(151, 10),
(859, 26),
(900, 25),
(718, 28),
(388, 1),
(644, 24),
(595, 2),
(308, 23),
(339, 19),
(675, 26),
(638, 3),
(524, 6),
(895, 1),
(815, 7),
(356, 10),
(894, 16),
(844, 6),
(414, 14),
(201, 23),
(140, 2),
(181, 17),
(206, 27),
(381, 9),
(452, 21),
(376, 1),
(785, 26),
(967, 20),
(967, 16),
(149, 2),
(264, 12),
(230, 13),
(146, 15),
(676, 17),
(478, 25),
(185, 20),
(373, 25),
(571, 26),
(1000, 26),
(162, 17),
(864, 28),
(926, 15),
(107, 12),
(930, 19),
(365, 6),
(930, 29),
(567, 3),
(935, 17),
(566, 19),
(288, 17),
(804, 30),
(553, 28),
(707, 18),
(292, 5),
(978, 8),
(337, 6),
(950, 3),
(685, 16),
(589, 19),
(468, 6),
(470, 2),
(522, 27),
(373, 20),
(146, 4),
(867, 30),
(339, 11),
(145, 13),
(716, 28),
(946, 24),
(969, 8),
(661, 9),
(616, 9),
(248, 14),
(337, 3),
(503, 3),
(946, 2),
(659, 28),
(411, 27),
(220, 6),
(530, 17),
(645, 12),
(969, 12),
(524, 2),
(955, 22),
(140, 17),
(592, 2),
(852, 16),
(421, 26),
(614, 21),
(475, 15),
(661, 18),
(778, 8),
(216, 23),
(707, 25),
(429, 5),
(840, 11),
(641, 17),
(947, 28),
(890, 15),
(147, 5),
(848, 25),
(197, 24),
(702, 10),
(498, 11),
(876, 16),
(537, 12),
(287, 15),
(536, 29),
(438, 18),
(872, 17),
(917, 15),
(496, 13),
(400, 6),
(626, 1),
(706, 29),
(380, 28),
(981, 3),
(538, 15),
(646, 17),
(569, 2),
(325, 15),
(709, 9),
(427, 21),
(267, 7),
(312, 17),
(399, 19),
(921, 14),
(938, 8),
(458, 16),
(988, 24),
(123, 29),
(665, 21),
(616, 1),
(851, 10),
(379, 26),
(590, 12),
(714, 2),
(957, 23),
(204, 27),
(190, 7),
(391, 16),
(394, 18),
(208, 26),
(750, 28),
(998, 11),
(738, 29),
(988, 8),
(928, 24),
(746, 8),
(392, 4),
(314, 27),
(356, 11),
(633, 12),
(108, 10),
(439, 3),
(947, 1),
(811, 1),
(165, 30),
(703, 19),
(188, 25),
(471, 3),
(104, 15),
(928, 25),
(196, 30),
(973, 29),
(426, 4),
(403, 28),
(659, 7),
(643, 25),
(448, 24),
(185, 30),
(692, 23),
(186, 13),
(976, 30),
(809, 15),
(995, 15),
(909, 15),
(177, 5),
(216, 22),
(866, 25),
(706, 28),
(377, 25),
(171, 16),
(351, 24),
(923, 17),
(327, 26),
(961, 25),
(762, 6),
(256, 30),
(630, 11),
(259, 23),
(410, 18),
(907, 10),
(275, 9),
(342, 11),
(996, 28),
(908, 8),
(370, 15),
(474, 3),
(384, 12),
(933, 12),
(164, 2),
(658, 5),
(247, 23),
(477, 17),
(775, 20),
(760, 14),
(614, 21),
(777, 16),
(419, 11),
(933, 5),
(356, 23),
(856, 15),
(472, 3),
(397, 17),
(118, 4),
(853, 13),
(927, 26),
(865, 26),
(807, 16),
(999, 1),
(311, 12),
(244, 9),
(556, 24),
(214, 19),
(804, 2),
(784, 1),
(859, 1),
(361, 11),
(459, 18),
(787, 21),
(602, 21),
(437, 14),
(707, 19),
(856, 26),
(592, 13),
(142, 25),
(106, 7),
(578, 3),
(209, 13),
(758, 9),
(995, 29),
(117, 11),
(695, 21),
(429, 7),
(785, 2),
(965, 24),
(747, 11),
(329, 28),
(528, 20),
(844, 26),
(625, 23),
(322, 5),
(651, 1),
(753, 16),
(432, 15),
(237, 16),
(582, 23),
(692, 6),
(699, 15),
(226, 6),
(357, 19),
(320, 16),
(846, 13),
(253, 21),
(676, 17),
(883, 3),
(805, 28),
(448, 14),
(704, 8),
(729, 13),
(495, 2),
(753, 20),
(594, 27),
(674, 7),
(899, 20),
(267, 29),
(354, 26),
(382, 23),
(215, 13),
(269, 7),
(622, 11),
(953, 22),
(863, 4),
(578, 26),
(480, 9),
(505, 4),
(416, 1),
(519, 30),
(854, 29),
(569, 16),
(950, 22),
(672, 17),
(892, 6),
(903, 19),
(142, 26),
(109, 8),
(925, 12),
(173, 15),
(472, 20),
(601, 15),
(364, 28),
(164, 15),
(399, 13),
(205, 16),
(660, 4),
(258, 2),
(796, 21),
(947, 14),
(492, 4),
(159, 25),
(738, 30),
(622, 25),
(541, 28),
(812, 26),
(575, 13),
(462, 24),
(374, 7),
(416, 16),
(818, 6),
(448, 21),
(665, 16),
(350, 2),
(679, 27),
(436, 22),
(500, 1),
(676, 3),
(615, 8),
(678, 18),
(914, 27),
(390, 17),
(565, 17),
(925, 22),
(137, 21),
(263, 6),
(157, 21),
(741, 9),
(869, 16),
(334, 2),
(414, 30),
(632, 13),
(166, 15),
(280, 17),
(556, 4),
(255, 6),
(437, 19),
(894, 1),
(823, 25),
(533, 8),
(627, 7),
(397, 16),
(250, 24),
(858, 17),
(862, 29),
(309, 10),
(556, 15),
(234, 6),
(802, 30),
(919, 20),
(284, 17),
(717, 17),
(881, 19),
(813, 25),
(907, 19),
(757, 18),
(823, 26),
(263, 7),
(668, 18),
(617, 12),
(160, 1),
(375, 2),
(101, 28),
(278, 29),
(561, 1),
(526, 16),
(435, 19),
(242, 2),
(403, 16),
(123, 25),
(145, 15),
(860, 4),
(430, 17),
(684, 12),
(358, 15),
(560, 2),
(137, 5),
(582, 13),
(687, 1),
(541, 12),
(391, 11),
(993, 9),
(298, 26),
(535, 28),
(233, 11),
(369, 29),
(611, 18),
(217, 25),
(456, 20),
(730, 10),
(657, 8),
(673, 13),
(257, 10),
(134, 1),
(390, 28),
(802, 26),
(886, 12),
(525, 10),
(267, 8),
(193, 9),
(302, 7),
(908, 19),
(119, 18),
(957, 1),
(333, 28),
(609, 21),
(333, 6),
(535, 6),
(717, 10),
(106, 26),
(179, 19),
(385, 16),
(865, 29),
(174, 5),
(752, 4),
(463, 19),
(859, 25),
(931, 2),
(295, 16),
(291, 29),
(564, 9),
(146, 4),
(195, 25),
(411, 7),
(372, 30),
(362, 20),
(865, 29),
(627, 6),
(538, 15),
(226, 3),
(938, 13),
(260, 15),
(337, 15),
(921, 23),
(444, 10),
(188, 20),
(859, 11),
(266, 29),
(660, 27),
(557, 7),
(671, 16),
(437, 26),
(330, 23),
(902, 4),
(788, 1),
(621, 13),
(548, 8),
(501, 18),
(895, 19),
(928, 12),
(755, 22),
(506, 28),
(314, 8),
(780, 10),
(835, 19),
(602, 3),
(657, 6),
(837, 29),
(787, 17),
(474, 17),
(542, 9),
(118, 27),
(1000, 24),
(448, 28),
(369, 28),
(992, 16),
(132, 21),
(114, 20),
(367, 3),
(159, 8),
(863, 8),
(813, 5),
(789, 9),
(282, 12),
(819, 30),
(122, 16),
(659, 27),
(684, 21),
(449, 20),
(524, 10),
(443, 2),
(620, 24),
(115, 27),
(710, 4),
(349, 18),
(156, 9),
(153, 9),
(589, 7),
(608, 16),
(822, 7),
(491, 7),
(966, 10),
(810, 19),
(792, 2),
(458, 24),
(960, 23),
(641, 9),
(470, 14),
(799, 14),
(274, 7),
(707, 17),
(236, 10),
(158, 6),
(344, 16),
(458, 16),
(534, 25),
(814, 2),
(196, 19),
(366, 25),
(649, 28),
(697, 1),
(607, 9),
(811, 12),
(447, 30),
(311, 10),
(821, 10),
(566, 22),
(328, 9),
(850, 30),
(153, 17),
(819, 20),
(943, 3),
(191, 23),
(550, 25),
(137, 11),
(611, 4),
(336, 23),
(876, 26),
(719, 29),
(545, 12),
(137, 7),
(731, 23),
(726, 8),
(702, 18),
(380, 10),
(601, 11),
(904, 27),
(374, 11),
(102, 24),
(335, 23),
(696, 24),
(969, 11),
(758, 21),
(957, 9),
(953, 11),
(229, 3),
(531, 24),
(697, 21),
(403, 21),
(165, 5),
(280, 12),
(959, 15),
(183, 12),
(271, 12),
(298, 4),
(502, 8),
(971, 15),
(847, 9),
(111, 7),
(715, 16),
(170, 12),
(185, 19),
(263, 19),
(115, 17),
(975, 14),
(867, 27),
(489, 11),
(813, 15),
(143, 1),
(326, 21),
(307, 2),
(471, 10),
(397, 6),
(638, 27),
(245, 9),
(527, 24),
(307, 8),
(484, 10),
(681, 5),
(643, 6),
(322, 27),
(932, 1),
(738, 28),
(955, 3),
(508, 21),
(290, 4),
(524, 29),
(460, 30),
(188, 2),
(730, 7),
(419, 11),
(152, 17),
(827, 23),
(253, 6),
(335, 14),
(701, 12),
(622, 6),
(236, 14),
(235, 28),
(949, 15),
(801, 22),
(992, 25),
(741, 12),
(248, 13),
(820, 9),
(339, 13),
(742, 23),
(874, 14),
(862, 10),
(953, 8),
(753, 8),
(628, 20),
(965, 20),
(763, 2),
(891, 17),
(994, 23),
(742, 21),
(245, 15),
(109, 10),
(579, 8),
(536, 25),
(633, 27),
(253, 28),
(302, 1),
(197, 17),
(268, 6),
(566, 17),
(277, 23),
(320, 10),
(211, 4),
(283, 16),
(278, 23),
(920, 25),
(137, 18),
(616, 23),
(813, 3),
(199, 17),
(156, 1),
(556, 11),
(518, 8),
(782, 25),
(764, 28),
(860, 21),
(788, 8),
(751, 18),
(585, 7),
(326, 24),
(484, 20),
(826, 22),
(182, 23),
(324, 21),
(834, 2),
(156, 29),
(635, 24),
(398, 27),
(154, 21),
(633, 2),
(909, 8),
(539, 28),
(722, 5),
(959, 17),
(693, 17),
(785, 6),
(875, 20),
(810, 2),
(591, 8),
(230, 4),
(507, 15),
(888, 9),
(639, 12),
(377, 23),
(891, 2),
(160, 18),
(284, 4),
(371, 18),
(555, 15),
(489, 3),
(310, 7),
(734, 30),
(985, 9),
(961, 17),
(367, 8),
(716, 20),
(638, 1),
(942, 28),
(708, 23),
(814, 9),
(492, 12),
(846, 22),
(983, 10),
(992, 25),
(547, 7),
(832, 27),
(494, 25),
(600, 7),
(270, 9),
(411, 17),
(109, 2),
(488, 11),
(976, 24),
(349, 26),
(132, 19),
(147, 27),
(885, 8),
(198, 9),
(935, 6),
(687, 13),
(936, 11),
(555, 20),
(916, 15),
(154, 3),
(316, 30),
(942, 27),
(996, 22),
(969, 10),
(536, 14),
(291, 24),
(173, 16),
(450, 5),
(613, 28),
(677, 30),
(383, 20),
(113, 21),
(415, 6),
(237, 17),
(364, 26),
(132, 6),
(675, 14),
(735, 25),
(856, 19),
(297, 6),
(749, 10),
(497, 27),
(784, 4),
(979, 28),
(821, 17),
(848, 11),
(673, 28),
(340, 7),
(328, 12),
(278, 6),
(168, 14),
(499, 13),
(153, 5),
(525, 18),
(472, 12),
(582, 23),
(563, 26),
(273, 10),
(169, 1),
(309, 7),
(296, 17),
(461, 24),
(928, 10),
(176, 8),
(572, 13),
(830, 17),
(377, 4),
(349, 28),
(369, 2),
(597, 16),
(131, 28),
(480, 5),
(226, 30),
(705, 27),
(514, 4),
(632, 1),
(362, 15),
(265, 21),
(359, 22),
(734, 10),
(958, 21),
(103, 17),
(705, 12),
(981, 20),
(605, 5),
(843, 17),
(312, 26),
(449, 22),
(652, 7),
(685, 11),
(507, 14),
(508, 23),
(958, 11),
(719, 24),
(584, 27),
(341, 6),
(918, 18),
(252, 23),
(694, 4),
(408, 1),
(150, 29),
(103, 27),
(887, 30),
(383, 10),
(757, 27),
(296, 7),
(366, 21),
(172, 7),
(432, 13),
(967, 29),
(909, 25),
(989, 2),
(749, 17),
(247, 11),
(909, 5),
(118, 9),
(769, 6),
(964, 1),
(960, 7),
(398, 7),
(580, 30),
(357, 17),
(169, 5),
(776, 12),
(657, 14),
(595, 25),
(252, 13),
(669, 9),
(401, 20),
(170, 19),
(230, 20);

-- --------------------------------------------------------

--
-- Tabellenstruktur für Tabelle `exam`
--

CREATE TABLE `exam` (
  `exam_id` bigint(20) UNSIGNED NOT NULL,
  `date` date NOT NULL,
  `tcs_id` bigint(20) UNSIGNED NOT NULL
) ENGINE=InnoDB DEFAULT CHARSET=latin1;

--
-- Daten für Tabelle `exam`
--

INSERT INTO `exam` (`exam_id`, `date`, `tcs_id`) VALUES
(1, '2019-04-15', 16),
(2, '2019-01-13', 52),
(3, '2019-04-10', 98),
(4, '2019-09-30', 14),
(5, '2018-12-04', 21),
(6, '2019-03-11', 13),
(7, '2018-10-13', 24),
(8, '2019-09-03', 100),
(9, '2018-10-07', 99),
(10, '2018-10-31', 50),
(11, '2019-08-02', 51),
(12, '2018-12-23', 29),
(13, '2019-05-17', 60),
(14, '2019-09-08', 64),
(15, '2018-10-07', 82),
(16, '2018-11-29', 73),
(17, '2019-08-26', 94),
(18, '2019-08-19', 35),
(19, '2019-05-05', 30),
(20, '2019-03-17', 92),
(21, '2019-03-01', 82),
(22, '2018-12-09', 40),
(23, '2019-09-15', 68),
(24, '2019-04-24', 90),
(25, '2019-07-16', 87),
(26, '2019-07-13', 30),
(27, '2019-01-28', 42),
(28, '2019-03-18', 90),
(29, '2019-08-13', 98),
(30, '2018-11-22', 18),
(31, '2018-12-17', 81),
(32, '2018-11-09', 33),
(33, '2019-07-06', 57),
(34, '2019-09-07', 87),
(35, '2018-11-11', 11),
(36, '2019-02-24', 84),
(37, '2019-03-07', 58),
(38, '2019-04-15', 24),
(39, '2018-10-09', 7),
(40, '2019-05-15', 6),
(41, '2019-09-06', 48),
(42, '2019-04-16', 34),
(43, '2018-12-20', 89),
(44, '2019-07-03', 87),
(45, '2018-10-16', 85),
(46, '2019-03-03', 69),
(47, '2018-12-16', 14),
(48, '2018-11-26', 58),
(49, '2019-04-26', 100),
(50, '2018-10-07', 51),
(51, '2019-09-25', 5),
(52, '2018-11-22', 59),
(53, '2018-10-21', 8),
(54, '2019-02-25', 73),
(55, '2019-09-01', 72),
(56, '2019-05-21', 79),
(57, '2018-11-05', 12),
(58, '2019-02-17', 45),
(59, '2019-09-29', 63),
(60, '2019-01-15', 68),
(61, '2019-03-27', 81),
(62, '2019-05-16', 64),
(63, '2019-03-15', 30),
(64, '2018-12-06', 31),
(65, '2018-12-18', 58),
(66, '2019-01-07', 7),
(67, '2019-06-02', 41),
(68, '2019-06-02', 83),
(69, '2018-12-07', 7),
(70, '2018-11-11', 38),
(71, '2019-09-11', 37),
(72, '2019-07-16', 18),
(73, '2019-04-21', 84),
(74, '2019-07-08', 87),
(75, '2018-10-23', 92),
(76, '2019-05-27', 71),
(77, '2018-11-25', 91),
(78, '2019-03-16', 26),
(79, '2019-09-14', 93),
(80, '2019-05-17', 95),
(81, '2019-08-20', 73),
(82, '2019-05-23', 47),
(83, '2019-04-06', 20),
(84, '2019-04-14', 61),
(85, '2019-07-07', 26),
(86, '2018-11-01', 43),
(87, '2019-09-22', 57),
(88, '2018-12-04', 52),
(89, '2019-07-06', 1),
(90, '2019-01-31', 53),
(91, '2019-08-19', 51),
(92, '2019-03-22', 96),
(93, '2019-02-20', 2),
(94, '2019-03-20', 63),
(95, '2019-01-02', 33),
(96, '2019-06-30', 73),
(97, '2019-05-13', 62),
(98, '2018-12-06', 96),
(99, '2019-06-03', 54),
(100, '2018-10-16', 64),
(101, '2019-07-15', 77),
(102, '2019-06-27', 70),
(103, '2019-09-25', 21),
(104, '2019-09-25', 72),
(105, '2019-02-14', 49),
(106, '2019-01-30', 5),
(107, '2018-10-12', 25),
(108, '2019-06-11', 33),
(109, '2018-12-26', 50),
(110, '2018-10-12', 22),
(111, '2019-01-20', 85),
(112, '2019-02-17', 31),
(113, '2019-08-17', 10),
(114, '2019-02-16', 21),
(115, '2018-12-11', 39),
(116, '2018-10-08', 6),
(117, '2019-09-17', 68),
(118, '2018-10-23', 13),
(119, '2019-03-17', 14),
(120, '2019-09-14', 94),
(121, '2019-05-20', 61),
(122, '2019-07-02', 44),
(123, '2019-04-09', 7),
(124, '2018-10-07', 87),
(125, '2019-05-13', 97),
(126, '2019-06-19', 16),
(127, '2019-02-16', 98),
(128, '2018-11-06', 28),
(129, '2018-10-12', 85),
(130, '2019-06-09', 37),
(131, '2018-10-03', 13),
(132, '2018-12-20', 28),
(133, '2019-05-18', 87),
(134, '2019-08-22', 19),
(135, '2019-01-10', 14),
(136, '2018-12-23', 85),
(137, '2019-09-30', 89),
(138, '2019-04-15', 37),
(139, '2018-10-13', 47),
(140, '2019-09-28', 82),
(141, '2019-08-12', 19),
(142, '2019-07-14', 17),
(143, '2019-09-27', 72),
(144, '2018-10-22', 79),
(145, '2019-07-17', 41),
(146, '2019-04-19', 16),
(147, '2019-04-19', 78),
(148, '2019-04-05', 75),
(149, '2018-11-13', 70),
(150, '2019-06-05', 4),
(151, '2019-08-18', 91),
(152, '2018-11-13', 100),
(153, '2019-09-15', 15),
(154, '2019-07-04', 60),
(155, '2018-11-09', 88),
(156, '2019-06-09', 62),
(157, '2019-05-15', 80),
(158, '2018-12-24', 84),
(159, '2019-02-20', 49),
(160, '2018-10-02', 65),
(161, '2018-12-12', 75),
(162, '2019-07-01', 21),
(163, '2018-10-15', 27),
(164, '2018-12-06', 100),
(165, '2018-10-07', 87),
(166, '2019-02-01', 69),
(167, '2018-12-24', 6),
(168, '2018-10-25', 18),
(169, '2019-04-19', 95),
(170, '2019-04-23', 3),
(171, '2019-06-07', 25),
(172, '2019-07-16', 15),
(173, '2019-04-19', 64),
(174, '2019-01-22', 70),
(175, '2018-11-03', 57),
(176, '2018-11-16', 95),
(177, '2019-07-11', 10),
(178, '2018-11-17', 6),
(179, '2019-04-13', 6),
(180, '2019-07-20', 30),
(181, '2019-09-09', 30),
(182, '2019-07-31', 44),
(183, '2019-02-15', 48),
(184, '2019-02-02', 31),
(185, '2019-03-07', 56),
(186, '2019-04-05', 25),
(187, '2019-05-02', 26),
(188, '2019-07-14', 31),
(189, '2019-05-12', 40),
(190, '2018-11-10', 61),
(191, '2019-03-27', 77),
(192, '2019-07-05', 82),
(193, '2019-01-26', 25),
(194, '2019-07-17', 48),
(195, '2019-03-18', 61),
(196, '2019-09-09', 76),
(197, '2019-05-16', 58),
(198, '2019-01-16', 94),
(199, '2018-10-17', 6),
(200, '2018-11-09', 45),
(201, '2019-08-07', 29),
(202, '2019-04-03', 96),
(203, '2019-03-10', 86),
(204, '2019-06-18', 48),
(205, '2019-08-26', 73),
(206, '2019-02-28', 62),
(207, '2019-08-27', 11),
(208, '2018-11-11', 92),
(209, '2019-07-09', 37),
(210, '2019-06-05', 12),
(211, '2019-09-13', 21),
(212, '2018-11-01', 100),
(213, '2019-05-06', 25),
(214, '2019-04-08', 17),
(215, '2018-10-03', 22),
(216, '2019-09-30', 62),
(217, '2018-11-24', 29),
(218, '2019-06-25', 12),
(219, '2018-12-30', 70),
(220, '2019-04-03', 75),
(221, '2018-10-05', 63),
(222, '2019-09-17', 62),
(223, '2019-03-25', 84),
(224, '2019-01-18', 40),
(225, '2019-08-03', 86),
(226, '2019-06-27', 98),
(227, '2019-07-07', 14),
(228, '2019-02-15', 97),
(229, '2019-08-31', 59),
(230, '2019-04-01', 42),
(231, '2019-09-11', 6),
(232, '2019-02-23', 86),
(233, '2019-08-11', 48),
(234, '2019-05-10', 82),
(235, '2018-10-11', 7),
(236, '2019-07-02', 10),
(237, '2019-08-13', 74),
(238, '2019-02-04', 34),
(239, '2019-03-10', 1),
(240, '2018-10-02', 68),
(241, '2019-01-01', 60),
(242, '2019-03-21', 99),
(243, '2018-10-28', 52),
(244, '2019-01-12', 80),
(245, '2019-02-25', 12),
(246, '2019-09-14', 61),
(247, '2019-01-28', 82),
(248, '2019-01-06', 98),
(249, '2019-01-15', 80),
(250, '2019-01-29', 93),
(251, '2019-03-26', 28),
(252, '2019-09-30', 23),
(253, '2019-01-10', 12),
(254, '2018-11-14', 66),
(255, '2019-01-17', 1),
(256, '2019-09-05', 8),
(257, '2019-02-02', 21),
(258, '2019-03-02', 49),
(259, '2019-07-15', 91),
(260, '2018-10-02', 34),
(261, '2019-03-28', 5),
(262, '2019-03-08', 28),
(263, '2019-05-04', 18),
(264, '2019-03-25', 94),
(265, '2019-08-14', 71),
(266, '2018-11-06', 78),
(267, '2019-01-15', 95),
(268, '2018-11-23', 5),
(269, '2019-07-10', 34),
(270, '2019-03-05', 89),
(271, '2019-06-23', 36),
(272, '2019-03-23', 72),
(273, '2019-01-03', 87),
(274, '2019-06-22', 37),
(275, '2018-10-23', 84),
(276, '2018-12-12', 35),
(277, '2019-05-18', 49),
(278, '2018-11-15', 3),
(279, '2019-09-15', 98),
(280, '2019-07-04', 16),
(281, '2018-12-25', 48),
(282, '2018-12-16', 46),
(283, '2019-09-21', 19),
(284, '2019-01-08', 27),
(285, '2019-03-13', 89),
(286, '2018-10-12', 94),
(287, '2019-06-23', 37),
(288, '2019-08-16', 56),
(289, '2019-04-28', 60),
(290, '2019-02-26', 15),
(291, '2019-02-28', 41),
(292, '2019-08-25', 45),
(293, '2019-08-31', 42),
(294, '2018-11-25', 8),
(295, '2019-04-09', 57),
(296, '2019-07-30', 98),
(297, '2019-07-28', 38),
(298, '2019-02-24', 14),
(299, '2018-10-16', 21),
(300, '2019-09-26', 48),
(301, '2019-04-21', 16),
(302, '2019-05-24', 37),
(303, '2019-02-16', 44),
(304, '2019-05-10', 88),
(305, '2019-04-09', 74),
(306, '2019-09-07', 48),
(307, '2018-11-09', 55),
(308, '2019-02-28', 34),
(309, '2018-12-15', 42),
(310, '2019-04-30', 78),
(311, '2019-07-31', 55),
(312, '2018-10-08', 78),
(313, '2018-12-05', 74),
(314, '2018-12-31', 45),
(315, '2019-05-24', 1),
(316, '2019-05-06', 75),
(317, '2018-11-20', 96),
(318, '2019-07-28', 13),
(319, '2019-09-25', 51),
(320, '2018-11-23', 67),
(321, '2019-01-11', 68),
(322, '2019-05-19', 17),
(323, '2018-11-26', 31),
(324, '2018-10-13', 9),
(325, '2019-08-25', 3),
(326, '2019-09-07', 61),
(327, '2019-02-08', 37),
(328, '2018-11-04', 40),
(329, '2019-04-05', 10),
(330, '2018-10-27', 77),
(331, '2019-05-29', 69),
(332, '2019-08-02', 93),
(333, '2019-08-21', 19),
(334, '2019-03-08', 22),
(335, '2019-01-17', 18),
(336, '2019-02-13', 24),
(337, '2018-12-10', 38),
(338, '2019-05-07', 99),
(339, '2019-06-19', 79),
(340, '2018-12-06', 59),
(341, '2019-09-13', 18),
(342, '2019-06-01', 55),
(343, '2019-02-18', 82),
(344, '2018-10-03', 44),
(345, '2019-02-06', 49),
(346, '2019-07-20', 75),
(347, '2019-04-19', 99),
(348, '2019-01-08', 35),
(349, '2019-08-28', 82),
(350, '2018-10-31', 3),
(351, '2018-11-22', 34),
(352, '2019-07-07', 27),
(353, '2019-01-30', 11),
(354, '2018-12-08', 65),
(355, '2018-10-02', 77),
(356, '2019-06-29', 76),
(357, '2019-06-16', 20),
(358, '2019-01-05', 36),
(359, '2018-11-22', 41),
(360, '2019-05-28', 64),
(361, '2018-10-09', 7),
(362, '2018-11-24', 2),
(363, '2019-09-20', 65),
(364, '2019-07-22', 57),
(365, '2019-05-25', 17),
(366, '2019-08-28', 36),
(367, '2019-01-17', 26),
(368, '2019-08-06', 55),
(369, '2019-08-15', 32),
(370, '2019-01-08', 68),
(371, '2019-02-08', 73),
(372, '2018-10-01', 78),
(373, '2019-03-26', 50),
(374, '2019-09-25', 16),
(375, '2018-10-10', 50),
(376, '2018-11-26', 56),
(377, '2019-05-29', 50),
(378, '2019-04-25', 24),
(379, '2019-06-21', 35),
(380, '2019-02-08', 37),
(381, '2018-10-27', 81),
(382, '2019-04-09', 62),
(383, '2018-11-18', 61),
(384, '2019-06-28', 68),
(385, '2018-12-06', 96),
(386, '2018-10-03', 95),
(387, '2019-08-17', 2),
(388, '2019-04-08', 90),
(389, '2018-11-01', 18),
(390, '2018-12-29', 31),
(391, '2019-07-18', 76),
(392, '2019-07-05', 97),
(393, '2019-01-20', 66),
(394, '2019-01-18', 83),
(395, '2019-08-07', 33),
(396, '2019-06-12', 77),
(397, '2018-11-12', 84),
(398, '2019-05-11', 16),
(399, '2019-07-29', 30),
(400, '2018-10-02', 86),
(401, '2019-04-20', 37),
(402, '2019-06-28', 73),
(403, '2019-09-13', 42),
(404, '2019-04-26', 60),
(405, '2019-05-09', 96),
(406, '2019-01-10', 92),
(407, '2019-02-20', 12),
(408, '2019-01-03', 75),
(409, '2019-04-17', 38),
(410, '2019-07-13', 11),
(411, '2019-06-24', 72),
(412, '2019-03-02', 71),
(413, '2019-04-27', 61),
(414, '2019-06-19', 5),
(415, '2019-07-21', 68),
(416, '2018-12-30', 49),
(417, '2019-04-24', 52),
(418, '2018-11-11', 64),
(419, '2019-01-23', 31),
(420, '2019-07-28', 99),
(421, '2018-12-23', 83),
(422, '2019-07-22', 64),
(423, '2019-06-06', 81),
(424, '2019-04-23', 49),
(425, '2019-07-11', 13),
(426, '2019-05-31', 39),
(427, '2018-12-30', 15),
(428, '2019-07-18', 85),
(429, '2019-01-09', 78),
(430, '2019-08-01', 44),
(431, '2019-06-29', 42),
(432, '2019-02-04', 60),
(433, '2019-02-19', 23),
(434, '2019-01-30', 81),
(435, '2019-09-26', 52),
(436, '2018-12-27', 39),
(437, '2018-11-08', 52),
(438, '2019-05-01', 85),
(439, '2019-04-20', 1),
(440, '2019-03-08', 19),
(441, '2018-12-17', 17),
(442, '2018-10-17', 20),
(443, '2019-03-12', 36),
(444, '2019-08-30', 41),
(445, '2019-01-27', 74),
(446, '2019-07-19', 84),
(447, '2019-03-21', 39),
(448, '2019-02-03', 21),
(449, '2018-10-12', 39),
(450, '2019-02-28', 96),
(451, '2018-10-06', 42),
(452, '2019-02-18', 33),
(453, '2019-02-07', 5),
(454, '2019-03-25', 99),
(455, '2019-01-16', 80),
(456, '2019-04-27', 4),
(457, '2019-01-15', 56),
(458, '2019-05-13', 84),
(459, '2019-04-15', 41),
(460, '2019-09-12', 22),
(461, '2019-05-17', 12),
(462, '2019-08-27', 20),
(463, '2019-06-05', 12),
(464, '2018-11-07', 16),
(465, '2019-06-27', 21),
(466, '2019-04-22', 71),
(467, '2019-06-21', 72),
(468, '2019-02-26', 79),
(469, '2018-11-15', 70),
(470, '2019-09-07', 15),
(471, '2019-06-13', 79),
(472, '2019-02-12', 96),
(473, '2018-12-04', 95),
(474, '2018-11-19', 36),
(475, '2019-05-22', 6),
(476, '2019-07-08', 85),
(477, '2019-04-07', 41),
(478, '2018-11-05', 43),
(479, '2019-01-13', 73),
(480, '2018-10-17', 25),
(481, '2019-08-22', 86),
(482, '2019-09-30', 38),
(483, '2019-05-31', 65),
(484, '2019-05-10', 62),
(485, '2019-06-22', 29),
(486, '2019-07-08', 62),
(487, '2019-07-05', 92),
(488, '2019-02-22', 45),
(489, '2019-01-19', 73),
(490, '2019-09-23', 25),
(491, '2019-02-15', 90),
(492, '2019-04-27', 49),
(493, '2019-04-26', 28),
(494, '2019-04-12', 25),
(495, '2019-05-11', 31),
(496, '2018-11-02', 58),
(497, '2019-04-19', 78),
(498, '2019-01-12', 24),
(499, '2019-04-28', 2),
(500, '2019-03-22', 6);

-- --------------------------------------------------------

--
-- Tabellenstruktur für Tabelle `exam_result`
--

CREATE TABLE `exam_result` (
  `exam_id` bigint(20) UNSIGNED NOT NULL,
  `student_id` bigint(20) UNSIGNED NOT NULL,
  `mark` decimal(3,2) UNSIGNED NOT NULL
) ENGINE=InnoDB DEFAULT CHARSET=latin1;

--
-- Daten für Tabelle `exam_result`
--

INSERT INTO `exam_result` (`exam_id`, `student_id`, `mark`) VALUES
(1, 241, '1.80'),
(1, 349, '3.80'),
(1, 710, '3.60'),
(2, 815, '5.10'),
(2, 902, '4.10'),
(3, 104, '4.50'),
(3, 179, '5.40'),
(3, 304, '3.90'),
(3, 427, '5.60'),
(3, 537, '3.10'),
(3, 662, '1.80'),
(3, 911, '5.20'),
(4, 244, '5.20'),
(4, 345, '4.70'),
(4, 350, '4.80'),
(4, 643, '2.80'),
(4, 738, '2.70'),
(4, 943, '4.30'),
(5, 506, '5.90'),
(5, 517, '4.10'),
(5, 588, '4.90'),
(5, 684, '2.20'),
(5, 919, '2.20'),
(5, 978, '4.40'),
(6, 527, '4.00'),
(7, 131, '1.10'),
(7, 378, '3.30'),
(7, 537, '3.90'),
(7, 624, '1.30'),
(7, 676, '4.80'),
(7, 755, '1.10'),
(7, 969, '4.60'),
(8, 255, '5.60'),
(8, 322, '1.60'),
(8, 336, '2.50'),
(8, 987, '2.90'),
(9, 336, '1.10'),
(9, 602, '3.60'),
(9, 737, '3.20'),
(10, 582, '1.10'),
(10, 648, '2.00'),
(10, 689, '2.20'),
(10, 727, '3.20'),
(11, 179, '5.40'),
(11, 240, '2.00'),
(12, 579, '2.20'),
(12, 764, '1.20'),
(12, 826, '4.60'),
(13, 286, '2.50'),
(13, 805, '2.70'),
(13, 819, '2.60'),
(14, 659, '1.40'),
(14, 720, '1.30'),
(15, 113, '3.70'),
(15, 140, '4.00'),
(15, 259, '3.30'),
(15, 737, '2.70'),
(15, 782, '2.20'),
(16, 148, '2.20'),
(16, 340, '2.00'),
(16, 425, '1.30'),
(16, 573, '1.20'),
(16, 708, '5.60'),
(16, 810, '5.80'),
(17, 154, '3.90'),
(17, 156, '1.20'),
(17, 320, '5.80'),
(17, 397, '1.90'),
(17, 751, '1.90'),
(18, 334, '2.40'),
(18, 555, '3.60'),
(19, 137, '2.00'),
(19, 306, '4.40'),
(19, 578, '2.60'),
(19, 607, '5.50'),
(19, 759, '4.60'),
(20, 210, '1.40'),
(20, 221, '5.50'),
(20, 582, '4.30'),
(20, 725, '4.90'),
(20, 755, '5.40'),
(20, 915, '5.50'),
(21, 102, '2.10'),
(21, 185, '4.50'),
(21, 818, '2.90'),
(22, 146, '2.00'),
(22, 377, '5.80'),
(22, 565, '5.40'),
(22, 769, '4.50'),
(22, 871, '5.80'),
(23, 139, '2.80'),
(23, 260, '4.30'),
(23, 321, '2.40'),
(23, 330, '1.90'),
(23, 782, '1.80'),
(24, 201, '5.50'),
(24, 585, '3.30'),
(24, 674, '1.30'),
(24, 719, '1.00'),
(24, 931, '2.10'),
(25, 423, '2.30'),
(25, 458, '4.20'),
(25, 629, '2.40'),
(25, 823, '5.00'),
(25, 871, '2.60'),
(26, 798, '1.50'),
(27, 226, '1.50'),
(27, 240, '1.30'),
(27, 399, '4.80'),
(27, 790, '1.70'),
(28, 248, '4.00'),
(28, 662, '4.00'),
(28, 668, '2.30'),
(28, 742, '3.40'),
(29, 288, '2.90'),
(29, 481, '1.20'),
(29, 999, '2.90'),
(30, 120, '2.00'),
(30, 228, '4.70'),
(30, 508, '3.40'),
(30, 627, '5.30'),
(30, 649, '4.20'),
(30, 665, '3.90'),
(30, 806, '1.50'),
(30, 870, '1.80'),
(30, 965, '5.30'),
(31, 209, '5.80'),
(31, 547, '2.20'),
(31, 791, '1.10'),
(31, 872, '5.50'),
(31, 892, '6.00'),
(31, 900, '4.40'),
(31, 961, '3.10'),
(32, 278, '3.00'),
(32, 303, '5.50'),
(32, 308, '1.30'),
(32, 631, '5.20'),
(32, 999, '3.50'),
(33, 436, '5.10'),
(33, 507, '5.30'),
(33, 944, '2.80'),
(34, 286, '3.30'),
(34, 439, '5.90'),
(35, 226, '1.90'),
(35, 576, '5.80'),
(35, 651, '1.30'),
(35, 789, '4.10'),
(35, 836, '1.60'),
(36, 393, '2.20'),
(36, 418, '4.80'),
(36, 516, '2.20'),
(36, 686, '3.00'),
(36, 859, '4.70'),
(37, 217, '2.10'),
(37, 291, '6.00'),
(37, 413, '2.50'),
(37, 533, '2.00'),
(37, 717, '2.20'),
(37, 800, '5.30'),
(38, 409, '3.80'),
(38, 464, '4.40'),
(39, 213, '5.20'),
(39, 246, '2.80'),
(39, 724, '1.00'),
(39, 774, '2.70'),
(39, 819, '2.40'),
(39, 886, '2.60'),
(39, 948, '1.80'),
(40, 123, '5.20'),
(40, 354, '3.10'),
(40, 390, '4.40'),
(41, 727, '1.80'),
(41, 781, '3.20'),
(42, 233, '5.70'),
(42, 400, '1.70'),
(42, 439, '5.30'),
(42, 483, '2.90'),
(42, 633, '5.30'),
(42, 873, '6.00'),
(43, 158, '4.00'),
(43, 304, '1.30'),
(43, 494, '4.30'),
(43, 809, '4.40'),
(44, 375, '4.20'),
(44, 453, '5.20'),
(44, 508, '5.90'),
(44, 558, '5.70'),
(44, 703, '5.40'),
(44, 885, '6.00'),
(45, 488, '3.00'),
(45, 571, '2.00'),
(45, 588, '1.20'),
(45, 732, '2.20'),
(46, 463, '5.10'),
(46, 477, '2.20'),
(46, 756, '3.00'),
(46, 939, '5.40'),
(47, 237, '1.20'),
(47, 446, '1.90'),
(48, 158, '2.30'),
(48, 464, '2.30'),
(48, 841, '3.90'),
(48, 857, '3.10'),
(49, 125, '1.80'),
(49, 168, '6.00'),
(49, 411, '4.50'),
(49, 537, '4.20'),
(49, 678, '2.80'),
(49, 764, '2.80'),
(49, 870, '2.70'),
(49, 947, '3.70'),
(50, 871, '3.80'),
(51, 179, '3.00'),
(51, 748, '3.30'),
(51, 793, '3.40'),
(52, 402, '2.50'),
(52, 611, '4.30'),
(52, 716, '1.70'),
(52, 829, '2.60'),
(52, 873, '3.50'),
(53, 423, '3.20'),
(53, 808, '4.50'),
(53, 988, '3.30'),
(54, 324, '3.80'),
(54, 408, '5.30'),
(54, 795, '5.50'),
(54, 918, '1.50'),
(55, 564, '1.60'),
(55, 712, '1.50'),
(55, 752, '1.40'),
(56, 595, '5.50'),
(56, 637, '5.70'),
(56, 702, '2.90'),
(57, 349, '1.10'),
(57, 383, '4.30'),
(57, 709, '5.20'),
(58, 277, '3.20'),
(58, 816, '3.10'),
(59, 497, '5.60'),
(59, 538, '1.80'),
(59, 824, '2.70'),
(60, 710, '3.00'),
(60, 712, '3.00'),
(60, 914, '1.10'),
(61, 289, '3.60'),
(61, 653, '1.60'),
(61, 850, '1.50'),
(62, 107, '1.50'),
(62, 262, '5.20'),
(62, 757, '3.70'),
(63, 152, '3.80'),
(63, 373, '3.60'),
(63, 542, '3.80'),
(63, 659, '5.30'),
(63, 715, '1.30'),
(63, 864, '5.50'),
(64, 318, '4.00'),
(64, 391, '2.10'),
(64, 594, '2.30'),
(64, 874, '2.60'),
(65, 128, '4.10'),
(65, 419, '3.00'),
(65, 710, '2.80'),
(65, 915, '3.20'),
(66, 113, '2.80'),
(66, 147, '5.80'),
(66, 481, '1.50'),
(66, 712, '3.90'),
(66, 918, '5.70'),
(67, 140, '4.10'),
(67, 201, '2.30'),
(67, 231, '1.30'),
(67, 260, '2.70'),
(67, 291, '5.30'),
(67, 447, '2.30'),
(67, 730, '4.90'),
(67, 782, '5.30'),
(68, 484, '5.20'),
(69, 779, '1.90'),
(70, 240, '3.40'),
(70, 417, '4.40'),
(70, 486, '3.30'),
(70, 878, '4.30'),
(71, 401, '5.50'),
(71, 522, '5.20'),
(71, 732, '4.00'),
(72, 418, '3.90'),
(72, 577, '4.90'),
(73, 732, '2.80'),
(73, 847, '5.00'),
(73, 950, '3.40'),
(73, 962, '5.00'),
(74, 559, '1.90'),
(74, 756, '4.80'),
(75, 310, '5.30'),
(75, 628, '2.10'),
(75, 853, '3.00'),
(75, 931, '2.80'),
(76, 269, '1.40'),
(76, 828, '1.80'),
(76, 849, '5.00'),
(76, 943, '3.00'),
(76, 986, '5.00'),
(77, 171, '4.90'),
(77, 251, '1.10'),
(77, 396, '4.50'),
(77, 694, '1.90'),
(77, 898, '2.80'),
(77, 975, '5.10'),
(78, 152, '1.00'),
(78, 412, '3.20'),
(78, 651, '5.40'),
(79, 279, '5.10'),
(79, 363, '1.90'),
(79, 571, '1.90'),
(79, 598, '3.10'),
(79, 812, '2.60'),
(79, 952, '4.90'),
(80, 249, '5.60'),
(80, 297, '2.80'),
(80, 353, '1.90'),
(80, 359, '4.90'),
(80, 418, '3.10'),
(80, 450, '2.10'),
(80, 813, '3.30'),
(80, 980, '5.30'),
(81, 309, '4.80'),
(82, 221, '5.20'),
(82, 256, '5.70'),
(82, 356, '1.00'),
(82, 401, '4.20'),
(82, 714, '3.30'),
(82, 841, '3.90'),
(82, 963, '1.60'),
(83, 254, '3.10'),
(83, 913, '4.00'),
(84, 194, '2.60'),
(84, 398, '4.80'),
(84, 604, '4.50'),
(84, 766, '4.60'),
(85, 299, '4.40'),
(85, 523, '4.50'),
(85, 820, '2.00'),
(86, 324, '3.80'),
(86, 412, '3.30'),
(86, 656, '4.90'),
(87, 182, '3.80'),
(87, 218, '5.70'),
(87, 266, '5.80'),
(87, 419, '1.20'),
(87, 495, '4.50'),
(87, 627, '1.60'),
(88, 144, '1.60'),
(88, 546, '5.70'),
(89, 149, '4.60'),
(89, 338, '5.10'),
(89, 600, '3.00'),
(89, 949, '1.50'),
(90, 238, '5.50'),
(90, 284, '1.60'),
(90, 412, '1.30'),
(90, 642, '5.10'),
(90, 654, '3.10'),
(90, 804, '2.60'),
(91, 518, '1.50'),
(91, 856, '5.30'),
(92, 191, '2.80'),
(92, 451, '4.00'),
(92, 981, '4.30'),
(93, 263, '5.90'),
(93, 398, '5.30'),
(93, 554, '4.10'),
(93, 636, '5.60'),
(94, 148, '2.10'),
(94, 190, '1.80'),
(94, 334, '3.90'),
(95, 175, '5.10'),
(95, 504, '1.40'),
(95, 564, '2.50'),
(95, 982, '3.30'),
(96, 231, '4.60'),
(96, 461, '3.00'),
(96, 586, '2.40'),
(96, 612, '2.40'),
(96, 736, '1.50'),
(97, 336, '5.50'),
(97, 561, '5.20'),
(97, 950, '3.30'),
(98, 152, '3.20'),
(98, 164, '1.50'),
(98, 281, '2.10'),
(98, 518, '5.20'),
(98, 647, '3.70'),
(98, 805, '2.40'),
(99, 325, '5.70'),
(99, 505, '3.00'),
(99, 822, '5.80'),
(100, 563, '2.20'),
(100, 753, '3.50'),
(100, 954, '5.80'),
(101, 165, '3.60'),
(101, 234, '5.50'),
(101, 496, '1.00'),
(101, 769, '5.20'),
(101, 862, '2.80'),
(102, 180, '2.90'),
(103, 276, '1.20'),
(103, 808, '2.80'),
(103, 857, '2.90'),
(103, 892, '3.00'),
(104, 469, '5.30'),
(104, 668, '5.20'),
(104, 680, '4.00'),
(104, 788, '2.50'),
(104, 828, '4.90'),
(104, 925, '3.30'),
(105, 466, '5.70'),
(105, 555, '2.40'),
(105, 566, '5.20'),
(105, 846, '1.80'),
(106, 520, '2.70'),
(106, 544, '3.70'),
(106, 914, '3.60'),
(107, 434, '3.90'),
(107, 614, '3.90'),
(107, 791, '2.00'),
(108, 141, '3.10'),
(108, 394, '1.60'),
(108, 422, '3.40'),
(108, 469, '2.40'),
(108, 473, '5.10'),
(108, 557, '2.30'),
(108, 565, '1.90'),
(108, 872, '1.00'),
(108, 911, '1.40'),
(108, 915, '2.80'),
(108, 920, '2.60'),
(109, 116, '1.60'),
(109, 232, '5.50'),
(109, 323, '4.00'),
(109, 729, '3.10'),
(109, 833, '5.10'),
(110, 117, '5.90'),
(110, 335, '1.70'),
(111, 333, '2.30'),
(111, 520, '2.50'),
(111, 749, '2.50'),
(111, 761, '2.90'),
(112, 301, '1.80'),
(112, 599, '4.10'),
(112, 708, '5.20'),
(112, 941, '5.50'),
(112, 969, '2.50'),
(113, 291, '1.00'),
(113, 394, '1.10'),
(113, 479, '1.30'),
(113, 809, '5.50'),
(113, 870, '3.90'),
(113, 979, '4.50'),
(114, 162, '2.40'),
(114, 416, '3.00'),
(114, 924, '5.90'),
(114, 940, '1.50'),
(114, 972, '1.90'),
(115, 256, '4.30'),
(115, 295, '5.00'),
(115, 369, '1.50'),
(115, 579, '5.00'),
(116, 159, '4.40'),
(116, 629, '3.10'),
(116, 764, '2.30'),
(116, 907, '5.50'),
(116, 908, '5.50'),
(117, 236, '1.20'),
(117, 238, '4.60'),
(117, 349, '1.90'),
(117, 581, '5.30'),
(117, 759, '5.90'),
(117, 814, '4.70'),
(117, 1000, '3.60'),
(118, 155, '3.50'),
(118, 327, '5.00'),
(118, 551, '5.90'),
(119, 340, '3.80'),
(119, 490, '4.20'),
(119, 520, '5.10'),
(120, 180, '2.60'),
(120, 469, '1.10'),
(120, 586, '3.40'),
(120, 632, '4.60'),
(120, 708, '1.60'),
(120, 784, '3.80'),
(120, 844, '2.90'),
(120, 880, '5.40'),
(121, 580, '1.90'),
(121, 637, '5.20'),
(121, 717, '5.30'),
(122, 257, '3.20'),
(122, 527, '4.70'),
(122, 665, '4.80'),
(122, 765, '3.00'),
(122, 966, '2.90'),
(123, 441, '3.80'),
(123, 665, '2.00'),
(123, 742, '4.40'),
(124, 455, '5.00'),
(124, 592, '5.60'),
(124, 625, '2.00'),
(124, 821, '5.30'),
(125, 182, '3.20'),
(125, 194, '3.90'),
(125, 271, '5.20'),
(125, 383, '4.80'),
(125, 428, '4.20'),
(125, 590, '5.80'),
(126, 222, '2.90'),
(126, 457, '6.00'),
(126, 780, '4.30'),
(126, 917, '1.50'),
(127, 129, '4.70'),
(127, 360, '1.60'),
(127, 470, '5.10'),
(127, 791, '2.50'),
(127, 837, '1.70'),
(128, 133, '1.40'),
(128, 276, '5.40'),
(128, 967, '4.90'),
(129, 158, '3.80'),
(129, 432, '2.10'),
(129, 443, '3.70'),
(129, 598, '3.70'),
(129, 754, '1.90'),
(130, 301, '4.60'),
(130, 667, '1.60'),
(130, 997, '4.60'),
(131, 233, '5.80'),
(131, 645, '2.60'),
(131, 841, '2.20'),
(131, 882, '5.00'),
(132, 433, '2.50'),
(132, 737, '5.90'),
(132, 914, '5.80'),
(133, 231, '1.20'),
(133, 339, '5.30'),
(133, 618, '3.50'),
(133, 653, '4.40'),
(134, 116, '1.70'),
(134, 179, '5.30'),
(134, 508, '4.20'),
(134, 675, '4.80'),
(134, 689, '5.80'),
(134, 827, '5.50'),
(134, 902, '2.10'),
(134, 951, '5.20'),
(135, 136, '2.80'),
(135, 547, '1.70'),
(135, 575, '5.80'),
(135, 707, '5.10'),
(136, 121, '5.60'),
(136, 484, '1.40'),
(136, 749, '3.70'),
(136, 861, '4.10'),
(137, 202, '5.10'),
(137, 398, '4.20'),
(137, 794, '1.60'),
(137, 899, '4.70'),
(138, 268, '1.60'),
(138, 345, '2.90'),
(138, 616, '3.90'),
(139, 281, '1.10'),
(139, 429, '2.40'),
(140, 154, '2.80'),
(140, 158, '3.10'),
(140, 342, '2.40'),
(140, 611, '5.90'),
(140, 969, '1.40'),
(141, 128, '5.10'),
(141, 276, '2.60'),
(141, 305, '3.10'),
(142, 247, '5.90'),
(142, 422, '5.70'),
(142, 423, '4.80'),
(142, 521, '3.30'),
(142, 846, '2.30'),
(142, 847, '1.70'),
(143, 283, '2.30'),
(143, 547, '3.50'),
(143, 833, '2.90'),
(144, 138, '5.40'),
(144, 498, '3.60'),
(144, 514, '4.60'),
(144, 647, '4.40'),
(144, 907, '4.10'),
(145, 198, '4.10'),
(145, 602, '2.40'),
(145, 676, '1.30'),
(145, 904, '5.20'),
(146, 169, '2.60'),
(146, 275, '3.70'),
(146, 295, '3.20'),
(146, 326, '5.70'),
(146, 484, '6.00'),
(146, 804, '3.40'),
(146, 871, '2.70'),
(146, 897, '1.80'),
(147, 189, '5.70'),
(147, 616, '5.80'),
(147, 677, '4.00'),
(147, 790, '2.70'),
(148, 214, '5.90'),
(148, 220, '2.50'),
(148, 528, '1.80'),
(149, 265, '2.10'),
(149, 317, '3.60'),
(149, 666, '6.00'),
(149, 740, '5.90'),
(149, 829, '1.10'),
(150, 163, '1.60'),
(150, 586, '3.40'),
(150, 835, '3.90'),
(151, 368, '2.60'),
(152, 120, '5.80'),
(152, 210, '2.30'),
(152, 612, '2.10'),
(153, 540, '5.30'),
(153, 822, '3.10'),
(154, 406, '5.60'),
(154, 471, '4.80'),
(154, 673, '2.70'),
(154, 787, '2.50'),
(154, 946, '5.20'),
(155, 281, '3.00'),
(155, 797, '3.70'),
(155, 883, '4.70'),
(155, 999, '4.50'),
(156, 284, '3.50'),
(156, 798, '3.60'),
(157, 353, '2.30'),
(157, 388, '2.80'),
(157, 416, '1.60'),
(157, 426, '2.70'),
(158, 489, '1.80'),
(158, 613, '2.40'),
(159, 195, '3.80'),
(159, 342, '4.90'),
(159, 363, '2.30'),
(159, 472, '1.70'),
(159, 939, '3.90'),
(159, 982, '4.10'),
(160, 116, '3.60'),
(160, 780, '4.30'),
(160, 944, '1.50'),
(161, 114, '1.50'),
(161, 139, '1.30'),
(161, 214, '3.70'),
(161, 218, '4.60'),
(161, 809, '1.40'),
(161, 817, '1.80'),
(161, 946, '3.40'),
(161, 1000, '5.50'),
(162, 261, '2.80'),
(162, 437, '3.10'),
(162, 444, '3.50'),
(163, 173, '5.20'),
(163, 339, '1.10'),
(163, 446, '5.00'),
(163, 573, '2.10'),
(164, 299, '3.80'),
(164, 441, '4.90'),
(164, 585, '3.80'),
(165, 421, '1.50'),
(165, 598, '4.40'),
(165, 644, '1.10'),
(165, 730, '3.70'),
(165, 888, '2.50'),
(166, 191, '1.30'),
(166, 692, '4.60'),
(166, 838, '4.60'),
(166, 891, '3.30'),
(166, 990, '2.70'),
(167, 218, '4.30'),
(167, 439, '4.00'),
(167, 451, '2.50'),
(167, 476, '3.60'),
(168, 116, '4.50'),
(168, 450, '4.20'),
(168, 619, '1.40'),
(168, 806, '5.70'),
(168, 852, '2.10'),
(168, 914, '2.50'),
(168, 999, '5.00'),
(169, 208, '2.90'),
(169, 353, '1.00'),
(169, 395, '1.90'),
(170, 264, '3.90'),
(170, 877, '3.70'),
(171, 125, '3.40'),
(171, 376, '2.30'),
(171, 536, '3.20'),
(171, 588, '2.60'),
(172, 140, '3.40'),
(172, 225, '5.70'),
(173, 265, '5.00'),
(173, 298, '5.10'),
(173, 318, '4.80'),
(173, 403, '5.60'),
(173, 644, '1.60'),
(173, 647, '2.40'),
(174, 618, '2.70'),
(174, 755, '5.10'),
(175, 175, '3.10'),
(175, 229, '1.30'),
(175, 281, '4.10'),
(175, 352, '2.70'),
(175, 527, '1.50'),
(175, 774, '2.70'),
(175, 855, '2.30'),
(176, 131, '6.00'),
(176, 204, '2.80'),
(176, 677, '2.30'),
(176, 774, '5.70'),
(176, 933, '1.40'),
(177, 347, '4.00'),
(177, 675, '2.40'),
(177, 943, '1.90'),
(177, 956, '2.90'),
(178, 120, '2.30'),
(178, 259, '2.00'),
(178, 802, '5.00'),
(178, 925, '3.00'),
(179, 223, '3.10'),
(179, 685, '1.70'),
(179, 761, '1.60'),
(180, 474, '2.00'),
(181, 214, '5.20'),
(181, 215, '2.90'),
(181, 453, '3.40'),
(181, 575, '2.00'),
(182, 111, '4.10'),
(182, 222, '2.20'),
(182, 307, '3.00'),
(183, 232, '1.40'),
(183, 432, '1.60'),
(183, 493, '4.40'),
(183, 898, '2.80'),
(184, 326, '4.90'),
(184, 336, '1.90'),
(184, 388, '4.20'),
(184, 867, '2.70'),
(185, 494, '1.90'),
(185, 832, '3.50'),
(185, 889, '1.30'),
(186, 383, '5.00'),
(186, 393, '5.40'),
(186, 642, '4.90'),
(186, 905, '3.50'),
(187, 208, '5.40'),
(187, 529, '3.60'),
(187, 627, '3.10'),
(188, 391, '4.80'),
(188, 443, '3.00'),
(188, 663, '1.40'),
(188, 760, '5.20'),
(188, 791, '1.40'),
(188, 816, '2.90'),
(189, 150, '3.60'),
(189, 437, '2.30'),
(189, 659, '2.20'),
(189, 889, '3.80'),
(189, 904, '5.20'),
(189, 961, '1.60'),
(189, 998, '5.70'),
(190, 266, '1.00'),
(190, 350, '3.10'),
(190, 860, '4.10'),
(191, 270, '3.10'),
(191, 363, '4.00'),
(191, 746, '4.50'),
(192, 323, '3.80'),
(192, 414, '4.70'),
(192, 768, '2.30'),
(192, 781, '1.60'),
(192, 792, '1.60'),
(192, 883, '1.50'),
(193, 301, '5.70'),
(193, 346, '1.10'),
(193, 457, '5.50'),
(193, 805, '5.80'),
(193, 999, '2.70'),
(194, 320, '1.60'),
(194, 399, '4.80'),
(194, 519, '4.50'),
(194, 797, '2.00'),
(194, 817, '5.60'),
(194, 859, '4.50'),
(195, 217, '4.40'),
(195, 324, '2.10'),
(195, 444, '5.50'),
(195, 498, '3.40'),
(195, 562, '1.80'),
(195, 627, '5.20'),
(195, 827, '4.50'),
(196, 145, '4.80'),
(196, 173, '2.90'),
(196, 202, '4.90'),
(196, 330, '3.80'),
(196, 332, '1.50'),
(196, 351, '2.70'),
(196, 681, '5.10'),
(197, 642, '3.30'),
(197, 974, '4.00'),
(198, 548, '1.50'),
(198, 683, '3.50'),
(198, 705, '2.60'),
(199, 372, '1.60'),
(199, 819, '1.00'),
(200, 195, '2.30'),
(200, 542, '4.70'),
(200, 760, '2.80'),
(200, 851, '2.40'),
(201, 162, '4.70'),
(201, 314, '5.50'),
(201, 401, '5.80'),
(201, 558, '4.70'),
(201, 775, '4.60'),
(202, 307, '6.00'),
(202, 476, '2.70'),
(202, 760, '2.90'),
(202, 811, '5.30'),
(203, 550, '3.50'),
(203, 582, '3.20'),
(203, 696, '6.00'),
(203, 699, '2.30'),
(203, 937, '3.70'),
(204, 120, '4.10'),
(204, 264, '1.60'),
(204, 776, '3.10'),
(204, 911, '6.00'),
(204, 966, '2.80'),
(205, 291, '2.40'),
(205, 292, '2.60'),
(205, 506, '5.30'),
(206, 141, '3.40'),
(206, 493, '2.10'),
(207, 104, '5.20'),
(207, 367, '3.50'),
(207, 399, '5.70'),
(207, 409, '4.80'),
(207, 415, '1.00'),
(207, 486, '4.50'),
(207, 594, '1.20'),
(207, 618, '1.20'),
(207, 715, '5.90'),
(208, 169, '2.50'),
(208, 237, '3.40'),
(208, 386, '3.70'),
(208, 706, '5.90'),
(209, 505, '5.80'),
(209, 752, '4.70'),
(209, 814, '2.20'),
(210, 286, '4.60'),
(210, 508, '5.10'),
(210, 537, '4.00'),
(210, 541, '3.50'),
(210, 554, '3.10'),
(210, 638, '4.70'),
(210, 648, '2.00'),
(211, 147, '2.70'),
(211, 176, '5.40'),
(211, 234, '4.30'),
(211, 436, '5.40'),
(211, 718, '2.10'),
(212, 149, '2.00'),
(212, 546, '1.80'),
(212, 642, '1.70'),
(212, 910, '3.30'),
(213, 289, '4.90'),
(213, 292, '6.00'),
(213, 433, '2.20'),
(213, 817, '5.20'),
(214, 449, '3.30'),
(214, 706, '1.40'),
(214, 928, '3.60'),
(215, 167, '1.50'),
(215, 472, '5.60'),
(215, 994, '2.80'),
(216, 219, '1.30'),
(216, 265, '1.60'),
(216, 335, '4.50'),
(216, 497, '2.00'),
(216, 645, '4.60'),
(216, 920, '2.80'),
(217, 445, '1.50'),
(217, 746, '1.70'),
(217, 806, '3.70'),
(217, 901, '2.50'),
(217, 937, '1.70'),
(218, 779, '1.20'),
(218, 814, '4.30'),
(218, 922, '4.80'),
(218, 943, '4.20'),
(219, 351, '4.70'),
(219, 589, '1.90'),
(219, 724, '3.30'),
(220, 156, '1.60'),
(220, 298, '5.40'),
(220, 838, '2.30'),
(220, 951, '2.50'),
(221, 334, '2.40'),
(221, 420, '1.10'),
(221, 645, '2.20'),
(221, 903, '2.40'),
(222, 203, '4.20'),
(222, 249, '5.70'),
(222, 650, '4.10'),
(222, 750, '5.10'),
(223, 200, '5.60'),
(223, 709, '5.90'),
(223, 903, '5.30'),
(224, 241, '5.90'),
(224, 250, '1.70'),
(224, 480, '5.30'),
(224, 484, '1.90'),
(224, 750, '4.40'),
(224, 885, '5.80'),
(225, 455, '5.80'),
(225, 509, '1.90'),
(225, 798, '1.10'),
(226, 400, '2.90'),
(226, 771, '2.40'),
(226, 815, '2.40'),
(227, 123, '5.00'),
(227, 223, '3.30'),
(227, 283, '2.40'),
(227, 681, '4.10'),
(228, 378, '2.90'),
(228, 571, '4.70'),
(228, 572, '1.30'),
(228, 950, '5.60'),
(229, 112, '2.50'),
(229, 122, '2.70'),
(229, 654, '4.90'),
(229, 731, '1.30'),
(229, 936, '4.00'),
(229, 955, '4.70'),
(230, 104, '3.70'),
(230, 439, '4.50'),
(230, 726, '2.20'),
(230, 741, '4.10'),
(231, 125, '1.80'),
(231, 413, '1.00'),
(231, 428, '3.50'),
(231, 441, '2.00'),
(231, 971, '1.60'),
(232, 383, '3.20'),
(232, 687, '2.80'),
(233, 297, '1.30'),
(233, 771, '1.00'),
(234, 542, '3.20'),
(234, 745, '5.70'),
(234, 796, '3.00'),
(235, 876, '1.50'),
(236, 165, '5.50'),
(236, 221, '1.50'),
(236, 262, '5.20'),
(236, 287, '2.70'),
(236, 349, '3.00'),
(236, 371, '1.60'),
(237, 311, '2.10'),
(237, 374, '5.20'),
(237, 643, '1.60'),
(237, 767, '2.10'),
(238, 129, '2.50'),
(238, 488, '1.70'),
(238, 529, '6.00'),
(238, 681, '3.70'),
(239, 112, '3.20'),
(239, 216, '4.90'),
(239, 227, '5.90'),
(239, 275, '2.50'),
(239, 458, '1.70'),
(239, 763, '2.50'),
(239, 834, '3.40'),
(240, 151, '2.30'),
(240, 172, '1.40'),
(240, 546, '5.10'),
(240, 551, '2.40'),
(240, 569, '2.00'),
(240, 887, '1.20'),
(240, 935, '1.10'),
(241, 129, '1.30'),
(241, 261, '3.30'),
(241, 449, '2.40'),
(241, 463, '1.40'),
(241, 552, '4.60'),
(241, 647, '4.20'),
(242, 387, '3.80'),
(242, 633, '5.60'),
(242, 713, '2.00'),
(242, 745, '2.50'),
(243, 342, '4.90'),
(243, 721, '5.30'),
(243, 759, '1.30'),
(243, 760, '3.70'),
(244, 302, '5.90'),
(244, 380, '5.70'),
(244, 479, '1.10'),
(244, 641, '1.50'),
(244, 867, '2.90'),
(244, 877, '5.20'),
(245, 547, '1.00'),
(245, 656, '2.60'),
(245, 686, '3.00'),
(245, 790, '2.00'),
(245, 910, '3.50'),
(246, 864, '4.00'),
(246, 887, '3.80'),
(246, 894, '3.80'),
(247, 697, '4.30'),
(248, 501, '1.00'),
(248, 513, '5.80'),
(248, 640, '3.40'),
(248, 688, '5.80'),
(249, 109, '1.20'),
(250, 301, '1.10'),
(250, 573, '4.00'),
(250, 590, '1.30'),
(251, 183, '4.80'),
(251, 418, '3.40'),
(251, 459, '6.00'),
(251, 533, '5.00'),
(251, 751, '1.50'),
(251, 921, '4.60'),
(252, 121, '1.40'),
(252, 266, '3.70'),
(252, 837, '4.00'),
(253, 132, '3.40'),
(253, 167, '4.60'),
(253, 230, '1.30'),
(253, 249, '4.00'),
(253, 422, '3.90'),
(253, 464, '2.80'),
(254, 526, '4.90'),
(254, 698, '3.70'),
(254, 992, '5.70'),
(255, 146, '1.30'),
(255, 327, '1.40'),
(255, 346, '1.30'),
(255, 435, '4.10'),
(255, 466, '5.00'),
(255, 749, '2.70'),
(256, 327, '3.00'),
(256, 458, '1.60'),
(256, 744, '2.90'),
(257, 269, '4.80'),
(257, 334, '5.10'),
(257, 986, '3.00'),
(258, 249, '2.80'),
(258, 303, '4.30'),
(258, 318, '1.40'),
(258, 336, '1.20'),
(258, 474, '5.50'),
(258, 562, '4.00'),
(258, 699, '4.10'),
(258, 933, '2.90'),
(259, 280, '3.10'),
(259, 377, '4.00'),
(259, 529, '1.80'),
(259, 539, '5.20'),
(259, 890, '2.10'),
(260, 395, '3.30'),
(260, 483, '5.90'),
(261, 682, '5.70'),
(262, 101, '3.10'),
(262, 165, '2.90'),
(262, 325, '3.80'),
(262, 439, '2.20'),
(263, 258, '5.00'),
(263, 425, '3.30'),
(263, 811, '2.10'),
(264, 642, '3.80'),
(264, 679, '3.80'),
(264, 749, '1.90'),
(264, 863, '2.70'),
(264, 970, '5.50'),
(265, 130, '5.10'),
(265, 249, '3.40'),
(265, 313, '2.00'),
(265, 493, '4.60'),
(265, 545, '3.10'),
(265, 604, '5.10'),
(265, 771, '2.60'),
(265, 780, '2.50'),
(265, 878, '4.80'),
(266, 156, '3.90'),
(266, 241, '3.10'),
(266, 384, '5.90'),
(266, 604, '1.00'),
(266, 694, '3.80'),
(266, 824, '2.00'),
(266, 934, '5.90'),
(266, 935, '1.60'),
(267, 203, '2.80'),
(267, 222, '4.90'),
(267, 575, '3.20'),
(267, 812, '1.50'),
(267, 941, '3.90'),
(267, 995, '2.00'),
(268, 231, '4.00'),
(268, 554, '5.70'),
(268, 680, '5.00'),
(268, 906, '1.90'),
(268, 917, '1.30'),
(268, 946, '2.00'),
(269, 275, '4.20'),
(269, 300, '3.20'),
(269, 307, '4.40'),
(269, 361, '5.80'),
(269, 428, '1.70'),
(269, 532, '1.60'),
(270, 181, '5.00'),
(270, 279, '5.90'),
(270, 817, '3.50'),
(270, 890, '5.40'),
(271, 498, '5.90'),
(271, 755, '2.20'),
(271, 869, '1.50'),
(271, 985, '5.10'),
(272, 556, '3.60'),
(272, 670, '1.70'),
(272, 844, '3.80'),
(272, 893, '3.70'),
(273, 337, '4.80'),
(273, 533, '1.80'),
(273, 581, '3.20'),
(273, 631, '2.20'),
(274, 142, '2.70'),
(274, 357, '5.50'),
(274, 375, '5.50'),
(274, 609, '4.50'),
(274, 919, '5.00'),
(274, 929, '2.50'),
(275, 290, '2.90'),
(275, 410, '4.00'),
(275, 505, '4.50'),
(275, 654, '5.40'),
(275, 831, '1.30'),
(276, 639, '1.70'),
(276, 703, '3.90'),
(276, 783, '5.70'),
(277, 126, '3.50'),
(277, 167, '2.30'),
(277, 550, '4.50'),
(277, 568, '2.80'),
(277, 751, '4.50'),
(277, 834, '5.80'),
(277, 859, '4.60'),
(277, 917, '3.00'),
(277, 975, '3.30'),
(278, 167, '2.70'),
(278, 540, '1.60'),
(278, 606, '4.30'),
(278, 665, '4.90'),
(278, 970, '1.30'),
(279, 344, '5.90'),
(279, 429, '5.60'),
(279, 431, '3.00'),
(279, 555, '4.90'),
(279, 727, '2.50'),
(279, 905, '1.50'),
(280, 207, '1.00'),
(280, 449, '1.50'),
(280, 532, '2.50'),
(280, 812, '3.00'),
(280, 844, '5.80'),
(280, 891, '3.60'),
(281, 423, '1.90'),
(281, 699, '1.00'),
(281, 957, '5.20'),
(282, 486, '2.50'),
(282, 853, '2.80'),
(283, 299, '5.50'),
(284, 188, '4.30'),
(284, 329, '1.00'),
(284, 393, '2.50'),
(284, 932, '3.30'),
(285, 174, '5.80'),
(285, 300, '5.10'),
(285, 502, '1.10'),
(285, 514, '5.30'),
(285, 647, '4.50'),
(285, 802, '1.10'),
(286, 670, '1.70'),
(286, 744, '2.70'),
(286, 806, '5.30'),
(287, 124, '1.50'),
(287, 127, '3.80'),
(287, 186, '2.50'),
(287, 251, '3.90'),
(287, 442, '4.30'),
(288, 453, '1.90'),
(288, 617, '3.90'),
(288, 800, '3.40'),
(288, 856, '5.30'),
(288, 981, '2.70'),
(289, 182, '5.90'),
(289, 311, '2.70'),
(289, 344, '4.40'),
(289, 430, '3.90'),
(289, 537, '2.70'),
(289, 714, '3.40'),
(289, 874, '3.30'),
(290, 159, '2.80'),
(290, 179, '1.70'),
(290, 252, '3.30'),
(290, 382, '5.90'),
(290, 513, '3.10'),
(291, 249, '3.00'),
(291, 500, '1.60'),
(291, 541, '1.60'),
(291, 550, '5.80'),
(291, 918, '4.10'),
(292, 212, '1.70'),
(292, 270, '4.70'),
(292, 675, '4.90'),
(293, 160, '1.60'),
(293, 401, '2.60'),
(293, 423, '3.50'),
(293, 426, '3.00'),
(293, 660, '5.70'),
(293, 891, '1.10'),
(294, 405, '2.10'),
(294, 681, '3.40'),
(295, 211, '2.50'),
(295, 281, '4.00'),
(295, 481, '4.90'),
(295, 532, '2.70'),
(295, 758, '4.70'),
(295, 962, '2.10'),
(296, 183, '5.90'),
(296, 200, '2.10'),
(296, 306, '4.80'),
(296, 672, '3.60'),
(296, 680, '3.60'),
(297, 286, '1.30'),
(297, 302, '5.20'),
(297, 845, '6.00'),
(297, 968, '1.20'),
(298, 405, '5.30'),
(298, 471, '5.90'),
(298, 490, '2.10'),
(298, 518, '2.40'),
(298, 576, '2.00'),
(298, 796, '3.80'),
(298, 812, '4.10'),
(299, 263, '5.10'),
(299, 311, '2.60'),
(299, 630, '3.80'),
(299, 979, '5.30'),
(300, 290, '2.10'),
(300, 429, '5.50'),
(301, 118, '4.20'),
(301, 138, '3.60'),
(301, 335, '2.20'),
(301, 585, '3.10'),
(301, 594, '3.20'),
(301, 616, '2.80'),
(301, 787, '1.50'),
(301, 788, '5.00'),
(301, 834, '2.20'),
(301, 877, '4.50'),
(302, 186, '1.10'),
(302, 466, '4.80'),
(303, 264, '3.00'),
(303, 971, '2.90'),
(304, 243, '2.90'),
(304, 247, '4.30'),
(304, 478, '3.30'),
(304, 492, '2.40'),
(304, 756, '1.20'),
(305, 293, '1.40'),
(305, 725, '5.20'),
(305, 762, '3.20'),
(306, 262, '4.70'),
(306, 263, '3.90'),
(306, 457, '1.20'),
(306, 570, '3.70'),
(306, 655, '4.20'),
(307, 147, '1.80'),
(307, 449, '1.10'),
(307, 475, '3.80'),
(307, 776, '2.00'),
(307, 855, '2.10'),
(308, 250, '1.00'),
(308, 422, '4.50'),
(308, 437, '1.40'),
(308, 518, '3.90'),
(309, 316, '1.80'),
(309, 826, '1.70'),
(309, 882, '2.40'),
(309, 936, '1.40'),
(310, 126, '3.80'),
(310, 737, '2.00'),
(310, 951, '1.50'),
(311, 220, '3.20'),
(311, 724, '3.40'),
(311, 890, '3.20'),
(312, 131, '2.10'),
(312, 181, '4.70'),
(312, 324, '4.60'),
(312, 636, '5.60'),
(312, 820, '3.70'),
(312, 824, '4.60'),
(313, 440, '2.20'),
(313, 723, '2.90'),
(313, 864, '6.00'),
(314, 199, '2.00'),
(314, 248, '5.30'),
(314, 423, '5.40'),
(314, 501, '2.10'),
(314, 617, '5.20'),
(314, 682, '3.80'),
(315, 170, '4.00'),
(315, 375, '5.60'),
(315, 542, '5.40'),
(316, 195, '1.00'),
(316, 523, '5.20'),
(316, 574, '4.90'),
(316, 674, '4.20'),
(316, 944, '4.00'),
(317, 196, '1.10'),
(317, 581, '5.60'),
(318, 194, '1.40'),
(318, 216, '1.70'),
(318, 232, '1.10'),
(318, 740, '1.30'),
(319, 237, '4.40'),
(319, 406, '1.20'),
(319, 667, '4.60'),
(320, 146, '2.60'),
(320, 437, '3.90'),
(320, 589, '5.20'),
(320, 649, '5.90'),
(320, 931, '2.00'),
(321, 303, '3.10'),
(321, 447, '4.90'),
(322, 298, '2.30'),
(322, 607, '3.00'),
(322, 784, '4.90'),
(322, 820, '2.70'),
(322, 875, '2.50'),
(322, 917, '2.30'),
(323, 127, '5.30'),
(323, 208, '1.80'),
(323, 361, '5.30'),
(323, 669, '1.50'),
(324, 158, '2.70'),
(324, 486, '1.50'),
(324, 582, '2.70'),
(325, 267, '2.00'),
(325, 512, '1.00'),
(325, 736, '1.90'),
(325, 830, '3.20'),
(325, 958, '1.70'),
(326, 289, '3.10'),
(326, 602, '4.00'),
(326, 896, '2.60'),
(327, 117, '3.50'),
(327, 257, '4.70'),
(327, 687, '3.30'),
(327, 823, '5.80'),
(328, 155, '3.40'),
(328, 197, '5.80'),
(328, 564, '5.80'),
(328, 663, '2.00'),
(329, 388, '4.60'),
(329, 475, '5.90'),
(329, 654, '2.80'),
(329, 741, '5.00'),
(329, 962, '2.00'),
(330, 274, '2.70'),
(330, 524, '2.80'),
(330, 809, '4.00'),
(330, 889, '2.10'),
(330, 986, '1.80'),
(331, 341, '3.80'),
(331, 410, '1.30'),
(332, 230, '4.30'),
(332, 859, '3.30'),
(333, 111, '5.50'),
(333, 273, '2.80'),
(333, 403, '4.20'),
(333, 506, '5.10'),
(333, 685, '2.50'),
(333, 777, '3.50'),
(334, 254, '2.20'),
(334, 315, '5.00'),
(334, 777, '1.60'),
(334, 826, '5.70'),
(335, 136, '1.50'),
(335, 177, '1.50'),
(335, 243, '3.30'),
(335, 377, '1.40'),
(335, 583, '1.80'),
(335, 592, '1.40'),
(335, 965, '3.80'),
(336, 125, '5.10'),
(336, 310, '5.80'),
(336, 341, '4.10'),
(336, 889, '3.10'),
(337, 435, '2.50'),
(337, 815, '2.60'),
(338, 477, '4.90'),
(338, 504, '2.90'),
(338, 836, '4.90'),
(339, 189, '5.60'),
(339, 316, '4.60'),
(339, 401, '5.10'),
(339, 1000, '2.40'),
(340, 247, '2.50'),
(340, 371, '2.00'),
(340, 482, '1.80'),
(340, 627, '5.60'),
(340, 747, '5.50'),
(340, 844, '4.20'),
(340, 855, '2.10'),
(341, 132, '2.60'),
(341, 178, '3.10'),
(341, 307, '1.90'),
(341, 355, '4.50'),
(341, 644, '3.60'),
(341, 970, '3.20'),
(342, 274, '1.30'),
(342, 704, '5.50'),
(343, 581, '5.80'),
(343, 626, '4.10'),
(343, 822, '5.90'),
(343, 926, '5.90'),
(344, 458, '5.40'),
(344, 473, '2.90'),
(344, 579, '2.70'),
(345, 177, '4.30'),
(345, 446, '6.00'),
(345, 527, '3.00'),
(345, 664, '3.90'),
(346, 162, '3.50'),
(346, 699, '5.10'),
(346, 772, '4.60'),
(347, 105, '3.10'),
(347, 237, '3.30'),
(347, 334, '5.90'),
(347, 571, '1.20'),
(348, 258, '1.40'),
(348, 964, '3.20'),
(349, 213, '4.40'),
(349, 323, '2.30'),
(350, 358, '5.40'),
(350, 554, '2.20'),
(350, 826, '4.80'),
(350, 960, '2.90'),
(351, 396, '1.50'),
(351, 404, '3.00'),
(351, 441, '2.70'),
(351, 517, '1.30'),
(351, 900, '3.10'),
(351, 942, '2.00'),
(352, 260, '4.30'),
(352, 292, '4.20'),
(352, 787, '1.40'),
(352, 880, '3.60'),
(353, 131, '2.70'),
(353, 465, '1.90'),
(353, 623, '2.20'),
(353, 728, '5.80'),
(353, 989, '3.40'),
(353, 996, '1.20'),
(354, 171, '2.20'),
(354, 518, '5.90'),
(354, 818, '3.10'),
(355, 341, '2.00'),
(355, 413, '1.50'),
(355, 613, '1.70'),
(355, 875, '5.70'),
(356, 153, '4.50'),
(356, 199, '4.80'),
(356, 221, '3.70'),
(356, 445, '1.30'),
(356, 466, '3.40'),
(356, 865, '1.60'),
(356, 929, '1.40'),
(357, 190, '4.90'),
(357, 518, '2.70'),
(357, 563, '4.60'),
(357, 667, '2.00'),
(358, 319, '1.10'),
(358, 378, '2.40'),
(358, 534, '4.90'),
(358, 871, '2.90'),
(359, 249, '3.80'),
(359, 770, '2.90'),
(359, 886, '3.90'),
(360, 293, '4.50'),
(360, 488, '2.80'),
(360, 503, '4.80'),
(361, 442, '4.10'),
(361, 683, '3.00'),
(361, 818, '4.90'),
(362, 258, '5.90'),
(362, 667, '3.90'),
(362, 710, '4.00'),
(362, 942, '3.40'),
(362, 943, '2.50'),
(362, 977, '4.20'),
(363, 147, '5.00'),
(363, 619, '2.60'),
(363, 859, '3.90'),
(364, 238, '2.40'),
(364, 292, '1.20'),
(364, 920, '5.40'),
(365, 419, '5.20'),
(365, 847, '5.00'),
(366, 202, '5.40'),
(366, 654, '2.60'),
(367, 224, '5.40'),
(367, 350, '4.70'),
(367, 431, '4.10'),
(367, 488, '2.10'),
(368, 158, '5.70'),
(368, 203, '5.80'),
(368, 456, '6.00'),
(369, 208, '5.40'),
(369, 398, '4.20'),
(370, 134, '4.80'),
(370, 839, '3.80'),
(370, 851, '5.10'),
(371, 239, '3.20'),
(371, 415, '2.80'),
(371, 480, '3.90'),
(372, 286, '1.80'),
(372, 326, '3.80'),
(372, 534, '1.00'),
(373, 116, '3.50'),
(373, 172, '3.90'),
(373, 415, '2.60'),
(373, 610, '4.70'),
(373, 882, '5.60'),
(373, 963, '1.00'),
(374, 377, '3.20'),
(374, 697, '3.20'),
(375, 237, '2.20'),
(375, 261, '5.30'),
(375, 269, '3.30'),
(375, 294, '4.80'),
(375, 409, '3.10'),
(375, 419, '4.70'),
(375, 798, '2.30'),
(376, 196, '2.30'),
(376, 731, '2.00'),
(377, 429, '5.00'),
(377, 544, '4.70'),
(377, 660, '1.50'),
(377, 672, '5.80'),
(377, 799, '5.80'),
(378, 123, '3.10'),
(378, 236, '2.40'),
(378, 361, '5.80'),
(378, 621, '3.90'),
(378, 667, '2.60'),
(378, 803, '3.60'),
(378, 899, '4.70'),
(379, 119, '4.40'),
(379, 346, '1.30'),
(379, 355, '2.30'),
(379, 425, '5.60'),
(379, 709, '3.60'),
(380, 258, '4.00'),
(380, 364, '2.90'),
(380, 612, '3.20'),
(380, 744, '3.30'),
(380, 824, '3.40'),
(381, 451, '4.70'),
(381, 736, '2.90'),
(382, 110, '5.40'),
(382, 962, '5.00'),
(383, 198, '4.90'),
(383, 236, '4.90'),
(383, 905, '5.90'),
(384, 168, '3.80'),
(384, 280, '4.50'),
(384, 422, '4.30'),
(384, 473, '3.10'),
(384, 505, '1.50'),
(384, 563, '2.10'),
(384, 789, '1.00'),
(385, 247, '3.60'),
(385, 510, '1.70'),
(385, 682, '2.00'),
(385, 819, '5.90'),
(385, 859, '3.10'),
(386, 176, '5.80'),
(386, 528, '1.80'),
(386, 577, '2.70'),
(386, 652, '5.40'),
(386, 727, '4.70'),
(387, 750, '3.90'),
(388, 154, '5.10'),
(388, 400, '3.10'),
(388, 547, '5.00'),
(389, 246, '3.20'),
(389, 297, '2.40'),
(389, 621, '4.30'),
(389, 666, '1.20'),
(389, 791, '4.00'),
(389, 852, '5.30'),
(390, 161, '4.30'),
(390, 214, '4.00'),
(390, 666, '2.00'),
(390, 822, '2.10'),
(390, 943, '2.30'),
(391, 187, '2.50'),
(391, 253, '1.20'),
(391, 272, '3.10'),
(391, 371, '2.60'),
(391, 738, '5.70'),
(391, 917, '3.20'),
(392, 389, '3.80'),
(392, 591, '4.10'),
(392, 703, '2.30'),
(392, 716, '1.40'),
(392, 871, '1.60'),
(392, 931, '3.90'),
(392, 968, '5.90'),
(393, 580, '1.10'),
(393, 592, '1.70'),
(394, 479, '2.00'),
(394, 488, '3.10'),
(394, 616, '1.30'),
(394, 845, '3.90'),
(395, 335, '4.10'),
(395, 636, '1.70'),
(395, 765, '5.20'),
(395, 903, '5.50'),
(396, 650, '3.90'),
(396, 683, '2.60'),
(397, 348, '3.00'),
(397, 389, '3.30'),
(397, 473, '3.40'),
(398, 264, '5.80'),
(398, 395, '3.50'),
(398, 523, '4.30'),
(399, 137, '3.70'),
(399, 495, '2.20'),
(399, 637, '3.40'),
(399, 703, '1.80'),
(399, 773, '1.60'),
(399, 870, '2.90'),
(400, 101, '4.90'),
(400, 630, '5.70'),
(400, 853, '3.40'),
(400, 981, '1.20'),
(401, 109, '2.90'),
(401, 553, '1.50'),
(401, 635, '4.20'),
(401, 830, '4.80'),
(401, 987, '5.10'),
(402, 180, '4.20'),
(402, 487, '2.00'),
(402, 676, '3.70'),
(402, 688, '5.90'),
(402, 821, '4.90'),
(403, 205, '3.30'),
(403, 359, '3.00'),
(403, 630, '3.60'),
(403, 913, '5.60'),
(403, 928, '3.90'),
(404, 172, '2.50'),
(404, 582, '4.80'),
(404, 718, '5.90'),
(404, 737, '3.70'),
(404, 752, '2.60'),
(404, 790, '2.20'),
(405, 107, '1.20'),
(405, 398, '1.40'),
(405, 538, '2.10'),
(405, 644, '2.10'),
(405, 896, '3.50'),
(405, 998, '2.00'),
(406, 150, '4.50'),
(406, 321, '5.10'),
(406, 351, '3.80'),
(406, 370, '2.90'),
(406, 402, '4.70'),
(406, 424, '3.70'),
(406, 438, '3.70'),
(406, 506, '2.60'),
(406, 699, '1.60'),
(407, 545, '2.60'),
(407, 788, '3.20'),
(407, 974, '1.50'),
(408, 336, '1.50'),
(408, 357, '4.00'),
(408, 762, '2.10'),
(409, 430, '3.50'),
(409, 465, '3.70'),
(409, 556, '5.10'),
(409, 740, '1.00'),
(409, 946, '4.90'),
(410, 169, '2.60'),
(410, 410, '4.80'),
(410, 481, '5.90'),
(411, 246, '1.60'),
(411, 383, '2.90'),
(411, 504, '3.10'),
(411, 564, '3.90'),
(411, 631, '1.10'),
(411, 872, '4.90'),
(412, 139, '1.90'),
(412, 177, '3.60'),
(412, 518, '2.50'),
(412, 676, '5.80'),
(412, 711, '2.80'),
(412, 829, '3.50'),
(413, 123, '3.50'),
(413, 344, '5.40'),
(413, 520, '4.10'),
(413, 604, '3.60'),
(413, 786, '1.80'),
(413, 834, '4.80'),
(414, 266, '1.50'),
(414, 621, '5.00'),
(414, 652, '5.40'),
(414, 953, '5.10'),
(415, 138, '5.30'),
(416, 644, '2.40'),
(417, 302, '5.40'),
(417, 319, '3.70'),
(417, 364, '5.40'),
(417, 384, '3.80'),
(417, 452, '1.90'),
(417, 970, '5.70'),
(418, 182, '3.50'),
(418, 462, '3.50'),
(418, 567, '5.50'),
(418, 578, '3.30'),
(419, 113, '5.70'),
(419, 363, '4.50'),
(419, 511, '5.20'),
(420, 109, '5.00'),
(420, 579, '5.50'),
(421, 129, '1.40'),
(421, 218, '3.70'),
(421, 487, '5.40'),
(421, 747, '4.60'),
(421, 776, '2.40'),
(421, 783, '2.80'),
(422, 467, '2.70'),
(422, 515, '5.80'),
(422, 754, '5.40'),
(422, 989, '2.30'),
(423, 424, '4.70'),
(423, 483, '4.90'),
(423, 585, '2.50'),
(424, 178, '4.10'),
(424, 386, '1.20'),
(424, 865, '1.10'),
(425, 129, '3.50'),
(425, 296, '1.40'),
(425, 377, '5.70'),
(425, 535, '4.70'),
(426, 250, '4.60'),
(426, 568, '1.60'),
(426, 712, '3.00'),
(427, 210, '5.10'),
(427, 262, '5.20'),
(427, 606, '5.70'),
(427, 998, '4.90'),
(428, 230, '4.50'),
(428, 519, '5.50'),
(428, 763, '1.40'),
(429, 177, '1.40'),
(429, 290, '5.90'),
(429, 292, '3.30'),
(429, 423, '4.20'),
(429, 794, '2.10'),
(430, 507, '2.40'),
(430, 560, '4.20'),
(430, 575, '2.80'),
(430, 659, '2.80'),
(430, 921, '1.90'),
(431, 394, '4.20'),
(431, 463, '5.20'),
(432, 284, '1.60'),
(432, 973, '5.00'),
(433, 544, '5.70'),
(433, 890, '1.90'),
(434, 240, '2.40'),
(434, 241, '1.20'),
(434, 485, '3.50'),
(434, 654, '1.00'),
(434, 803, '5.40'),
(435, 482, '3.10'),
(435, 775, '4.60'),
(435, 882, '5.10'),
(435, 968, '5.50'),
(436, 230, '4.90'),
(436, 233, '5.80'),
(436, 345, '1.70'),
(436, 394, '1.40'),
(436, 410, '3.10'),
(436, 443, '3.10'),
(436, 584, '1.70'),
(436, 739, '3.80'),
(436, 755, '3.90'),
(436, 939, '3.30'),
(437, 490, '4.10'),
(437, 757, '3.00'),
(438, 615, '5.10'),
(438, 622, '5.40'),
(438, 875, '2.20'),
(439, 172, '6.00'),
(439, 373, '4.90'),
(439, 599, '1.80'),
(440, 205, '5.60'),
(440, 227, '3.90'),
(440, 469, '2.00'),
(440, 588, '1.50'),
(440, 629, '1.20'),
(440, 694, '3.10'),
(440, 717, '5.00'),
(440, 862, '1.10'),
(440, 868, '3.30'),
(440, 897, '2.50'),
(441, 632, '3.80'),
(441, 656, '3.00'),
(441, 776, '6.00'),
(441, 835, '3.50'),
(441, 944, '3.40'),
(442, 154, '3.30'),
(442, 352, '1.60'),
(442, 387, '5.00'),
(442, 531, '5.60'),
(442, 606, '1.50'),
(443, 861, '5.10'),
(444, 344, '3.30'),
(444, 629, '1.10'),
(444, 659, '4.20'),
(444, 680, '1.50'),
(444, 840, '1.80'),
(444, 955, '4.10'),
(445, 519, '5.50'),
(445, 666, '2.50'),
(445, 810, '3.20'),
(445, 931, '3.60'),
(446, 655, '2.30'),
(446, 808, '5.80'),
(447, 220, '4.90'),
(447, 233, '3.40'),
(447, 355, '5.40'),
(447, 389, '4.00'),
(447, 472, '3.40'),
(447, 580, '6.00'),
(447, 723, '2.10'),
(448, 131, '3.40'),
(448, 388, '4.40'),
(448, 779, '5.60'),
(449, 174, '4.00'),
(449, 416, '5.50'),
(449, 846, '3.70'),
(449, 983, '5.20'),
(450, 126, '5.70'),
(450, 193, '5.00'),
(450, 631, '1.40'),
(451, 304, '3.00'),
(451, 366, '5.20'),
(451, 547, '1.70'),
(451, 587, '5.80'),
(451, 873, '2.80'),
(452, 657, '4.50'),
(452, 970, '4.90'),
(453, 222, '2.80'),
(453, 274, '2.30'),
(453, 298, '3.60'),
(453, 339, '4.20'),
(453, 484, '2.10'),
(453, 506, '2.30'),
(453, 843, '1.90'),
(454, 856, '3.40'),
(455, 504, '4.40'),
(455, 697, '5.70'),
(456, 565, '1.30'),
(456, 628, '5.80'),
(456, 850, '2.00'),
(457, 166, '5.80'),
(457, 371, '3.60'),
(457, 421, '4.30'),
(457, 612, '2.30'),
(457, 799, '3.10'),
(457, 992, '5.70'),
(458, 167, '3.90'),
(458, 484, '2.20'),
(458, 540, '2.50'),
(458, 823, '1.20'),
(458, 996, '4.20'),
(459, 994, '1.10'),
(460, 149, '3.30'),
(460, 522, '1.80'),
(460, 655, '3.50'),
(460, 976, '3.10'),
(461, 102, '3.10'),
(461, 479, '4.70'),
(461, 564, '5.30'),
(461, 631, '1.20'),
(462, 177, '4.50'),
(462, 506, '5.50'),
(462, 848, '2.60'),
(463, 354, '1.30'),
(463, 896, '2.60'),
(464, 110, '1.10'),
(464, 454, '2.00'),
(464, 831, '3.30'),
(464, 839, '3.30'),
(465, 373, '2.80'),
(465, 384, '3.30'),
(465, 473, '1.10'),
(466, 184, '5.10'),
(466, 447, '2.10'),
(466, 501, '1.90'),
(466, 632, '1.30'),
(466, 719, '1.30'),
(466, 902, '3.60'),
(467, 189, '5.10'),
(467, 422, '2.90'),
(467, 640, '1.20'),
(467, 863, '4.50'),
(467, 893, '1.50'),
(468, 282, '3.60'),
(468, 531, '4.00'),
(468, 533, '1.40'),
(468, 761, '2.80'),
(468, 825, '5.80'),
(468, 880, '1.60'),
(469, 338, '2.30'),
(469, 946, '2.40'),
(470, 347, '1.30'),
(470, 375, '5.60'),
(470, 624, '1.30'),
(470, 785, '1.20'),
(470, 829, '5.70'),
(471, 347, '2.10'),
(471, 833, '2.90'),
(472, 183, '3.90'),
(472, 335, '3.80'),
(472, 375, '4.40'),
(472, 578, '3.60'),
(472, 927, '3.80'),
(473, 532, '2.00'),
(474, 342, '1.90'),
(475, 528, '3.70'),
(475, 775, '2.00'),
(475, 790, '2.60'),
(476, 721, '2.00'),
(476, 949, '4.00'),
(477, 279, '5.60'),
(477, 324, '1.50'),
(477, 511, '4.30'),
(477, 687, '1.60'),
(477, 946, '1.00'),
(478, 413, '2.60'),
(478, 732, '3.90'),
(478, 864, '4.80'),
(478, 904, '2.40'),
(478, 924, '5.10'),
(479, 383, '2.20'),
(479, 544, '5.90'),
(479, 588, '4.90'),
(479, 636, '5.20'),
(479, 789, '6.00'),
(479, 870, '2.90'),
(479, 889, '4.50'),
(479, 922, '2.90'),
(480, 141, '3.00'),
(480, 311, '5.40'),
(480, 657, '1.60'),
(480, 710, '5.40'),
(480, 918, '3.20'),
(481, 232, '2.50'),
(481, 282, '4.90'),
(481, 392, '4.50'),
(481, 609, '4.90'),
(481, 683, '4.40'),
(481, 795, '1.50'),
(481, 822, '3.90'),
(481, 985, '1.90'),
(482, 202, '4.20'),
(482, 240, '1.60'),
(482, 341, '3.60'),
(482, 808, '3.20'),
(482, 949, '2.60'),
(482, 965, '2.40'),
(483, 386, '2.70'),
(483, 887, '4.30'),
(483, 970, '3.00'),
(484, 230, '3.70'),
(484, 256, '5.90'),
(484, 741, '3.10'),
(485, 202, '1.50'),
(485, 368, '5.20'),
(485, 611, '1.30'),
(485, 888, '1.40'),
(486, 832, '2.80'),
(486, 899, '4.30'),
(487, 531, '2.90'),
(487, 817, '1.20'),
(487, 819, '5.10'),
(488, 117, '4.30'),
(488, 231, '1.20'),
(488, 563, '2.60'),
(488, 696, '3.00'),
(488, 771, '1.60'),
(489, 171, '3.40'),
(489, 571, '1.30'),
(489, 722, '1.60'),
(489, 851, '1.40'),
(489, 890, '5.80'),
(490, 152, '5.00'),
(491, 460, '2.60'),
(491, 923, '5.40'),
(491, 988, '1.70'),
(492, 601, '5.80'),
(492, 894, '4.30'),
(493, 130, '4.90'),
(493, 289, '1.20'),
(493, 576, '5.50'),
(493, 813, '1.40'),
(493, 971, '3.70'),
(494, 125, '1.90'),
(495, 143, '3.40'),
(495, 370, '1.20'),
(495, 715, '1.60'),
(495, 782, '5.10'),
(495, 950, '1.90'),
(496, 168, '4.90'),
(496, 338, '4.30'),
(496, 376, '3.10'),
(496, 582, '4.00'),
(496, 619, '2.30'),
(496, 898, '1.30'),
(497, 159, '1.80'),
(497, 165, '1.60'),
(497, 411, '5.70'),
(497, 461, '1.10'),
(497, 845, '3.00'),
(498, 130, '5.80'),
(498, 299, '2.50'),
(498, 424, '3.20'),
(498, 914, '4.50'),
(499, 219, '1.50'),
(499, 338, '1.60'),
(499, 349, '4.90'),
(499, 413, '1.40'),
(499, 804, '2.00'),
(500, 155, '3.30'),
(500, 452, '4.70'),
(500, 512, '1.60'),
(500, 731, '4.50'),
(500, 883, '2.00');

-- --------------------------------------------------------

--
-- Tabellenstruktur für Tabelle `school`
--

CREATE TABLE `school` (
  `school_id` bigint(20) UNSIGNED NOT NULL,
  `schoolname` varchar(45) NOT NULL,
  `number` int(11) NOT NULL,
  `street` varchar(45) NOT NULL,
  `city_id` bigint(20) UNSIGNED NOT NULL
) ENGINE=InnoDB DEFAULT CHARSET=latin1;

--
-- Daten für Tabelle `school`
--

INSERT INTO `school` (`school_id`, `schoolname`, `number`, `street`, `city_id`) VALUES
(1, 'Sphagnum', 0, 'Bultman', 17),
(2, 'Pine Barren Flatsedge', 808, 'Susan', 13),
(3, 'Sedge', 42, 'Mandrake', 20),
(4, 'Tadpole Buttercup', 91295, 'Lakewood Gardens', 7),
(5, 'Paleyellow Suncup', 6552, 'Glendale', 2),
(6, 'Orange Agoseris', 632, 'Prairie Rose', 6),
(7, 'Diminutive Chryso-hypnum Moss', 17958, 'Anniversary', 2),
(8, 'Doubleclaw', 1, 'Warbler', 17),
(9, 'Myosoton', 4083, 'Buena Vista', 5),
(10, 'Scaldweed', 62, 'Mayfield', 19);

-- --------------------------------------------------------

--
-- Tabellenstruktur für Tabelle `student`
--

CREATE TABLE `student` (
  `student_id` bigint(20) UNSIGNED NOT NULL,
  `user_id` bigint(20) UNSIGNED NOT NULL
) ENGINE=InnoDB DEFAULT CHARSET=latin1;

--
-- Daten für Tabelle `student`
--

INSERT INTO `student` (`student_id`, `user_id`) VALUES
(101, 101),
(102, 102),
(103, 103),
(104, 104),
(105, 105),
(106, 106),
(107, 107),
(108, 108),
(109, 109),
(110, 110),
(111, 111),
(112, 112),
(113, 113),
(114, 114),
(115, 115),
(116, 116),
(117, 117),
(118, 118),
(119, 119),
(120, 120),
(121, 121),
(122, 122),
(123, 123),
(124, 124),
(125, 125),
(126, 126),
(127, 127),
(128, 128),
(129, 129),
(130, 130),
(131, 131),
(132, 132),
(133, 133),
(134, 134),
(135, 135),
(136, 136),
(137, 137),
(138, 138),
(139, 139),
(140, 140),
(141, 141),
(142, 142),
(143, 143),
(144, 144),
(145, 145),
(146, 146),
(147, 147),
(148, 148),
(149, 149),
(150, 150),
(151, 151),
(152, 152),
(153, 153),
(154, 154),
(155, 155),
(156, 156),
(157, 157),
(158, 158),
(159, 159),
(160, 160),
(161, 161),
(162, 162),
(163, 163),
(164, 164),
(165, 165),
(166, 166),
(167, 167),
(168, 168),
(169, 169),
(170, 170),
(171, 171),
(172, 172),
(173, 173),
(174, 174),
(175, 175),
(176, 176),
(177, 177),
(178, 178),
(179, 179),
(180, 180),
(181, 181),
(182, 182),
(183, 183),
(184, 184),
(185, 185),
(186, 186),
(187, 187),
(188, 188),
(189, 189),
(190, 190),
(191, 191),
(192, 192),
(193, 193),
(194, 194),
(195, 195),
(196, 196),
(197, 197),
(198, 198),
(199, 199),
(200, 200),
(201, 201),
(202, 202),
(203, 203),
(204, 204),
(205, 205),
(206, 206),
(207, 207),
(208, 208),
(209, 209),
(210, 210),
(211, 211),
(212, 212),
(213, 213),
(214, 214),
(215, 215),
(216, 216),
(217, 217),
(218, 218),
(219, 219),
(220, 220),
(221, 221),
(222, 222),
(223, 223),
(224, 224),
(225, 225),
(226, 226),
(227, 227),
(228, 228),
(229, 229),
(230, 230),
(231, 231),
(232, 232),
(233, 233),
(234, 234),
(235, 235),
(236, 236),
(237, 237),
(238, 238),
(239, 239),
(240, 240),
(241, 241),
(242, 242),
(243, 243),
(244, 244),
(245, 245),
(246, 246),
(247, 247),
(248, 248),
(249, 249),
(250, 250),
(251, 251),
(252, 252),
(253, 253),
(254, 254),
(255, 255),
(256, 256),
(257, 257),
(258, 258),
(259, 259),
(260, 260),
(261, 261),
(262, 262),
(263, 263),
(264, 264),
(265, 265),
(266, 266),
(267, 267),
(268, 268),
(269, 269),
(270, 270),
(271, 271),
(272, 272),
(273, 273),
(274, 274),
(275, 275),
(276, 276),
(277, 277),
(278, 278),
(279, 279),
(280, 280),
(281, 281),
(282, 282),
(283, 283),
(284, 284),
(285, 285),
(286, 286),
(287, 287),
(288, 288),
(289, 289),
(290, 290),
(291, 291),
(292, 292),
(293, 293),
(294, 294),
(295, 295),
(296, 296),
(297, 297),
(298, 298),
(299, 299),
(300, 300),
(301, 301),
(302, 302),
(303, 303),
(304, 304),
(305, 305),
(306, 306),
(307, 307),
(308, 308),
(309, 309),
(310, 310),
(311, 311),
(312, 312),
(313, 313),
(314, 314),
(315, 315),
(316, 316),
(317, 317),
(318, 318),
(319, 319),
(320, 320),
(321, 321),
(322, 322),
(323, 323),
(324, 324),
(325, 325),
(326, 326),
(327, 327),
(328, 328),
(329, 329),
(330, 330),
(331, 331),
(332, 332),
(333, 333),
(334, 334),
(335, 335),
(336, 336),
(337, 337),
(338, 338),
(339, 339),
(340, 340),
(341, 341),
(342, 342),
(343, 343),
(344, 344),
(345, 345),
(346, 346),
(347, 347),
(348, 348),
(349, 349),
(350, 350),
(351, 351),
(352, 352),
(353, 353),
(354, 354),
(355, 355),
(356, 356),
(357, 357),
(358, 358),
(359, 359),
(360, 360),
(361, 361),
(362, 362),
(363, 363),
(364, 364),
(365, 365),
(366, 366),
(367, 367),
(368, 368),
(369, 369),
(370, 370),
(371, 371),
(372, 372),
(373, 373),
(374, 374),
(375, 375),
(376, 376),
(377, 377),
(378, 378),
(379, 379),
(380, 380),
(381, 381),
(382, 382),
(383, 383),
(384, 384),
(385, 385),
(386, 386),
(387, 387),
(388, 388),
(389, 389),
(390, 390),
(391, 391),
(392, 392),
(393, 393),
(394, 394),
(395, 395),
(396, 396),
(397, 397),
(398, 398),
(399, 399),
(400, 400),
(401, 401),
(402, 402),
(403, 403),
(404, 404),
(405, 405),
(406, 406),
(407, 407),
(408, 408),
(409, 409),
(410, 410),
(411, 411),
(412, 412),
(413, 413),
(414, 414),
(415, 415),
(416, 416),
(417, 417),
(418, 418),
(419, 419),
(420, 420),
(421, 421),
(422, 422),
(423, 423),
(424, 424),
(425, 425),
(426, 426),
(427, 427),
(428, 428),
(429, 429),
(430, 430),
(431, 431),
(432, 432),
(433, 433),
(434, 434),
(435, 435),
(436, 436),
(437, 437),
(438, 438),
(439, 439),
(440, 440),
(441, 441),
(442, 442),
(443, 443),
(444, 444),
(445, 445),
(446, 446),
(447, 447),
(448, 448),
(449, 449),
(450, 450),
(451, 451),
(452, 452),
(453, 453),
(454, 454),
(455, 455),
(456, 456),
(457, 457),
(458, 458),
(459, 459),
(460, 460),
(461, 461),
(462, 462),
(463, 463),
(464, 464),
(465, 465),
(466, 466),
(467, 467),
(468, 468),
(469, 469),
(470, 470),
(471, 471),
(472, 472),
(473, 473),
(474, 474),
(475, 475),
(476, 476),
(477, 477),
(478, 478),
(479, 479),
(480, 480),
(481, 481),
(482, 482),
(483, 483),
(484, 484),
(485, 485),
(486, 486),
(487, 487),
(488, 488),
(489, 489),
(490, 490),
(491, 491),
(492, 492),
(493, 493),
(494, 494),
(495, 495),
(496, 496),
(497, 497),
(498, 498),
(499, 499),
(500, 500),
(501, 501),
(502, 502),
(503, 503),
(504, 504),
(505, 505),
(506, 506),
(507, 507),
(508, 508),
(509, 509),
(510, 510),
(511, 511),
(512, 512),
(513, 513),
(514, 514),
(515, 515),
(516, 516),
(517, 517),
(518, 518),
(519, 519),
(520, 520),
(521, 521),
(522, 522),
(523, 523),
(524, 524),
(525, 525),
(526, 526),
(527, 527),
(528, 528),
(529, 529),
(530, 530),
(531, 531),
(532, 532),
(533, 533),
(534, 534),
(535, 535),
(536, 536),
(537, 537),
(538, 538),
(539, 539),
(540, 540),
(541, 541),
(542, 542),
(543, 543),
(544, 544),
(545, 545),
(546, 546),
(547, 547),
(548, 548),
(549, 549),
(550, 550),
(551, 551),
(552, 552),
(553, 553),
(554, 554),
(555, 555),
(556, 556),
(557, 557),
(558, 558),
(559, 559),
(560, 560),
(561, 561),
(562, 562),
(563, 563),
(564, 564),
(565, 565),
(566, 566),
(567, 567),
(568, 568),
(569, 569),
(570, 570),
(571, 571),
(572, 572),
(573, 573),
(574, 574),
(575, 575),
(576, 576),
(577, 577),
(578, 578),
(579, 579),
(580, 580),
(581, 581),
(582, 582),
(583, 583),
(584, 584),
(585, 585),
(586, 586),
(587, 587),
(588, 588),
(589, 589),
(590, 590),
(591, 591),
(592, 592),
(593, 593),
(594, 594),
(595, 595),
(596, 596),
(597, 597),
(598, 598),
(599, 599),
(600, 600),
(601, 601),
(602, 602),
(603, 603),
(604, 604),
(605, 605),
(606, 606),
(607, 607),
(608, 608),
(609, 609),
(610, 610),
(611, 611),
(612, 612),
(613, 613),
(614, 614),
(615, 615),
(616, 616),
(617, 617),
(618, 618),
(619, 619),
(620, 620),
(621, 621),
(622, 622),
(623, 623),
(624, 624),
(625, 625),
(626, 626),
(627, 627),
(628, 628),
(629, 629),
(630, 630),
(631, 631),
(632, 632),
(633, 633),
(634, 634),
(635, 635),
(636, 636),
(637, 637),
(638, 638),
(639, 639),
(640, 640),
(641, 641),
(642, 642),
(643, 643),
(644, 644),
(645, 645),
(646, 646),
(647, 647),
(648, 648),
(649, 649),
(650, 650),
(651, 651),
(652, 652),
(653, 653),
(654, 654),
(655, 655),
(656, 656),
(657, 657),
(658, 658),
(659, 659),
(660, 660),
(661, 661),
(662, 662),
(663, 663),
(664, 664),
(665, 665),
(666, 666),
(667, 667),
(668, 668),
(669, 669),
(670, 670),
(671, 671),
(672, 672),
(673, 673),
(674, 674),
(675, 675),
(676, 676),
(677, 677),
(678, 678),
(679, 679),
(680, 680),
(681, 681),
(682, 682),
(683, 683),
(684, 684),
(685, 685),
(686, 686),
(687, 687),
(688, 688),
(689, 689),
(690, 690),
(691, 691),
(692, 692),
(693, 693),
(694, 694),
(695, 695),
(696, 696),
(697, 697),
(698, 698),
(699, 699),
(700, 700),
(701, 701),
(702, 702),
(703, 703),
(704, 704),
(705, 705),
(706, 706),
(707, 707),
(708, 708),
(709, 709),
(710, 710),
(711, 711),
(712, 712),
(713, 713),
(714, 714),
(715, 715),
(716, 716),
(717, 717),
(718, 718),
(719, 719),
(720, 720),
(721, 721),
(722, 722),
(723, 723),
(724, 724),
(725, 725),
(726, 726),
(727, 727),
(728, 728),
(729, 729),
(730, 730),
(731, 731),
(732, 732),
(733, 733),
(734, 734),
(735, 735),
(736, 736),
(737, 737),
(738, 738),
(739, 739),
(740, 740),
(741, 741),
(742, 742),
(743, 743),
(744, 744),
(745, 745),
(746, 746),
(747, 747),
(748, 748),
(749, 749),
(750, 750),
(751, 751),
(752, 752),
(753, 753),
(754, 754),
(755, 755),
(756, 756),
(757, 757),
(758, 758),
(759, 759),
(760, 760),
(761, 761),
(762, 762),
(763, 763),
(764, 764),
(765, 765),
(766, 766),
(767, 767),
(768, 768),
(769, 769),
(770, 770),
(771, 771),
(772, 772),
(773, 773),
(774, 774),
(775, 775),
(776, 776),
(777, 777),
(778, 778),
(779, 779),
(780, 780),
(781, 781),
(782, 782),
(783, 783),
(784, 784),
(785, 785),
(786, 786),
(787, 787),
(788, 788),
(789, 789),
(790, 790),
(791, 791),
(792, 792),
(793, 793),
(794, 794),
(795, 795),
(796, 796),
(797, 797),
(798, 798),
(799, 799),
(800, 800),
(801, 801),
(802, 802),
(803, 803),
(804, 804),
(805, 805),
(806, 806),
(807, 807),
(808, 808),
(809, 809),
(810, 810),
(811, 811),
(812, 812),
(813, 813),
(814, 814),
(815, 815),
(816, 816),
(817, 817),
(818, 818),
(819, 819),
(820, 820),
(821, 821),
(822, 822),
(823, 823),
(824, 824),
(825, 825),
(826, 826),
(827, 827),
(828, 828),
(829, 829),
(830, 830),
(831, 831),
(832, 832),
(833, 833),
(834, 834),
(835, 835),
(836, 836),
(837, 837),
(838, 838),
(839, 839),
(840, 840),
(841, 841),
(842, 842),
(843, 843),
(844, 844),
(845, 845),
(846, 846),
(847, 847),
(848, 848),
(849, 849),
(850, 850),
(851, 851),
(852, 852),
(853, 853),
(854, 854),
(855, 855),
(856, 856),
(857, 857),
(858, 858),
(859, 859),
(860, 860),
(861, 861),
(862, 862),
(863, 863),
(864, 864),
(865, 865),
(866, 866),
(867, 867),
(868, 868),
(869, 869),
(870, 870),
(871, 871),
(872, 872),
(873, 873),
(874, 874),
(875, 875),
(876, 876),
(877, 877),
(878, 878),
(879, 879),
(880, 880),
(881, 881),
(882, 882),
(883, 883),
(884, 884),
(885, 885),
(886, 886),
(887, 887),
(888, 888),
(889, 889),
(890, 890),
(891, 891),
(892, 892),
(893, 893),
(894, 894),
(895, 895),
(896, 896),
(897, 897),
(898, 898),
(899, 899),
(900, 900),
(901, 901),
(902, 902),
(903, 903),
(904, 904),
(905, 905),
(906, 906),
(907, 907),
(908, 908),
(909, 909),
(910, 910),
(911, 911),
(912, 912),
(913, 913),
(914, 914),
(915, 915),
(916, 916),
(917, 917),
(918, 918),
(919, 919),
(920, 920),
(921, 921),
(922, 922),
(923, 923),
(924, 924),
(925, 925),
(926, 926),
(927, 927),
(928, 928),
(929, 929),
(930, 930),
(931, 931),
(932, 932),
(933, 933),
(934, 934),
(935, 935),
(936, 936),
(937, 937),
(938, 938),
(939, 939),
(940, 940),
(941, 941),
(942, 942),
(943, 943),
(944, 944),
(945, 945),
(946, 946),
(947, 947),
(948, 948),
(949, 949),
(950, 950),
(951, 951),
(952, 952),
(953, 953),
(954, 954),
(955, 955),
(956, 956),
(957, 957),
(958, 958),
(959, 959),
(960, 960),
(961, 961),
(962, 962),
(963, 963),
(964, 964),
(965, 965),
(966, 966),
(967, 967),
(968, 968),
(969, 969),
(970, 970),
(971, 971),
(972, 972),
(973, 973),
(974, 974),
(975, 975),
(976, 976),
(977, 977),
(978, 978),
(979, 979),
(980, 980),
(981, 981),
(982, 982),
(983, 983),
(984, 984),
(985, 985),
(986, 986),
(987, 987),
(988, 988),
(989, 989),
(990, 990),
(991, 991),
(992, 992),
(993, 993),
(994, 994),
(995, 995),
(996, 996),
(997, 997),
(998, 998),
(999, 999),
(1000, 1000);

-- --------------------------------------------------------

--
-- Tabellenstruktur für Tabelle `subject`
--

CREATE TABLE `subject` (
  `subject_id` bigint(20) UNSIGNED NOT NULL,
  `name` varchar(50) NOT NULL
) ENGINE=InnoDB DEFAULT CHARSET=latin1;

--
-- Daten für Tabelle `subject`
--

INSERT INTO `subject` (`subject_id`, `name`) VALUES
(1, 'Blue'),
(3, 'Brown'),
(2, 'Green'),
(10, 'Maroon'),
(5, 'Mauv'),
(7, 'Orange'),
(9, 'Pink'),
(4, 'Purple'),
(6, 'Red'),
(8, 'Yellow');

-- --------------------------------------------------------

--
-- Tabellenstruktur für Tabelle `teacher`
--

CREATE TABLE `teacher` (
  `teacher_id` bigint(20) UNSIGNED NOT NULL,
  `user_id` bigint(20) UNSIGNED NOT NULL
) ENGINE=InnoDB DEFAULT CHARSET=latin1;

--
-- Daten für Tabelle `teacher`
--

INSERT INTO `teacher` (`teacher_id`, `user_id`) VALUES
(1, 1),
(2, 2),
(3, 3),
(4, 4),
(5, 5),
(6, 6),
(7, 7),
(8, 8),
(9, 9),
(10, 10),
(11, 11),
(12, 12),
(13, 13),
(14, 14),
(15, 15),
(16, 16),
(17, 17),
(18, 18),
(19, 19),
(20, 20),
(21, 21),
(22, 22),
(23, 23),
(24, 24),
(25, 25),
(26, 26),
(27, 27),
(28, 28),
(29, 29),
(30, 30),
(31, 31),
(32, 32),
(33, 33),
(34, 34),
(35, 35),
(36, 36),
(37, 37),
(38, 38),
(39, 39),
(40, 40),
(41, 41),
(42, 42),
(43, 43),
(44, 44),
(45, 45),
(46, 46),
(47, 47),
(48, 48),
(49, 49),
(50, 50),
(51, 51),
(52, 52),
(53, 53),
(54, 54),
(55, 55),
(56, 56),
(57, 57),
(58, 58),
(59, 59),
(60, 60),
(61, 61),
(62, 62),
(63, 63),
(64, 64),
(65, 65),
(66, 66),
(67, 67),
(68, 68),
(69, 69),
(70, 70),
(71, 71),
(72, 72),
(73, 73),
(74, 74),
(75, 75),
(76, 76),
(77, 77),
(78, 78),
(79, 79),
(80, 80),
(81, 81),
(82, 82),
(83, 83),
(84, 84),
(85, 85),
(86, 86),
(87, 87),
(88, 88),
(89, 89),
(90, 90),
(91, 91),
(92, 92),
(93, 93),
(94, 94),
(95, 95),
(96, 96),
(97, 97),
(98, 98),
(99, 99),
(100, 100);

-- --------------------------------------------------------

--
-- Tabellenstruktur für Tabelle `teacher_class_subject`
--

CREATE TABLE `teacher_class_subject` (
  `tcs_id` bigint(20) UNSIGNED NOT NULL,
  `teacher_id` bigint(20) UNSIGNED NOT NULL,
  `class_id` bigint(20) UNSIGNED NOT NULL,
  `subject_id` bigint(20) UNSIGNED NOT NULL
) ENGINE=InnoDB DEFAULT CHARSET=latin1;

--
-- Daten für Tabelle `teacher_class_subject`
--

INSERT INTO `teacher_class_subject` (`tcs_id`, `teacher_id`, `class_id`, `subject_id`) VALUES
(20, 3, 16, 5),
(84, 6, 25, 6),
(35, 7, 3, 4),
(94, 7, 16, 6),
(57, 8, 22, 3),
(86, 9, 9, 4),
(95, 9, 22, 6),
(92, 9, 29, 1),
(89, 10, 20, 3),
(69, 10, 24, 5),
(56, 11, 20, 1),
(73, 12, 13, 9),
(53, 12, 15, 7),
(65, 13, 30, 8),
(46, 14, 7, 5),
(44, 14, 11, 5),
(100, 14, 25, 5),
(37, 15, 16, 4),
(6, 15, 26, 4),
(70, 16, 8, 2),
(40, 16, 28, 6),
(36, 18, 18, 7),
(83, 19, 12, 7),
(54, 20, 12, 8),
(31, 22, 12, 4),
(71, 22, 22, 2),
(42, 23, 2, 1),
(14, 23, 6, 9),
(43, 23, 6, 10),
(10, 29, 30, 5),
(51, 31, 8, 2),
(28, 33, 16, 3),
(78, 33, 21, 3),
(22, 36, 1, 7),
(21, 37, 10, 3),
(8, 37, 17, 1),
(75, 38, 20, 1),
(41, 39, 14, 6),
(25, 39, 28, 3),
(45, 40, 24, 2),
(90, 40, 28, 6),
(17, 42, 29, 2),
(98, 44, 25, 8),
(96, 46, 13, 6),
(9, 47, 6, 8),
(27, 47, 23, 4),
(23, 48, 17, 9),
(26, 49, 1, 7),
(47, 49, 25, 2),
(48, 50, 8, 7),
(18, 51, 10, 4),
(97, 53, 2, 1),
(34, 53, 9, 10),
(12, 54, 9, 6),
(4, 54, 10, 5),
(39, 54, 19, 9),
(76, 54, 26, 3),
(29, 58, 3, 1),
(7, 58, 12, 1),
(3, 60, 6, 7),
(99, 60, 18, 2),
(55, 64, 5, 6),
(62, 66, 14, 1),
(93, 67, 4, 6),
(49, 68, 28, 8),
(52, 69, 3, 2),
(66, 71, 18, 4),
(13, 74, 13, 8),
(58, 74, 26, 8),
(77, 75, 19, 8),
(59, 75, 23, 9),
(32, 77, 7, 3),
(24, 77, 11, 3),
(74, 77, 14, 2),
(38, 78, 12, 10),
(85, 79, 28, 5),
(33, 80, 22, 7),
(16, 81, 23, 1),
(19, 83, 16, 2),
(1, 84, 5, 7),
(67, 84, 6, 2),
(61, 84, 26, 8),
(11, 85, 11, 9),
(60, 86, 1, 1),
(30, 86, 27, 4),
(80, 87, 14, 7),
(50, 89, 3, 7),
(87, 89, 15, 1),
(79, 91, 21, 3),
(2, 93, 15, 5),
(82, 94, 22, 2),
(81, 95, 12, 8),
(63, 95, 15, 8),
(64, 95, 17, 1),
(5, 96, 22, 5),
(91, 97, 23, 4),
(88, 99, 3, 7),
(68, 99, 13, 8),
(72, 100, 17, 5),
(15, 100, 20, 7);

-- --------------------------------------------------------

--
-- Tabellenstruktur für Tabelle `user`
--

CREATE TABLE `user` (
  `user_id` bigint(20) UNSIGNED NOT NULL,
  `firstname` varchar(45) NOT NULL,
  `lastname` varchar(45) NOT NULL,
  `username` varchar(45) NOT NULL,
  `number` int(11) NOT NULL,
  `street` varchar(45) NOT NULL,
  `city_id` bigint(20) UNSIGNED NOT NULL,
  `password` varchar(1000) NOT NULL
) ENGINE=InnoDB DEFAULT CHARSET=latin1;

--
-- Daten für Tabelle `user`
--

INSERT INTO `user` (`user_id`, `firstname`, `lastname`, `username`, `number`, `street`, `city_id`, `password`) VALUES
(1, 'Alex', 'Durber', 'adurber0@house.gov', 91835, 'Cherokee', 9, 'cP61n4HnXRA'),
(2, 'Sharyl', 'Reade', 'sreade1@usa.gov', 93828, 'Kropf', 10, 'x2wf0Z'),
(3, 'Roi', 'Leidecker', 'rleidecker2@free.fr', 3, 'Basil', 11, 'fEETXe0D'),
(4, 'Damaris', 'Mingasson', 'dmingasson3@privacy.gov.au', 64, 'Scofield', 14, 'QVEmb067'),
(5, 'Fabio', 'Dickins', 'fdickins4@simplemachines.org', 35914, 'Veith', 11, 'wa8j7KVJV0RA'),
(6, 'Myrah', 'Leiden', 'mleiden5@jugem.jp', 82, 'Autumn Leaf', 11, '5mMmX5viG7t'),
(7, 'Ferris', 'D''Orsay', 'fdorsay6@wunderground.com', 46793, 'Algoma', 7, 'pBJIrN0Hm8'),
(8, 'Lazare', 'Ousby', 'lousby7@uiuc.edu', 43, 'Prairie Rose', 12, 'goollfnQrNo'),
(9, 'Marieann', 'Mantram', 'mmantram8@wired.com', 30, 'Buhler', 14, 'Pq5nZcCgDZk'),
(10, 'Bill', 'Weildish', 'bweildish9@phoca.cz', 0, 'Mifflin', 7, 'Ep7HzJWc'),
(11, 'Eugen', 'Robe', 'erobea@twitter.com', 87, 'Graceland', 10, 'JBytypY'),
(12, 'Melba', 'Dulanty', 'mdulantyb@cafepress.com', 90, 'Larry', 9, '0DysseWvCQ'),
(13, 'Judith', 'Reveland', 'jrevelandc@ameblo.jp', 73, '7th', 16, 'Co0FOO3Qp'),
(14, 'Christine', 'Youell', 'cyouelld@ask.com', 34, 'Delladonna', 3, '1fGbHKr'),
(15, 'Tersina', 'Albertson', 'talbertsone@google.fr', 5032, 'Atwood', 17, '8N6f6a4BB'),
(16, 'Libbi', 'Hemerijk', 'lhemerijkf@usgs.gov', 475, 'Raven', 20, 'Zn2cDCx'),
(17, 'Demetris', 'Calf', 'dcalfg@netlog.com', 10, 'Merry', 1, 'kzKlhM'),
(18, 'Joseph', 'Le Gassick', 'jlegassickh@dedecms.com', 77, 'Moulton', 3, 'TcCRZSY4jc'),
(19, 'Tessi', 'Crole', 'tcrolei@fc2.com', 37, 'Carioca', 13, 'Zo5ekQuNzx'),
(20, 'Ernst', 'Lydiate', 'elydiatej@cnn.com', 1, 'Killdeer', 17, 'Zvjr9Fx3p4'),
(21, 'Curcio', 'Leyland', 'cleylandk@skyrock.com', 35081, 'Thompson', 6, 'DtRQ6MdVfT'),
(22, 'Sophey', 'Damiata', 'sdamiatal@yellowpages.com', 1, 'Montana', 18, 'uABuM4ICXpaD'),
(23, 'Omero', 'Singyard', 'osingyardm@reference.com', 0, 'Stuart', 2, '98jbg34Fnlw'),
(24, 'Janka', 'Beddoes', 'jbeddoesn@myspace.com', 1, 'Debra', 5, '5YKYXvP'),
(25, 'Ashly', 'Norster', 'anorstero@accuweather.com', 60458, 'Red Cloud', 18, 'wGqAjR5v35'),
(26, 'Delila', 'Kencott', 'dkencottp@skyrock.com', 563, 'Columbus', 5, 'LPEJGjRljCk'),
(27, 'Fania', 'Fader', 'ffaderq@army.mil', 0, 'Fisk', 9, '1AE977VHVtA2'),
(28, 'Terry', 'Horsewood', 'thorsewoodr@harvard.edu', 6, 'Little Fleur', 3, 'TlxhYWov9K5'),
(29, 'Sarina', 'Moulding', 'smouldings@google.nl', 772, 'Menomonie', 2, 'j6qT0xlMS81o'),
(30, 'Devy', 'Goodday', 'dgooddayt@google.de', 0, 'Sycamore', 6, 'QMaIl6'),
(31, 'Galvan', 'Betchley', 'gbetchleyu@fema.gov', 76255, 'Debs', 1, 'qcvOYG0J'),
(32, 'Horatius', 'Asquith', 'hasquithv@webmd.com', 70937, 'Alpine', 1, 'MHVuOrN'),
(33, 'Sheeree', 'Meir', 'smeirw@vk.com', 861, 'Schmedeman', 20, '1HcVE6n0kL'),
(34, 'Sapphira', 'McCurtin', 'smccurtinx@paginegialle.it', 58670, 'Dovetail', 1, 'MmxURVjW7Q7'),
(35, 'Corenda', 'Dreossi', 'cdreossiy@census.gov', 800, 'Oakridge', 17, 'vvOMYai1'),
(36, 'Loni', 'Vanlint', 'lvanlintz@dell.com', 6100, 'Hollow Ridge', 12, '7726TbmH99b'),
(37, 'Kirstin', 'Kearney', 'kkearney10@spotify.com', 89, 'Manley', 1, 'lfLHh8qiIW'),
(38, 'Ninette', 'Moorman', 'nmoorman11@ustream.tv', 37608, 'Spenser', 9, 'tmqmt3vDcSP'),
(39, 'Violet', 'Cheavin', 'vcheavin12@japanpost.jp', 198, 'Kennedy', 16, 'kR5gtb'),
(40, 'Goldina', 'Arbuckle', 'garbuckle13@sfgate.com', 6977, 'Thierer', 6, 'sIYFM3b'),
(41, 'Gunter', 'Jumeau', 'gjumeau14@yandex.ru', 44, 'Mitchell', 12, 'dNhu9A6z'),
(42, 'Hugues', 'Rosengart', 'hrosengart15@princeton.edu', 18756, 'Warbler', 14, 'u5H4HK'),
(43, 'Ashlen', 'Asals', 'aasals16@slate.com', 6, 'Forest Run', 8, 'FM2m7Qm8P'),
(44, 'Dorena', 'Mizzi', 'dmizzi17@people.com.cn', 7462, 'Holy Cross', 12, 'Je62FP'),
(45, 'Gabbie', 'Archley', 'garchley18@ask.com', 599, 'Menomonie', 19, 'FDn978qRc'),
(46, 'Godwin', 'Gawkes', 'ggawkes19@reverbnation.com', 5959, 'Starling', 17, 'Hdt4Uaj1'),
(47, 'Reade', 'Berthelet', 'rberthelet1a@msu.edu', 78, 'Iowa', 14, 'pcGTEBO'),
(48, 'Stavro', 'Lynthal', 'slynthal1b@wunderground.com', 0, 'Waxwing', 18, '7Xcii18'),
(49, 'Harper', 'Werndley', 'hwerndley1c@blogspot.com', 56119, 'Hoard', 15, 'bYlHRXR7'),
(50, 'Etti', 'Brumen', 'ebrumen1d@freewebs.com', 3, 'Sloan', 1, 'k7C1et2azbR'),
(51, 'Hobey', 'Stiebler', 'hstiebler1e@rakuten.co.jp', 92454, 'Roxbury', 10, 'Nao7gO'),
(52, 'Tobey', 'Lorain', 'tlorain1f@gnu.org', 0, 'Hallows', 11, 'AHFsxTyWjjjC'),
(53, 'Brandise', 'Milmith', 'bmilmith1g@jiathis.com', 131, 'Hansons', 6, 'grwr4kUYy'),
(54, 'Dwight', 'Scrimgeour', 'dscrimgeour1h@twitpic.com', 37739, 'Fordem', 19, 'EAsa1mIlI'),
(55, 'Clem', 'Overnell', 'covernell1i@wikia.com', 1, 'Eliot', 7, '3xFwsjH'),
(56, 'Binnie', 'Sedge', 'bsedge1j@indiegogo.com', 5545, 'Melody', 19, 'T0Ixr4fo4eI'),
(57, 'Jojo', 'Ducarne', 'jducarne1k@xinhuanet.com', 58464, 'Londonderry', 1, 'qLm5YvXDh'),
(58, 'Lucine', 'Seaman', 'lseaman1l@github.com', 34860, 'Independence', 4, 'F5Gzon7nrNWD'),
(59, 'Massimo', 'Seyfart', 'mseyfart1m@cocolog-nifty.com', 2, 'Michigan', 18, 'rnFvUCs2gZlx'),
(60, 'Harmonia', 'Cocher', 'hcocher1n@hp.com', 6, 'Merry', 4, 'KbO7kzFo6Ld'),
(61, 'Fenelia', 'Mallaby', 'fmallaby1o@drupal.org', 5, 'Dahle', 9, 'pZvAva9'),
(62, 'Leeanne', 'Halburton', 'lhalburton1p@wsj.com', 4191, 'Homewood', 2, 'RA84EHYXVH8'),
(63, 'June', 'Hagstone', 'jhagstone1q@odnoklassniki.ru', 5, 'Di Loreto', 2, '46WXK2N7'),
(64, 'Starla', 'Serrurier', 'sserrurier1r@posterous.com', 71, 'Independence', 8, 'FNt3VK6hygBm'),
(65, 'Phip', 'Bamb', 'pbamb1s@flickr.com', 3857, 'Lunder', 6, 'gdzITO7bOGwY'),
(66, 'Cristobal', 'Brosnan', 'cbrosnan1t@ca.gov', 50, 'Russell', 17, 'uj5yNqAnZk6v'),
(67, 'Erroll', 'Rule', 'erule1u@diigo.com', 7, 'Talisman', 16, 'fRpdw8y'),
(68, 'Savina', 'Villalta', 'svillalta1v@house.gov', 0, 'Barnett', 11, '4e5WoTH'),
(69, 'Lorinda', 'Greenard', 'lgreenard1w@patch.com', 67218, 'Oak', 12, 'Ks0mcGvLg'),
(70, 'Arlana', 'Sheircliffe', 'asheircliffe1x@epa.gov', 845, 'Lien', 14, 'UpLE87'),
(71, 'Sydney', 'Dosedale', 'sdosedale1y@nifty.com', 15708, 'Sugar', 17, 'iRfeSkffxh'),
(72, 'Meggy', 'Sprulls', 'msprulls1z@apple.com', 220, 'Barnett', 10, 'dICXJUP'),
(73, 'Tova', 'Awde', 'tawde20@xrea.com', 6056, 'Texas', 6, '3YgvP3v'),
(74, 'Karole', 'Groarty', 'kgroarty21@fda.gov', 7804, 'Morningstar', 15, 'LRBEoIM'),
(75, 'Alberto', 'Tanby', 'atanby22@bandcamp.com', 297, 'Dayton', 10, 'y98q9FxqwFpM'),
(76, 'Gregoire', 'Koppes', 'gkoppes23@ted.com', 14192, 'Eagan', 11, '2NurHqq'),
(77, 'Michal', 'Twizell', 'mtwizell24@macromedia.com', 4, 'Basil', 12, '9jkN20vz'),
(78, 'Nat', 'Loftin', 'nloftin25@skyrock.com', 3547, 'Welch', 5, 'Tqr65OO9Zq'),
(79, 'Arleyne', 'Starling', 'astarling26@va.gov', 166, 'Anthes', 12, 'E3c3nHkJ'),
(80, 'Saunders', 'Inskipp', 'sinskipp27@ftc.gov', 627, 'Homewood', 20, 'qTbNoYjx'),
(81, 'Saunderson', 'Paeckmeyer', 'spaeckmeyer28@mashable.com', 5, 'Reinke', 10, 'JkMpwhPzH'),
(82, 'Lissy', 'Loggie', 'lloggie29@163.com', 3512, 'Chive', 15, '7VVa4v8N7i'),
(83, 'Wally', 'Cripin', 'wcripin2a@amazon.co.jp', 7541, 'Johnson', 4, '7jt4N2'),
(84, 'Rosabelle', 'Swaile', 'rswaile2b@linkedin.com', 2128, 'Cambridge', 2, 'bOREYbK2Cb9m'),
(85, 'Eolande', 'Pietrowicz', 'epietrowicz2c@mapy.cz', 64, 'Toban', 18, 'VurUyn'),
(86, 'Selinda', 'Goldine', 'sgoldine2d@blogger.com', 63, 'Montana', 1, 'KdFPHHV4GK'),
(87, 'Margalo', 'Lumber', 'mlumber2e@facebook.com', 22302, 'Schlimgen', 17, '7XeZ7vFq'),
(88, 'Candra', 'Bocke', 'cbocke2f@nps.gov', 3773, 'Judy', 8, 'qmn0ab67'),
(89, 'Gertrude', 'Conrart', 'gconrart2g@techcrunch.com', 9, 'Coolidge', 16, 'S105IU2Ef'),
(90, 'Mickie', 'Earle', 'mearle2h@google.co.uk', 10, 'Quincy', 14, 'TV9LOoTlodCK'),
(91, 'Bridie', 'Noades', 'bnoades2i@vimeo.com', 3, 'Commercial', 16, '6Ie0rvGXw8'),
(92, 'Jesus', 'Wreakes', 'jwreakes2j@people.com.cn', 86, 'Hoepker', 13, 'eXjx79'),
(93, 'Cordelia', 'Neagle', 'cneagle2k@networksolutions.com', 5, 'Arkansas', 11, 'FZRoOjjy2MaO'),
(94, 'Torrance', 'Kingsnoad', 'tkingsnoad2l@histats.com', 1819, 'Warbler', 20, 'hZsVvnfl'),
(95, 'Kayne', 'Slocomb', 'kslocomb2m@bbb.org', 23865, 'Kennedy', 4, 'ANNYt6'),
(96, 'Matthiew', 'Dureden', 'mdureden2n@sphinn.com', 6, 'Anhalt', 3, 'Fotews9h9T0'),
(97, 'Amil', 'Marsay', 'amarsay2o@nifty.com', 35225, 'Eastwood', 7, 'ESyqdYfYOG'),
(98, 'Averil', 'Ramsbottom', 'aramsbottom2p@technorati.com', 31763, 'Texas', 16, 'tbaeKu'),
(99, 'Idette', 'Rought', 'irought2q@weibo.com', 31, 'Green Ridge', 11, 'OyjwKA'),
(100, 'Ellyn', 'Melin', 'emelin2r@mtv.com', 49, 'Debs', 10, 'hxxgrpo'),
(101, 'Eugenio', 'Jansie', 'ejansie2s@mit.edu', 759, 'Memorial', 19, 'FI1v9GhuW'),
(102, 'Farica', 'Hawkshaw', 'fhawkshaw2t@guardian.co.uk', 56938, 'Maywood', 15, 'dvNXN0hccXb'),
(103, 'Angil', 'Abels', 'aabels2u@multiply.com', 46, 'Dakota', 16, '4JGEypy'),
(104, 'Dorian', 'Golagley', 'dgolagley2v@reference.com', 46820, '5th', 1, 'USBHeQtC'),
(105, 'Belva', 'Fitzgerald', 'bfitzgerald2w@tinyurl.com', 1, 'Rieder', 12, 'jhjzpsEj4'),
(106, 'Brooke', 'Botha', 'bbotha2x@phoca.cz', 55, 'Sachs', 1, 'PWngNhQFa'),
(107, 'Lucina', 'Tailour', 'ltailour2y@jiathis.com', 9, 'Moose', 14, 'fHznXwduC'),
(108, 'Rhiamon', 'Shorland', 'rshorland2z@yellowbook.com', 940, 'Sheridan', 18, 'GrzHOo'),
(109, 'Eliot', 'Paxforde', 'epaxforde30@globo.com', 3, 'Buhler', 17, 'xUZk8ZmiCt8L'),
(110, 'Gardner', 'Fairlaw', 'gfairlaw31@msn.com', 93, 'Londonderry', 17, 'lhu4XOjn'),
(111, 'Fannie', 'Hanvey', 'fhanvey32@ft.com', 4774, 'Butterfield', 3, 'mgPBdb1'),
(112, 'Nicky', 'Layne', 'nlayne33@goo.gl', 981, 'Birchwood', 6, 'XL0AMnZ'),
(113, 'Wernher', 'Silburn', 'wsilburn34@arizona.edu', 201, 'Blaine', 13, 'pS8w476HQJcN'),
(114, 'Robb', 'Jonsson', 'rjonsson35@reverbnation.com', 7593, 'Monterey', 14, 'qbNCRD1tLpBx'),
(115, 'Clary', 'Le Cornu', 'clecornu36@phoca.cz', 185, 'Warrior', 11, 'Ih7iASJx0J'),
(116, 'Storm', 'Grinnikov', 'sgrinnikov37@phoca.cz', 20881, 'Southridge', 2, 'sqJDREhCN'),
(117, 'Agna', 'Lamputt', 'alamputt38@economist.com', 90, 'Kedzie', 10, 'pHnbo53LkxbB'),
(118, 'Dorothy', 'Capewell', 'dcapewell39@biglobe.ne.jp', 4, 'Gerald', 13, 'GGkacoqQOod'),
(119, 'Pancho', 'Blakden', 'pblakden3a@nationalgeographic.com', 94, 'Sachtjen', 19, 'nPjDwGqr'),
(120, 'Meridith', 'Gounot', 'mgounot3b@wufoo.com', 9954, 'Little Fleur', 20, 'AizxL7FeMZI'),
(121, 'Karalynn', 'Scurrey', 'kscurrey3c@flickr.com', 74, 'Oak', 18, '46e6IgwE'),
(122, 'Chrissie', 'Pevsner', 'cpevsner3d@princeton.edu', 2, 'Nevada', 14, 'yOU7PP'),
(123, 'Amberly', 'Quilliam', 'aquilliam3e@dailymail.co.uk', 79, 'Bellgrove', 11, 'VabHm7olGqE'),
(124, 'Doug', 'Sayle', 'dsayle3f@oaic.gov.au', 4, 'Red Cloud', 13, 'jTlpBXMVu5'),
(125, 'Raddie', 'Maulden', 'rmaulden3g@geocities.jp', 24646, 'Pleasure', 16, 'CLxnNbmJiz'),
(126, 'Brina', 'Currie', 'bcurrie3h@bbb.org', 423, 'Shopko', 3, 'weMWwvP'),
(127, 'Waiter', 'Laite', 'wlaite3i@hc360.com', 478, '4th', 9, 'mr5ggjlrq7GX'),
(128, 'Lurette', 'Pomfret', 'lpomfret3j@amazon.co.uk', 9006, 'Oak', 20, '2iWgGrPcl'),
(129, 'Bar', 'Lascell', 'blascell3k@prlog.org', 2, 'Larry', 6, '8hNHd3R7'),
(130, 'Lori', 'Tytterton', 'ltytterton3l@wufoo.com', 6796, 'Mesta', 15, '2aUKLWSe2p05'),
(131, 'Federica', 'Siuda', 'fsiuda3m@studiopress.com', 7404, 'Lotheville', 10, 'mHxyVCqi'),
(132, 'Gustavus', 'Beyn', 'gbeyn3n@ebay.co.uk', 22324, 'Arrowood', 9, '5ko81htonRa'),
(133, 'Westley', 'Curedale', 'wcuredale3o@tamu.edu', 1211, 'Victoria', 16, 'PiUDz6'),
(134, 'Valentina', 'Camps', 'vcamps3p@webnode.com', 75790, 'Prairieview', 3, 'rkwTEz6'),
(135, 'Deana', 'Carlet', 'dcarlet3q@businessweek.com', 8690, 'Service', 14, 'lMBotlD'),
(136, 'Derrick', 'Tomasi', 'dtomasi3r@shutterfly.com', 47722, 'Green Ridge', 19, 'fQKlmjelbX7'),
(137, 'Falkner', 'Redgrave', 'fredgrave3s@google.de', 9123, 'Lillian', 10, '4wmSLG'),
(138, 'Matty', 'Avramov', 'mavramov3t@artisteer.com', 524, 'Kim', 8, 'QBP2AN'),
(139, 'Con', 'Kingscote', 'ckingscote3u@symantec.com', 629, 'Del Sol', 2, 'bamJ4BtGN'),
(140, 'Dalston', 'Shevlan', 'dshevlan3v@zdnet.com', 3, 'Corben', 19, 'AYpvIt'),
(141, 'Bailie', 'Lantuffe', 'blantuffe3w@ihg.com', 569, 'Cordelia', 20, 'L3qAHCUgtPo'),
(142, 'Claudetta', 'Gillbee', 'cgillbee3x@apple.com', 89749, 'Superior', 9, 'V0JeDC7wZVSX'),
(143, 'Starr', 'Pinney', 'spinney3y@deliciousdays.com', 66, 'Milwaukee', 9, '7VWQR0cQN1jP'),
(144, 'Krysta', 'Keers', 'kkeers3z@csmonitor.com', 42, 'Cambridge', 9, 'ALMsA85IIAXZ'),
(145, 'Aldo', 'Carney', 'acarney40@house.gov', 23, 'East', 8, 'gFPl4S'),
(146, 'Lilla', 'Jakab', 'ljakab41@imageshack.us', 460, 'Karstens', 11, 'zZGxuAcm'),
(147, 'Eileen', 'Ownsworth', 'eownsworth42@jugem.jp', 10, 'Merchant', 3, 'hST8GgdzK'),
(148, 'Inigo', 'Correa', 'icorrea43@businesswire.com', 878, 'Hallows', 20, 'wSBeUgdByNP6'),
(149, 'Jonis', 'Edge', 'jedge44@newsvine.com', 8704, 'Almo', 8, '1vgYAjsaWNs'),
(150, 'Mort', 'Courcey', 'mcourcey45@berkeley.edu', 6, 'Jana', 18, 'RfA3KVcN4t5c'),
(151, 'Mathilda', 'Docherty', 'mdocherty46@furl.net', 78, 'Heffernan', 19, 'QNf2B3vl'),
(152, 'Egan', 'Buzek', 'ebuzek47@state.tx.us', 62, 'Burrows', 12, 'YCSUV8q1C'),
(153, 'Conway', 'Thew', 'cthew48@howstuffworks.com', 3110, 'Caliangt', 3, 'T89uG4Tvkf'),
(154, 'Isaac', 'Baumann', 'ibaumann49@baidu.com', 8, 'Hooker', 14, '6DDuxAs'),
(155, 'Perren', 'McGovern', 'pmcgovern4a@networkadvertising.org', 287, 'Novick', 9, 'b4JXlsdud5L'),
(156, 'Livvie', 'Holyard', 'lholyard4b@scientificamerican.com', 642, 'Lawn', 16, 'NlppiCfUJ'),
(157, 'Salomo', 'Ettritch', 'settritch4c@webmd.com', 1252, 'Hovde', 15, 'oOapckDVHf3M'),
(158, 'Cathy', 'Dowdle', 'cdowdle4d@free.fr', 5272, 'Randy', 1, '30v95Qv'),
(159, 'Sean', 'Charlton', 'scharlton4e@desdev.cn', 8970, 'Granby', 2, '1vih02'),
(160, 'Ag', 'Bolwell', 'abolwell4f@youtu.be', 5, 'Lotheville', 10, 'vc9KYUyjiNN5'),
(161, 'Rakel', 'McGeneay', 'rmcgeneay4g@bravesites.com', 258, 'Tomscot', 19, 'XhHxo0Yl4'),
(162, 'William', 'Hubatsch', 'whubatsch4h@merriam-webster.com', 38045, 'Hazelcrest', 9, '7d9oZd2D'),
(163, 'Grannie', 'Onyon', 'gonyon4i@plala.or.jp', 3867, 'Nevada', 20, 'Y6Jbgc3U4F4'),
(164, 'Loretta', 'Scarffe', 'lscarffe4j@reddit.com', 1531, 'Bobwhite', 8, '1kYJtc3EXwY'),
(165, 'Kiersten', 'Dilon', 'kdilon4k@prnewswire.com', 93, 'Main', 4, '5O3BW8'),
(166, 'Esmaria', 'Dubock', 'edubock4l@moonfruit.com', 631, 'Lillian', 2, 'ynuYjul3aO2'),
(167, 'Sheelah', 'Fewell', 'sfewell4m@cmu.edu', 2752, 'Maple Wood', 9, 'tupydcRUs'),
(168, 'Nestor', 'Bretton', 'nbretton4n@wisc.edu', 233, 'Comanche', 15, 'kpZpo38Egf'),
(169, 'Nike', 'Fallow', 'nfallow4o@shop-pro.jp', 2, 'Lien', 7, 'YYLBbban2lGQ'),
(170, 'Myrilla', 'Figge', 'mfigge4p@flavors.me', 95, 'Hoffman', 1, 'f8UX5fqSz8'),
(171, 'Petra', 'Elphick', 'pelphick4q@goo.ne.jp', 80, 'Morning', 17, 'bfv1bXA9Yai'),
(172, 'Antonina', 'Muslim', 'amuslim4r@skype.com', 139, 'Northland', 1, 'LECLopZ'),
(173, 'Winna', 'Wetherald', 'wwetherald4s@gmpg.org', 4297, 'Old Gate', 7, 'pathNc'),
(174, 'Piotr', 'Dumbreck', 'pdumbreck4t@surveymonkey.com', 62, 'Lien', 16, 'xDKyV5'),
(175, 'Westbrook', 'Noblet', 'wnoblet4u@trellian.com', 7562, 'Springs', 10, 'wL3R0U7VY'),
(176, 'Gretna', 'Larmor', 'glarmor4v@sciencedirect.com', 8, 'Derek', 8, 'nOaVLzOQnR'),
(177, 'Ad', 'Einchcombe', 'aeinchcombe4w@xinhuanet.com', 92176, 'Oak', 17, 'EUFmdVN'),
(178, 'Alastair', 'Allum', 'aallum4x@altervista.org', 5008, 'Stuart', 7, 'c8kyf1Jj'),
(179, 'Oberon', 'Mayell', 'omayell4y@wikia.com', 24, 'Crowley', 1, 'c6Efk3Tm'),
(180, 'Sella', 'Redmore', 'sredmore4z@washington.edu', 85744, 'Del Mar', 20, 'QiK8oW01xYIW'),
(181, 'Maurene', 'Schwant', 'mschwant50@histats.com', 576, 'Jay', 9, 'fpDnbChImmX0'),
(182, 'Haily', 'Pellman', 'hpellman51@shop-pro.jp', 622, 'American Ash', 13, 'hRvSBFk7nRjI'),
(183, 'Dion', 'Beaumont', 'dbeaumont52@cnn.com', 76, 'Coolidge', 2, 'LXKGaw'),
(184, 'Oriana', 'Twyning', 'otwyning53@loc.gov', 66516, 'International', 9, 'YMAsI8xD'),
(185, 'Devon', 'Jeggo', 'djeggo54@bandcamp.com', 32, 'Melody', 19, 'qv4Lzl7W'),
(186, 'Andrej', 'Odde', 'aodde55@domainmarket.com', 24673, '1st', 2, 'uJBzluj7'),
(187, 'Alicia', 'Greatham', 'agreatham56@prlog.org', 6449, 'Vidon', 8, '80SXEj7QZ7OV'),
(188, 'Ethan', 'Pieter', 'epieter57@exblog.jp', 88, 'Graedel', 1, 'DHkrgG'),
(189, 'Leontine', 'McKilroe', 'lmckilroe58@opensource.org', 30737, 'Sunbrook', 16, 'FLCU5lYClLJP'),
(190, 'Selby', 'Tideswell', 'stideswell59@typepad.com', 3124, 'Weeping Birch', 17, 'tlME45JX'),
(191, 'Garret', 'Ilive', 'gilive5a@multiply.com', 54272, 'Lukken', 8, 'GHb3bZIWF'),
(192, 'Anabelle', 'Pidduck', 'apidduck5b@yahoo.co.jp', 893, 'Meadow Valley', 9, 'moQSSAl'),
(193, 'Vanya', 'Noury', 'vnoury5c@lulu.com', 94, 'Kropf', 12, 'cnEsad'),
(194, 'Carita', 'Raftery', 'craftery5d@wired.com', 48008, 'Vidon', 9, '5UNSWtycrXK'),
(195, 'Eldredge', 'Heeps', 'eheeps5e@phoca.cz', 42873, 'Rowland', 12, 'IVnrKnv'),
(196, 'Romonda', 'Fawdry', 'rfawdry5f@vistaprint.com', 6, 'Vernon', 14, '4v9T2DVOhY7B'),
(197, 'Isabelle', 'Mogey', 'imogey5g@fastcompany.com', 269, 'Center', 18, 'YdpJHaHdw3xF'),
(198, 'Zach', 'Caddie', 'zcaddie5h@furl.net', 488, 'Old Gate', 13, 'W1QV7AL2Ylq5'),
(199, 'Hewie', 'Glastonbury', 'hglastonbury5i@hud.gov', 8302, 'Glendale', 10, 'MZPzOkujWuZ'),
(200, 'Woodrow', 'Whapham', 'wwhapham5j@jigsy.com', 51, 'Memorial', 3, '7QnMM9Xtn'),
(201, 'Tricia', 'Di Frisco', 'tdifrisco5k@fda.gov', 874, 'Doe Crossing', 16, 'I6HqZZf4g0'),
(202, 'Sawyere', 'Pydcock', 'spydcock5l@google.de', 630, 'Ryan', 3, 'mf2UrUmNvtPB'),
(203, 'Alvis', 'Polkinghorne', 'apolkinghorne5m@uiuc.edu', 90976, 'Iowa', 8, '1pdQ7A'),
(204, 'Danella', 'Ledrun', 'dledrun5n@npr.org', 50, 'American Ash', 15, 'KpELR8'),
(205, 'Jerrine', 'Beels', 'jbeels5o@yellowpages.com', 44109, 'Bluejay', 17, 'ELt2SJemAQoB'),
(206, 'Hubie', 'Candwell', 'hcandwell5p@discuz.net', 7155, 'Northview', 5, '5copwinyPX0n'),
(207, 'Netti', 'Girt', 'ngirt5q@intel.com', 6176, 'Hanover', 8, 'KfFflhbAF'),
(208, 'Sylvan', 'Johnsee', 'sjohnsee5r@plala.or.jp', 713, 'Coolidge', 12, 'OXudeS6IR'),
(209, 'Wilhelmina', 'Dougary', 'wdougary5s@theguardian.com', 85296, 'Bobwhite', 19, 'ij2NDP8'),
(210, 'Ferd', 'Maxwale', 'fmaxwale5t@1688.com', 658, 'Everett', 14, '5WIsKaL4'),
(211, 'Aeriela', 'Tofful', 'atofful5u@amazonaws.com', 19, 'Loomis', 18, 'v1QGcRV'),
(212, 'Winnie', 'Winscom', 'wwinscom5v@cloudflare.com', 466, 'Mallory', 9, 'USNLsHeNBIg'),
(213, 'Anitra', 'Strainge', 'astrainge5w@china.com.cn', 14, 'Briar Crest', 5, '823ZoYIQtsf'),
(214, 'Lon', 'Moraleda', 'lmoraleda5x@sina.com.cn', 57, 'Elka', 17, '4dSSIHaHf7'),
(215, 'Ellswerth', 'Karpov', 'ekarpov5y@webeden.co.uk', 1202, 'Farmco', 13, 'AVYpppQO'),
(216, 'Giustino', 'Crosham', 'gcrosham5z@skype.com', 8, '1st', 13, 'AVbLzA7hnfSf'),
(217, 'Caryl', 'Golledge', 'cgolledge60@nydailynews.com', 5139, 'Roxbury', 11, 'T41lYXNB'),
(218, 'Marita', 'Kobpal', 'mkobpal61@ft.com', 73664, 'Sloan', 7, 'R312Vwo'),
(219, 'Mag', 'Wardingley', 'mwardingley62@devhub.com', 3581, 'Main', 20, 'YQ4B9Y2k9'),
(220, 'Dwain', 'MacComiskey', 'dmaccomiskey63@foxnews.com', 575, 'Novick', 5, 'Q7FTFBPI'),
(221, 'Nyssa', 'Flewan', 'nflewan64@apple.com', 20023, 'Kennedy', 20, 'lW6UDFIiFvJn'),
(222, 'Courtenay', 'Grane', 'cgrane65@google.com.hk', 3012, 'Kim', 14, 'fKXExVTn'),
(223, 'Ina', 'Collecott', 'icollecott66@gnu.org', 437, 'Logan', 10, 'g3UghcHu3'),
(224, 'Rorke', 'Wood', 'rwood67@indiatimes.com', 662, 'Everett', 7, 'OHzxHpQzYEAV'),
(225, 'Isahella', 'Venart', 'ivenart68@howstuffworks.com', 1, 'Hoard', 4, 'HzydH7Pq'),
(226, 'Sarine', 'Di Carli', 'sdicarli69@dmoz.org', 7188, 'Amoth', 9, 'iYiVFsElQ'),
(227, 'Walliw', 'Budgeon', 'wbudgeon6a@naver.com', 585, 'Almo', 20, 'TRA2gW'),
(228, 'Libbey', 'Bennedsen', 'lbennedsen6b@twitpic.com', 8731, 'Thackeray', 9, 'u4JzclIZf'),
(229, 'Carlotta', 'Sweynson', 'csweynson6c@gov.uk', 70254, 'Lillian', 8, 'mGV4dIo'),
(230, 'Gwendolyn', 'Mullan', 'gmullan6d@list-manage.com', 6222, 'Monterey', 6, 'i9EKHgM1'),
(231, 'Shir', 'Morris', 'smorris6e@g.co', 96, 'John Wall', 9, 'eIv0AzlI'),
(232, 'Lance', 'Shouler', 'lshouler6f@nbcnews.com', 47, 'Aberg', 3, 'CyvlKP9RuMV'),
(233, 'Toni', 'Dobing', 'tdobing6g@behance.net', 6, 'Meadow Vale', 1, 'e0eyubk'),
(234, 'Dorise', 'Glyde', 'dglyde6h@miitbeian.gov.cn', 10, 'Hudson', 3, 'rdnl0b2Cx9Ua'),
(235, 'Bobby', 'Berger', 'bberger6i@gravatar.com', 8, 'Southridge', 20, 'thNwnl1kg'),
(236, 'Latrena', 'Jeremiah', 'ljeremiah6j@miitbeian.gov.cn', 3, 'Buell', 15, 'Yb8eojGFQp'),
(237, 'Hewitt', 'Stalman', 'hstalman6k@parallels.com', 1, 'Monica', 9, 'Zf0TUcv'),
(238, 'Hana', 'Beeching', 'hbeeching6l@google.cn', 90, 'Carberry', 9, 'e0qFFJjJl0'),
(239, 'Wilmette', 'Bothram', 'wbothram6m@mac.com', 4, 'Dovetail', 1, 'g1UYonp0'),
(240, 'Benetta', 'Pendrey', 'bpendrey6n@hao123.com', 20, 'Meadow Ridge', 7, 'E8KsdPDgX'),
(241, 'Eugenia', 'Mathiassen', 'emathiassen6o@bing.com', 63, 'Mccormick', 8, 'd2xEijTZKn2K'),
(242, 'Liam', 'Ivery', 'livery6p@mit.edu', 77, 'Hermina', 5, '5Tlbv5NTbmq4'),
(243, 'Vittoria', 'Toghill', 'vtoghill6q@de.vu', 198, 'Donald', 4, 'bGW9mutuSFc'),
(244, 'Marlie', 'Cribbott', 'mcribbott6r@wordpress.org', 59, 'Esch', 12, 'wNEmTzG4'),
(245, 'Benedetta', 'Jacketts', 'bjacketts6s@nba.com', 43, 'New Castle', 12, '91WiAQujPRE'),
(246, 'Maurizia', 'Valek', 'mvalek6t@pagesperso-orange.fr', 3572, 'Brickson Park', 3, 'Xnz4wn'),
(247, 'Alissa', 'Shakle', 'ashakle6u@theguardian.com', 8, 'Mariners Cove', 3, 't9Bmaw2pK6'),
(248, 'Malinde', 'Columbine', 'mcolumbine6v@tinypic.com', 54, 'Lighthouse Bay', 17, 'OLSjLJLlNK'),
(249, 'Germana', 'Le Galle', 'glegalle6w@cnn.com', 3, 'Northfield', 4, 'CJ2uJeUhY3fy'),
(250, 'Samaria', 'Scurlock', 'sscurlock6x@indiegogo.com', 634, 'Shelley', 15, 'iZZih21f'),
(251, 'Bunny', 'Ruhben', 'bruhben6y@yelp.com', 64840, 'Declaration', 20, 'LizyoTE2vppU'),
(252, 'Derby', 'Rubbert', 'drubbert6z@reuters.com', 27, 'Carpenter', 7, 'LEHhskw8kBI'),
(253, 'Aeriell', 'Kellard', 'akellard70@reference.com', 7288, 'Burrows', 17, '3GU1jlC9x519'),
(254, 'Keslie', 'Swyre', 'kswyre71@bandcamp.com', 3438, 'Buena Vista', 13, 'eGIxmcs'),
(255, 'Peta', 'Prestwich', 'pprestwich72@hexun.com', 1, 'Kedzie', 20, 'AzC3eqTT'),
(256, 'Drucy', 'de Almeida', 'ddealmeida73@altervista.org', 10663, 'Mcbride', 4, 'Osdt5Dw'),
(257, 'Adria', 'Mityukov', 'amityukov74@issuu.com', 65260, 'Hansons', 14, '28mnev'),
(258, 'Ailee', 'Brambley', 'abrambley75@timesonline.co.uk', 4290, 'Bartillon', 19, 'B4QqchA7CTK'),
(259, 'Juditha', 'Furse', 'jfurse76@networksolutions.com', 59, 'Logan', 7, 'QLYuZpK'),
(260, 'Alethea', 'Ivons', 'aivons77@dion.ne.jp', 5, 'Corscot', 2, 'GDpWoqHnz'),
(261, 'Sasha', 'Ducrow', 'sducrow78@answers.com', 3, 'Twin Pines', 20, 'ZigyT1VCvZrp'),
(262, 'Ingram', 'Gores', 'igores79@google.es', 281, 'Vidon', 17, '1IvY6Z'),
(263, 'Renaldo', 'Henke', 'rhenke7a@naver.com', 26, 'Hoffman', 3, 'Syf6f3z'),
(264, 'Golda', 'Silkstone', 'gsilkstone7b@jimdo.com', 13, 'Mosinee', 17, 'afC15S3Gih'),
(265, 'Madelle', 'Gowdridge', 'mgowdridge7c@vimeo.com', 49, 'Maryland', 11, 'NUbvbrNIL1sJ'),
(266, 'Sheridan', 'Cruickshanks', 'scruickshanks7d@technorati.com', 560, 'Autumn Leaf', 11, 'HNEFFDm0x1qB'),
(267, 'Cross', 'Gribben', 'cgribben7e@biglobe.ne.jp', 2829, 'Namekagon', 7, 'wbGUL7ure2KS'),
(268, 'Janella', 'Levecque', 'jlevecque7f@shop-pro.jp', 998, 'Laurel', 6, 'cWuE2jC'),
(269, 'Jenda', 'Diter', 'jditer7g@discovery.com', 585, 'Fallview', 20, 'DWWGLE0'),
(270, 'Warden', 'Fanthome', 'wfanthome7h@stanford.edu', 9101, 'Di Loreto', 20, 'LvB5zEPDMQf'),
(271, 'Ebenezer', 'Ralph', 'eralph7i@canalblog.com', 966, 'Pleasure', 17, 'Mp6uUBUJYdzq'),
(272, 'Kassie', 'Joynt', 'kjoynt7j@tiny.cc', 0, 'Redwing', 15, 'ghrWWFuP'),
(273, 'Gordan', 'Skoggings', 'gskoggings7k@zdnet.com', 5, 'Mandrake', 14, '7Etgm6TGM'),
(274, 'Filippo', 'Brouwer', 'fbrouwer7l@fda.gov', 14611, 'Grover', 20, '4C7qF8GBAE1F'),
(275, 'Leora', 'Sellar', 'lsellar7m@archive.org', 93836, 'Sycamore', 8, 'wdXVfQ9d'),
(276, 'Jules', 'Papez', 'jpapez7n@fema.gov', 5912, 'Elmside', 16, 'gnYv0Baa3'),
(277, 'Timmie', 'MacGorrie', 'tmacgorrie7o@google.com.br', 3326, 'Carioca', 7, 'tr3tDnPMgx'),
(278, 'Kathy', 'Bonds', 'kbonds7p@desdev.cn', 684, 'Meadow Valley', 10, '5zodgapYjT'),
(279, 'Katherine', 'Geockle', 'kgeockle7q@washington.edu', 13857, 'Springs', 18, 'GJxM4tpl9A'),
(280, 'Ferguson', 'Djorevic', 'fdjorevic7r@hp.com', 397, 'Mcbride', 9, 'h3zrc4'),
(281, 'Tobin', 'Chataignier', 'tchataignier7s@illinois.edu', 7, 'Mcguire', 5, '1bBtPifZyGK'),
(282, 'Goddard', 'Brennan', 'gbrennan7t@ning.com', 9825, 'Express', 16, 'yyN4iy'),
(283, 'Janek', 'Phythian', 'jphythian7u@etsy.com', 6724, 'Ilene', 12, 'QpaNehTjK'),
(284, 'Alia', 'Mollett', 'amollett7v@w3.org', 6, 'Steensland', 20, 'OggaIMLrX'),
(285, 'Ingrid', 'Bice', 'ibice7w@answers.com', 0, 'New Castle', 5, 'fGEhYkyHYfw'),
(286, 'Gerhard', 'Cobbald', 'gcobbald7x@booking.com', 0, 'Sheridan', 18, 'JFE7xu5Xt5N'),
(287, 'Milty', 'Fishe', 'mfishe7y@github.com', 53317, '3rd', 2, 'dw9HE36vGiJ'),
(288, 'Hansiain', 'Cluse', 'hcluse7z@goo.ne.jp', 533, 'Division', 16, 'GpDyOrQ'),
(289, 'Aggy', 'Minchi', 'aminchi80@pagesperso-orange.fr', 4, '3rd', 5, 'WlFDdbzBzK'),
(290, 'Chantal', 'Kender', 'ckender81@ocn.ne.jp', 841, 'Sunbrook', 17, '9oiltFn'),
(291, 'Allistir', 'Ziem', 'aziem82@cdbaby.com', 913, 'Glacier Hill', 9, 'pWWv260S'),
(292, 'Elyn', 'Slee', 'eslee83@dailymotion.com', 62, 'Ludington', 3, 'bOfrkBKr'),
(293, 'Slade', 'Guion', 'sguion84@ebay.co.uk', 3, 'Caliangt', 8, 'jYNIax8tgE'),
(294, 'Ceil', 'Winder', 'cwinder85@mozilla.org', 1125, 'Burrows', 13, '5RFyqxifhvr'),
(295, 'Lissa', 'Shoppee', 'lshoppee86@newsvine.com', 82045, 'Luster', 20, 'yQXN6h4yd'),
(296, 'William', 'Canfer', 'wcanfer87@jugem.jp', 1924, 'Village Green', 11, 'alwDBwvPjKfB'),
(297, 'Bunnie', 'Laidel', 'blaidel88@360.cn', 3, 'Hallows', 5, 'gnLehMiJWd'),
(298, 'Meridel', 'Cullrford', 'mcullrford89@google.it', 5, 'Garrison', 19, 'MpkjxdMF'),
(299, 'Dorette', 'D''Enrico', 'ddenrico8a@netscape.com', 1742, 'Rieder', 1, '8Dxj7Hm'),
(300, 'Willy', 'Otteridge', 'wotteridge8b@europa.eu', 3553, 'Hoard', 4, 'dSaevYdhjl'),
(301, 'Tracy', 'Schwaiger', 'tschwaiger8c@live.com', 82256, 'Bunting', 3, 'eT34zuBO'),
(302, 'Lea', 'Meneer', 'lmeneer8d@who.int', 2, 'Carey', 8, 'XO7sd1'),
(303, 'Dwight', 'Kleinstein', 'dkleinstein8e@google.fr', 5092, 'Merrick', 6, 'LtKpHBT'),
(304, 'Emmit', 'Rossiter', 'erossiter8f@homestead.com', 703, 'Westerfield', 14, '6ghKD2'),
(305, 'Ailyn', 'Jaquiss', 'ajaquiss8g@weather.com', 90584, 'Clove', 1, 'gDzwFUjUt4'),
(306, 'Raynard', 'MacDiarmond', 'rmacdiarmond8h@github.io', 51, 'Monument', 7, 'WgG8zV2'),
(307, 'Birdie', 'Tiffney', 'btiffney8i@admin.ch', 57, 'Valley Edge', 9, '4M6sQJ1uIje'),
(308, 'Maryanna', 'Gambles', 'mgambles8j@engadget.com', 98222, 'Grover', 1, 'WPLCuJOET4u8'),
(309, 'Janette', 'Gooders', 'jgooders8k@moonfruit.com', 281, 'Arrowood', 1, 'BZdx4PBKD'),
(310, 'Alex', 'Stranaghan', 'astranaghan8l@sbwire.com', 83817, 'Morningstar', 2, 'bcH8yO'),
(311, 'Finn', 'Wolpert', 'fwolpert8m@xinhuanet.com', 766, 'Butterfield', 2, 'e1wqhLM'),
(312, 'Vera', 'Everit', 'veverit8n@discuz.net', 885, 'Bay', 9, 'ibbJvcpay4'),
(313, 'Noble', 'Conn', 'nconn8o@angelfire.com', 3, 'Butterfield', 6, 'JKy1jdm'),
(314, 'Sheffy', 'Pach', 'spach8p@livejournal.com', 921, 'Grim', 13, 'dTy2OStDAK'),
(315, 'Inglis', 'Darragh', 'idarragh8q@umich.edu', 9930, 'Elka', 12, '8XCkyCYm'),
(316, 'Dacy', 'Silverthorne', 'dsilverthorne8r@cafepress.com', 11630, 'Muir', 19, 'Dop5E2F2WD'),
(317, 'Inga', 'Tevelov', 'itevelov8s@biblegateway.com', 369, 'Washington', 19, 'DkMW03'),
(318, 'Cliff', 'Shimony', 'cshimony8t@rakuten.co.jp', 414, 'Dovetail', 9, 'gUMU3Ebla'),
(319, 'Carree', 'Chevers', 'cchevers8u@intel.com', 39334, 'Fallview', 12, '2CmCJxx'),
(320, 'Gerianne', 'Giabuzzi', 'ggiabuzzi8v@biblegateway.com', 6, 'Everett', 17, 'dSAvK5'),
(321, 'Arvy', 'O'' Brian', 'aobrian8w@nyu.edu', 176, 'Dorton', 7, 'FjBDIvlt46c'),
(322, 'Lulita', 'Digman', 'ldigman8x@is.gd', 999, 'Union', 8, 'j9Qh0hp3'),
(323, 'Gus', 'Strafen', 'gstrafen8y@github.io', 620, 'Hagan', 12, 'ovEZqx'),
(324, 'Marla', 'Sustins', 'msustins8z@ftc.gov', 3, 'Riverside', 5, 'YibB5d'),
(325, 'Mord', 'Manneville', 'mmanneville90@engadget.com', 220, 'Stang', 5, 'DDavRtNHPlH'),
(326, 'Ulrike', 'Hebdon', 'uhebdon91@craigslist.org', 3, 'Veith', 19, '8Kn5BNG8'),
(327, 'Daniele', 'Halford', 'dhalford92@hatena.ne.jp', 405, 'Rockefeller', 11, 'lYH41Nf'),
(328, 'Pierette', 'Mancktelow', 'pmancktelow93@marketwatch.com', 6310, 'Golf', 1, 'bmKDGvNly'),
(329, 'Marylou', 'Heinish', 'mheinish94@springer.com', 20567, 'Merrick', 2, 'jhtmQU5Aer'),
(330, 'Rustie', 'Glyn', 'rglyn95@vistaprint.com', 1, 'Oakridge', 12, '7cFeX5J'),
(331, 'Maureene', 'McMichael', 'mmcmichael96@bloomberg.com', 5829, 'Muir', 4, '1H7HaWn'),
(332, 'Oates', 'Pentland', 'opentland97@vkontakte.ru', 3480, 'Victoria', 10, 'hWgPdXBfj2U'),
(333, 'Christy', 'Arrundale', 'carrundale98@g.co', 5, 'Luster', 11, 'xBpQEsaE'),
(334, 'Harriet', 'Madgett', 'hmadgett99@paginegialle.it', 76168, 'Sycamore', 14, 'Duc3u472OJc'),
(335, 'Antonius', 'Craighall', 'acraighall9a@phoca.cz', 28614, 'Melvin', 1, 'obpvgfm'),
(336, 'Denise', 'Burden', 'dburden9b@tripadvisor.com', 410, 'Ridge Oak', 14, 'RAko5Ns'),
(337, 'Caralie', 'Spyer', 'cspyer9c@slashdot.org', 12, 'Green', 17, 'VD8Ow3FxqZc'),
(338, 'Jorrie', 'Corstorphine', 'jcorstorphine9d@domainmarket.com', 7514, 'Hallows', 16, 'jlNsV2Rnvd'),
(339, 'Ky', 'Vashchenko', 'kvashchenko9e@theguardian.com', 23511, 'Amoth', 17, 'c722lwgJCug'),
(340, 'Annetta', 'Luckes', 'aluckes9f@digg.com', 97260, 'Sugar', 16, 'xuEW70Wa'),
(341, 'Francois', 'Foskett', 'ffoskett9g@ca.gov', 3644, 'Pepper Wood', 20, 'DEGE3r1hve1'),
(342, 'Burr', 'Few', 'bfew9h@soundcloud.com', 134, 'Hansons', 11, '2Lwzl67XS4'),
(343, 'Silas', 'Skitt', 'sskitt9i@pagesperso-orange.fr', 6559, 'Norway Maple', 16, 'Q8nHEyb'),
(344, 'Reynold', 'Casper', 'rcasper9j@symantec.com', 40, 'Bonner', 12, 'L8QfdInfr'),
(345, 'Sigismund', 'Arlidge', 'sarlidge9k@washington.edu', 51, 'Golden Leaf', 15, 'TQ2kThJGWn7K'),
(346, 'Hillard', 'McIlenna', 'hmcilenna9l@state.gov', 249, 'Blackbird', 16, '88wUwCWNWUEQ'),
(347, 'Alexandre', 'Dubarry', 'adubarry9m@zimbio.com', 973, 'Linden', 12, '7J9Ca9sI'),
(348, 'Bernardo', 'Brastead', 'bbrastead9n@wp.com', 17299, 'Welch', 19, '0kvqIW'),
(349, 'Ricoriki', 'Marquese', 'rmarquese9o@oracle.com', 8, 'Springs', 19, 'e5NsXrqhv'),
(350, 'Robers', 'Penkethman', 'rpenkethman9p@hhs.gov', 72, 'Onsgard', 18, 'A6rI72'),
(351, 'Karita', 'Bello', 'kbello9q@epa.gov', 491, 'Southridge', 13, 'YQutmEa0NnP'),
(352, 'Ben', 'Petters', 'bpetters9r@nytimes.com', 87, 'Fuller', 18, 'Tl4mlgL'),
(353, 'Gawain', 'Pennells', 'gpennells9s@apple.com', 70457, 'Acker', 1, 'IVTrigVX'),
(354, 'Tasha', 'Bulpitt', 'tbulpitt9t@geocities.jp', 3, 'Stuart', 16, 'eGX3VAxc2T'),
(355, 'Darrelle', 'Dayment', 'ddayment9u@youku.com', 5, 'Manufacturers', 12, 'pe2pTIrT'),
(356, 'Elna', 'Gratton', 'egratton9v@goo.ne.jp', 54020, 'Meadow Ridge', 17, 'idz6lJDg0F'),
(357, 'Felecia', 'Piotrkowski', 'fpiotrkowski9w@dropbox.com', 19, 'Bluejay', 19, 'B27dvC2'),
(358, 'Trish', 'Jahan', 'tjahan9x@issuu.com', 88663, 'Kipling', 5, 'S7ulUo'),
(359, 'Orrin', 'Nevins', 'onevins9y@washingtonpost.com', 47312, 'Memorial', 4, 'vMQ1Jt64'),
(360, 'Lin', 'Petit', 'lpetit9z@hatena.ne.jp', 175, 'Pennsylvania', 8, 'smLfVX'),
(361, 'Kipp', 'Purvess', 'kpurvessa0@oracle.com', 935, 'Susan', 6, 'JdIOFE'),
(362, 'Fifi', 'Berney', 'fberneya1@wordpress.org', 55, 'Meadow Valley', 13, 'ule8u7uwoi'),
(363, 'Townie', 'Mattei', 'tmatteia2@1und1.de', 427, 'Delladonna', 1, 'JZOO0x6xOP6A'),
(364, 'Kym', 'Blazevic', 'kblazevica3@geocities.com', 4, 'Bunting', 18, 'uMzRgp7'),
(365, 'Inness', 'Pendered', 'ipendereda4@house.gov', 21817, 'Sauthoff', 1, 'VBJaIuT1h'),
(366, 'Clarence', 'Prescott', 'cprescotta5@blinklist.com', 9377, 'Sommers', 14, 'D4TO43U9bn'),
(367, 'Brandea', 'Soreau', 'bsoreaua6@forbes.com', 51158, 'Grover', 20, 'drivAcTDoEpT'),
(368, 'Veronika', 'Teresa', 'vteresaa7@netvibes.com', 6162, 'Pierstorff', 14, 'RFhyqOh4S'),
(369, 'Coretta', 'Vizard', 'cvizarda8@fda.gov', 242, 'Annamark', 1, '7BjYxDub'),
(370, 'Minnie', 'Doby', 'mdobya9@guardian.co.uk', 55332, 'Oakridge', 6, 'KLKMKHBjoX'),
(371, 'Tiertza', 'Fremantle', 'tfremantleaa@unblog.fr', 83374, 'Hazelcrest', 19, '5FbiBJ'),
(372, 'Korry', 'Walisiak', 'kwalisiakab@theglobeandmail.com', 81557, 'Jenna', 3, 'CN2VryCE9'),
(373, 'Malinde', 'MacAleese', 'mmacaleeseac@aol.com', 88959, 'Northview', 13, 'tDcycu'),
(374, 'Gunner', 'Keightley', 'gkeightleyad@comcast.net', 752, 'Dapin', 15, 'VHnVKJ2zOv'),
(375, 'Feliks', 'Baseley', 'fbaseleyae@statcounter.com', 42185, '1st', 14, '2q8iwj'),
(376, 'Julieta', 'Howbrook', 'jhowbrookaf@ustream.tv', 67212, 'Warrior', 3, 'LPi5VKN9'),
(377, 'Alfonse', 'Don', 'adonag@webs.com', 180, 'Heffernan', 15, 'Fqg3W1T'),
(378, 'Alene', 'Mc Gorley', 'amcgorleyah@acquirethisname.com', 7517, 'Larry', 14, 'CZTdVKe'),
(379, 'Valma', 'Neeson', 'vneesonai@ca.gov', 4, 'Lawn', 1, 'gTiGqk'),
(380, 'Hale', 'Herkess', 'hherkessaj@nasa.gov', 4, 'Morningstar', 9, 'GK9r4QOGqkcp'),
(381, 'Rosalyn', 'Snelson', 'rsnelsonak@gov.uk', 5, 'Elka', 3, 'ODZaklWCTj2p'),
(382, 'Shirley', 'Asken', 'saskenal@reddit.com', 2, 'Oak', 6, 'VvvFIfvmH8Ax'),
(383, 'Rollo', 'Giacaponi', 'rgiacaponiam@paypal.com', 227, 'Clyde Gallagher', 6, 'bE7dlN'),
(384, 'Leonelle', 'Heasley', 'lheasleyan@java.com', 71536, 'Vahlen', 16, 'uSpQmeWBPP'),
(385, 'Colver', 'Rouzet', 'crouzetao@guardian.co.uk', 180, 'Nelson', 1, 'adEwMX'),
(386, 'Kris', 'Tripony', 'ktriponyap@freewebs.com', 36, 'Bartelt', 5, 'KGT6ssZ6X'),
(387, 'Almire', 'Cripps', 'acrippsaq@delicious.com', 3718, 'Di Loreto', 9, 'PxX1o84DX'),
(388, 'Dinah', 'Nodin', 'dnodinar@yandex.ru', 7284, 'Dawn', 5, '4fQEnBBYK'),
(389, 'Deny', 'Kynforth', 'dkynforthas@theatlantic.com', 52426, 'Anthes', 8, 'UC1mYwEZdvEw'),
(390, 'Melanie', 'Riedel', 'mriedelat@blogspot.com', 4, 'Thackeray', 12, 'ExvD5CoEepS'),
(391, 'Napoleon', 'Simeoni', 'nsimeoniau@netscape.com', 679, 'Vernon', 11, 'a9UxCtPdYWFp'),
(392, 'Bill', 'MacMeeking', 'bmacmeekingav@multiply.com', 801, 'Magdeline', 3, 'TdjxOAbg2C'),
(393, 'Bart', 'Pesticcio', 'bpesticcioaw@istockphoto.com', 85, 'Talmadge', 16, 'XG6Dibp'),
(394, 'Dorrie', 'Mumm', 'dmummax@goo.ne.jp', 288, 'Bartelt', 17, 'i9ps7D'),
(395, 'Phip', 'Jerzycowski', 'pjerzycowskiay@samsung.com', 4468, 'Scoville', 16, 'H8ILhBty'),
(396, 'Milli', 'Washtell', 'mwashtellaz@newsvine.com', 9698, 'Prentice', 20, 'aVK55IP3b'),
(397, 'Minda', 'Scamerdine', 'mscamerdineb0@altervista.org', 96, 'Cody', 19, 'Ct18aSZiK'),
(398, 'Merrielle', 'De Mattei', 'mdematteib1@topsy.com', 6, 'Porter', 15, 'Maib9hnG'),
(399, 'Gamaliel', 'Noen', 'gnoenb2@imgur.com', 83, 'Bellgrove', 2, 'XpdKSxeVBAv8'),
(400, 'Margret', 'Osgar', 'mosgarb3@wufoo.com', 6, 'Kipling', 5, 'loFD8K'),
(401, 'Vilhelmina', 'Ibbetson', 'vibbetsonb4@over-blog.com', 125, 'Glacier Hill', 8, 'EULNI1o'),
(402, 'Ernest', 'Duigan', 'eduiganb5@tumblr.com', 90, 'Fairfield', 19, 'dPz2MwgRfTT'),
(403, 'Gradey', 'Babcock', 'gbabcockb6@diigo.com', 73929, 'Katie', 5, 'AEvMBPh1GJS'),
(404, 'Dimitri', 'Della', 'ddellab7@deviantart.com', 65692, 'Quincy', 5, 'wIpLjGigeSYr'),
(405, 'Matthiew', 'Iacopetti', 'miacopettib8@google.com.hk', 543, 'Lerdahl', 9, 'nJyA3Hs9Yfe'),
(406, 'Tilly', 'Missington', 'tmissingtonb9@linkedin.com', 35, 'Main', 15, 'aEljYN'),
(407, 'Margalit', 'Semper', 'msemperba@moonfruit.com', 552, 'Cody', 7, 'ueifKf9djm6O'),
(408, 'Greer', 'Senogles', 'gsenoglesbb@networkadvertising.org', 35376, 'Waywood', 6, 'muLMkviKQu'),
(409, 'Artemis', 'Edes', 'aedesbc@weebly.com', 80956, 'Lake View', 1, 'ipwKA964'),
(410, 'Hort', 'Turri', 'hturribd@jiathis.com', 9, 'Kim', 10, 'MgF0s8V3B'),
(411, 'Clayson', 'Pyzer', 'cpyzerbe@timesonline.co.uk', 28, 'Sullivan', 5, 'tq6H4TvOtnD'),
(412, 'Blane', 'Joskovitch', 'bjoskovitchbf@blogs.com', 3, 'Cascade', 11, '1CfCheR'),
(413, 'Rayner', 'Dredge', 'rdredgebg@addtoany.com', 27, 'Hovde', 14, 'OqPcLVk3'),
(414, 'Katleen', 'Drejer', 'kdrejerbh@youtube.com', 45, 'Lindbergh', 9, 'fXIaRTCLf'),
(415, 'Clywd', 'Enevold', 'cenevoldbi@omniture.com', 4, 'Bluestem', 12, 'BSmdtZqJvGXH'),
(416, 'Ivette', 'Stroyan', 'istroyanbj@house.gov', 19, 'Susan', 3, 'gM5xob'),
(417, 'Rodolfo', 'Stelfox', 'rstelfoxbk@printfriendly.com', 477, 'Cordelia', 14, 'hUrdS413W4'),
(418, 'Sibelle', 'Flatt', 'sflattbl@vistaprint.com', 4, 'Goodland', 4, 'lFKUDK'),
(419, 'Daffi', 'Avo', 'davobm@cbc.ca', 31, 'Pleasure', 5, 'OPWM2u6WN4R'),
(420, 'Thaine', 'Mullen', 'tmullenbn@hatena.ne.jp', 1, 'Moulton', 14, 'PkprWwm'),
(421, 'Greg', 'Todhunter', 'gtodhunterbo@pen.io', 59, 'Arkansas', 6, 'fnNfDRu'),
(422, 'Kimberly', 'Soots', 'ksootsbp@dot.gov', 240, 'Harper', 20, 'AVlD4bQy0'),
(423, 'Hildegarde', 'Dobble', 'hdobblebq@netlog.com', 8, 'Westport', 2, 'lALedyLhKtB'),
(424, 'Dana', 'Stut', 'dstutbr@addthis.com', 9866, 'Northwestern', 15, 'OBsZXhXk0'),
(425, 'Reggie', 'Dawidowsky', 'rdawidowskybs@google.it', 953, 'Southridge', 7, '9GLv9s6Z7S'),
(426, 'Juliana', 'Childrens', 'jchildrensbt@webs.com', 9165, 'Pearson', 15, 'HSzzdWs6'),
(427, 'Jeannie', 'Duckit', 'jduckitbu@etsy.com', 4, 'Dennis', 11, 'YpYwm0c1m'),
(428, 'Dan', 'Locke', 'dlockebv@twitter.com', 9, 'Crest Line', 19, 'hV5ZTs3Mx'),
(429, 'Deborah', 'Jone', 'djonebw@yelp.com', 8188, 'Hermina', 5, 'xAmvRTwTu'),
(430, 'Roderigo', 'Treadger', 'rtreadgerbx@bluehost.com', 14, 'Menomonie', 10, 'Wekfxmh'),
(431, 'Justinn', 'Coffee', 'jcoffeeby@tiny.cc', 72382, 'Grasskamp', 13, 'ZwLgNSSDUFZ'),
(432, 'Lewes', 'Denisyuk', 'ldenisyukbz@e-recht24.de', 69, 'Laurel', 6, 'HaNge3M'),
(433, 'Bevon', 'Meechan', 'bmeechanc0@sourceforge.net', 851, 'Ilene', 16, 'fT18DiCjUb'),
(434, 'Sheffie', 'Moylane', 'smoylanec1@1und1.de', 9, 'Eastwood', 14, 'HEc5MV9dq'),
(435, 'Terrell', 'Naldrett', 'tnaldrettc2@upenn.edu', 12593, 'Portage', 9, 'DbocKQZi3c'),
(436, 'Ethe', 'Rousell', 'erousellc3@w3.org', 6722, 'Harper', 8, '8xFEUQxDnlhK'),
(437, 'Leeann', 'Healey', 'lhealeyc4@foxnews.com', 38, 'Golf Course', 12, 'rASKX6wSS'),
(438, 'Nanette', 'Maevela', 'nmaevelac5@homestead.com', 4, 'Loomis', 8, 'WlwDAM3z3mnR'),
(439, 'Idaline', 'Standbrook', 'istandbrookc6@technorati.com', 103, 'Sloan', 13, 'sjAYG7'),
(440, 'Red', 'McCome', 'rmccomec7@netvibes.com', 76, 'Judy', 16, '1BmC5uV6R'),
(441, 'Garnette', 'Hunte', 'ghuntec8@csmonitor.com', 213, 'Caliangt', 10, 'DhnpcyBHYAf'),
(442, 'Harrison', 'Crier', 'hcrierc9@tripadvisor.com', 96, 'Waubesa', 14, 'lAGA1d1tl'),
(443, 'Levon', 'Muldownie', 'lmuldownieca@timesonline.co.uk', 6895, 'Victoria', 12, 'M1Iui5'),
(444, 'Kyla', 'Pestricke', 'kpestrickecb@loc.gov', 7, 'Transport', 3, 'M6XaFyU2cwG'),
(445, 'Mella', 'Wisden', 'mwisdencc@themeforest.net', 93945, 'Macpherson', 15, '9ICf83'),
(446, 'Lazar', 'Folks', 'lfolkscd@amazon.de', 5, 'Moose', 5, 'rCi0EgqFTyhY'),
(447, 'Lorne', 'Swindlehurst', 'lswindlehurstce@apache.org', 9255, 'Randy', 3, 'aU8etYN9xMW'),
(448, 'Leila', 'Trouel', 'ltrouelcf@statcounter.com', 168, 'Magdeline', 10, 'grKLi3i5Lv'),
(449, 'Fields', 'Antonikov', 'fantonikovcg@wufoo.com', 676, 'Dixon', 7, 'hPPzqzr1'),
(450, 'Brandy', 'Brimfield', 'bbrimfieldch@comsenz.com', 46121, 'Barby', 2, 'Z2wzsfhPk'),
(451, 'Goldy', 'Clawson', 'gclawsonci@cnbc.com', 64, 'Sutteridge', 17, 'ME1lTzUgD'),
(452, 'Colet', 'Serjent', 'cserjentcj@msn.com', 2, 'Lukken', 14, '6Q1XNRa6w'),
(453, 'Lulu', 'Dytham', 'ldythamck@blinklist.com', 879, 'Derek', 10, 'C0xBhdMiHD'),
(454, 'Justine', 'Liddiatt', 'jliddiattcl@businessweek.com', 91377, 'Vernon', 16, 'H4wLXGDe'),
(455, 'Alta', 'MacGillicuddy', 'amacgillicuddycm@nature.com', 74, 'Manley', 15, 'iN3BKVxQR0AH'),
(456, 'Matias', 'Dibdin', 'mdibdincn@merriam-webster.com', 97, 'Lindbergh', 5, '2MDMDBEe'),
(457, 'Corrina', 'Alywin', 'calywinco@slideshare.net', 6, 'Butterfield', 13, 'wYjL3p'),
(458, 'Hasty', 'Dutnall', 'hdutnallcp@cbslocal.com', 17, 'Steensland', 16, 'iwnEaVG'),
(459, 'Isaac', 'Van der Mark', 'ivandermarkcq@woothemes.com', 9, '7th', 9, 'EX8XEyT'),
(460, 'Lindon', 'Hews', 'lhewscr@oaic.gov.au', 14452, 'Eastlawn', 16, 'bsftJ4'),
(461, 'Lena', 'Fidilis', 'lfidiliscs@deliciousdays.com', 1, 'Hagan', 9, 'pAcHFWlnh0XK'),
(462, 'Oberon', 'Morgue', 'omorguect@illinois.edu', 3318, 'Service', 14, 'buk9v6xHxa'),
(463, 'Myrvyn', 'Janaszkiewicz', 'mjanaszkiewiczcu@ted.com', 58858, 'Shasta', 17, 'g5I8ia'),
(464, 'Irving', 'Jouhan', 'ijouhancv@zimbio.com', 9725, 'New Castle', 15, 'cpL5Sv'),
(465, 'Milo', 'Hudleston', 'mhudlestoncw@reverbnation.com', 0, 'Southridge', 17, 'ldzdwJ6Fx'),
(466, 'Trevor', 'Hender', 'thendercx@mozilla.org', 44, 'Stone Corner', 10, '9rk5UbeMZG'),
(467, 'Kathi', 'Champe', 'kchampecy@accuweather.com', 6886, 'Gerald', 9, 'zDZudPONxe'),
(468, 'Monique', 'Horwell', 'mhorwellcz@bravesites.com', 4, 'Lindbergh', 16, 'TYraNqK8'),
(469, 'Domingo', 'O'' Brian', 'dobriand0@arizona.edu', 861, 'Dahle', 5, 'hKAnAbLK'),
(470, 'Linell', 'Durante', 'lduranted1@dion.ne.jp', 39, 'Kings', 3, 'Rnld79Vvj'),
(471, 'Jaclyn', 'Huison', 'jhuisond2@about.me', 5, 'Rowland', 2, 'Pn6bl5w0h'),
(472, 'Haslett', 'Badman', 'hbadmand3@google.cn', 58116, 'Transport', 18, 'yyv01y7'),
(473, 'Kevyn', 'Joy', 'kjoyd4@godaddy.com', 24417, 'Sommers', 18, 'jzCJUjT'),
(474, 'Carmine', 'Eastman', 'ceastmand5@google.com.br', 55441, 'Brown', 19, 'XA3gmGmaTF'),
(475, 'Kimball', 'Kitchingham', 'kkitchinghamd6@nature.com', 0, 'Kingsford', 9, 'SAsw9QbADU3'),
(476, 'Corabella', 'Greenaway', 'cgreenawayd7@qq.com', 2, 'Mendota', 6, 'PN5SlvaX550'),
(477, 'Sande', 'Poveleye', 'spoveleyed8@bing.com', 84037, 'Oak', 20, '9OTdfX3WmAcO'),
(478, 'Kara', 'Locarno', 'klocarnod9@nymag.com', 7041, 'Brickson Park', 1, 'dC70PnCFc'),
(479, 'Gipsy', 'Matveichev', 'gmatveichevda@theatlantic.com', 9, 'Monument', 18, 'DtYZqsD'),
(480, 'Lemuel', 'Threlfall', 'lthrelfalldb@joomla.org', 73008, 'Lerdahl', 17, 'GbO6JD1Zcd5k'),
(481, 'Antonino', 'Readman', 'areadmandc@privacy.gov.au', 470, 'Dapin', 19, '3l9csn7GR1VX'),
(482, 'Willette', 'Insole', 'winsoledd@fda.gov', 918, 'Ilene', 9, 'PRlvcVnr'),
(483, 'Debby', 'Lamanby', 'dlamanbyde@weebly.com', 39, 'Dunning', 4, 'TsOjoV'),
(484, 'Earvin', 'Southerton', 'esouthertondf@imgur.com', 55, 'Morning', 19, 'R7f4LeUJFVTv'),
(485, 'Eb', 'Castagnier', 'ecastagnierdg@upenn.edu', 61, 'Monica', 11, 'wdHRqvkN'),
(486, 'Sunny', 'Presidey', 'spresideydh@usatoday.com', 44, 'Moulton', 14, 'lWagZ2kt'),
(487, 'Rae', 'Cleyburn', 'rcleyburndi@nifty.com', 76434, 'Anniversary', 7, 'eTgYWXQ17v'),
(488, 'Cordelia', 'Bartolomeotti', 'cbartolomeottidj@google.nl', 141, 'Lake View', 9, '9GrMBdSmtC'),
(489, 'Herbert', 'Arnely', 'harnelydk@wikia.com', 52, 'Hermina', 18, 'GfFUqS4iLces'),
(490, 'Andrus', 'Parramore', 'aparramoredl@wired.com', 14, 'Shelley', 10, '7OK5GvHmK8'),
(491, 'Gertruda', 'Flukes', 'gflukesdm@cisco.com', 978, 'Lakewood Gardens', 4, 'm000YPi'),
(492, 'Elsinore', 'Dagnall', 'edagnalldn@yahoo.co.jp', 7030, 'Mariners Cove', 8, '7ZbBPph5cT'),
(493, 'Timofei', 'Frostdicke', 'tfrostdickedo@purevolume.com', 3859, 'Cordelia', 20, 'fW0S1ZAvQ'),
(494, 'Hilliard', 'Paddeley', 'hpaddeleydp@sohu.com', 112, 'Holy Cross', 15, 'wI9AM1gOsa'),
(495, 'Meredith', 'Boatman', 'mboatmandq@goo.gl', 1, 'Stoughton', 9, 'gHvSN3c'),
(496, 'Nalani', 'Shillabear', 'nshillabeardr@flickr.com', 8, 'Summer Ridge', 4, 'YLbKuiNGv0e'),
(497, 'Emeline', 'Crosskell', 'ecrosskellds@goo.ne.jp', 4, 'Pennsylvania', 14, 'NTE1PnYkyWGE'),
(498, 'Raynor', 'Kirkman', 'rkirkmandt@earthlink.net', 53, 'Huxley', 20, 'RxLZhY'),
(499, 'Arley', 'Venney', 'avenneydu@addtoany.com', 85663, 'Oneill', 20, 'lYnyM8uLR'),
(500, 'Halli', 'Turbard', 'hturbarddv@google.co.uk', 3662, 'Bartillon', 16, '3cS1XC'),
(501, 'Kirby', 'Garmon', 'kgarmondw@yahoo.co.jp', 29, 'Ilene', 20, '82NyLVdQ'),
(502, 'Allx', 'Calvert', 'acalvertdx@samsung.com', 8329, 'Portage', 7, 'QzgdznY0ctaO'),
(503, 'Austen', 'Rosberg', 'arosbergdy@google.fr', 6, 'Village', 10, 'hJzhdwBw9On'),
(504, 'Sibelle', 'Stallworthy', 'sstallworthydz@php.net', 86, 'Saint Paul', 14, 'xHZW2Tj'),
(505, 'Glenn', 'Lanyon', 'glanyone0@ning.com', 47033, 'Pond', 8, 'gz6M4ekMjl'),
(506, 'Bambi', 'Meltetal', 'bmeltetale1@toplist.cz', 683, 'Blaine', 13, 'HKVTIh5BsgH'),
(507, 'Ciel', 'Lettington', 'clettingtone2@google.com.br', 87211, 'Pepper Wood', 15, 'JenIJ4'),
(508, 'Juditha', 'Brodway', 'jbrodwaye3@scientificamerican.com', 2, 'Arapahoe', 4, 'auKyAD'),
(509, 'Fannie', 'Renforth', 'frenforthe4@free.fr', 77, 'Blaine', 1, 'knCzedI'),
(510, 'Arlette', 'Incogna', 'aincognae5@people.com.cn', 46801, 'Westend', 16, 'gdJew3jfc6R'),
(511, 'Gabriell', 'Nowaczyk', 'gnowaczyke6@scientificamerican.com', 38, 'Lunder', 9, 'aRbjkQX4Q'),
(512, 'Charleen', 'Constantine', 'cconstantinee7@webmd.com', 707, 'Eastlawn', 2, 'ipsjN8CNM'),
(513, 'Saw', 'Kristufek', 'skristufeke8@aboutads.info', 415, 'Butterfield', 15, 'W79jMfmq'),
(514, 'Larissa', 'Aggott', 'laggotte9@skype.com', 379, 'Toban', 18, 'GKAkGaIuC'),
(515, 'Les', 'Trussler', 'ltrusslerea@ebay.co.uk', 82191, 'Dixon', 6, 'Ex2wJg'),
(516, 'Nadya', 'Bown', 'nbowneb@dropbox.com', 6821, 'Merchant', 20, 'tmG49OABZ'),
(517, 'Quinta', 'Reeve', 'qreeveec@nhs.uk', 96674, 'Bashford', 18, 'E2qDePQ6'),
(518, 'Cherrita', 'Lowsely', 'clowselyed@macromedia.com', 27498, 'Carey', 3, 'H1X3aP9Wet'),
(519, 'Seymour', 'McCosh', 'smccoshee@aol.com', 674, 'Sachtjen', 10, 'ojB1SzJGv'),
(520, 'Gregoor', 'Render', 'grenderef@yale.edu', 2, 'Paget', 2, 'MNuM48'),
(521, 'Elbertina', 'Lutz', 'elutzeg@nih.gov', 481, 'Del Mar', 17, 'gbLCPBff'),
(522, 'Minni', 'Schinetti', 'mschinettieh@usatoday.com', 87, 'Welch', 10, 'coDEOWPf06Zp'),
(523, 'Marianna', 'Crennell', 'mcrennellei@abc.net.au', 46509, 'Towne', 7, 'REpkKS'),
(524, 'Jarad', 'Garroch', 'jgarrochej@europa.eu', 9347, 'Graceland', 10, 'wpds38940rQ'),
(525, 'Webb', 'McGavigan', 'wmcgaviganek@tumblr.com', 8542, 'Acker', 17, 'cw42aok9p7WO'),
(526, 'Casper', 'Sainsbury', 'csainsburyel@cloudflare.com', 5962, 'Jackson', 10, 'nCLPiF8v3h'),
(527, 'Tanitansy', 'Newsome', 'tnewsomeem@pcworld.com', 261, 'Drewry', 5, 'tMQIHC'),
(528, 'Melanie', 'Jenno', 'mjennoen@go.com', 83094, 'Garrison', 12, 'PifzPYfd'),
(529, 'Elroy', 'Motte', 'emotteeo@sina.com.cn', 4, 'School', 9, 'GjGAB4kz2Qkl'),
(530, 'Buddie', 'Klamp', 'bklampep@yandex.ru', 46, 'Grayhawk', 19, 'NfQPVo'),
(531, 'Ryon', 'Haste', 'rhasteeq@sbwire.com', 366, 'Milwaukee', 6, 'Ux2OSixHz5Uz'),
(532, 'Dennie', 'Baignard', 'dbaignarder@paypal.com', 89, 'Shoshone', 1, 'WcNRskJGu'),
(533, 'Lindsey', 'Smy', 'lsmyes@angelfire.com', 17290, 'Arapahoe', 14, 'OgX0gH6Kic'),
(534, 'Stavro', 'Stainer', 'sstaineret@yellowpages.com', 111, 'Talisman', 4, 'edCTJsAI3g3'),
(535, 'Wright', 'Ivie', 'wivieeu@nyu.edu', 3, 'Tony', 19, 'w4oXnQ'),
(536, 'Fianna', 'Stachini', 'fstachiniev@jigsy.com', 3, 'Service', 10, 'OsRjZJoruvF'),
(537, 'Ive', 'Sawtell', 'isawtellew@washington.edu', 71, 'Hayes', 10, 'u9HUBayJWU2'),
(538, 'Jess', 'Bendle', 'jbendleex@g.co', 8566, '1st', 13, 'BsCmP5'),
(539, 'Purcell', 'Kerman', 'pkermaney@salon.com', 113, 'Troy', 4, '3w9kOgkrbYUp'),
(540, 'Clementia', 'Lawrenson', 'clawrensonez@dagondesign.com', 411, 'Northland', 3, 'ry8nz8'),
(541, 'Shara', 'Lowseley', 'slowseleyf0@bbc.co.uk', 238, 'Calypso', 3, '4xWEfQN'),
(542, 'Marjory', 'Davidovitch', 'mdavidovitchf1@gizmodo.com', 2071, 'Autumn Leaf', 14, 'LmgoiNKkMh'),
(543, 'Trey', 'Ghidotti', 'tghidottif2@comsenz.com', 2676, '5th', 15, '7y1Isljge3KC'),
(544, 'Blakeley', 'Twydell', 'btwydellf3@rambler.ru', 383, 'Manufacturers', 15, 'PnXhZn8xLVh'),
(545, 'Kariotta', 'Lipscomb', 'klipscombf4@walmart.com', 10451, 'Summerview', 16, 'Epwahhn'),
(546, 'Welsh', 'Dymick', 'wdymickf5@cafepress.com', 6412, 'Esch', 5, 'NS6eEENW5'),
(547, 'Sancho', 'Huzzey', 'shuzzeyf6@answers.com', 40, 'Duke', 15, 'qFRIX1L6'),
(548, 'Silvain', 'Dufour', 'sdufourf7@ifeng.com', 654, 'Raven', 11, 'OY0XuCxPv6'),
(549, 'Dody', 'Grundle', 'dgrundlef8@forbes.com', 215, 'Pankratz', 7, 'FiWhyMDpl2N'),
(550, 'Cornie', 'Jonas', 'cjonasf9@simplemachines.org', 98, 'Cottonwood', 17, 'sZXY3sQonV'),
(551, 'Adolphe', 'Gerb', 'agerbfa@themeforest.net', 390, 'Bowman', 20, '5M3ZtcSSQ3Y'),
(552, 'Yolanthe', 'Tregidgo', 'ytregidgofb@diigo.com', 5456, 'Bunker Hill', 1, 'lP03Eq'),
(553, 'Magdaia', 'Trulocke', 'mtrulockefc@upenn.edu', 1, 'Hintze', 11, 'BOLH19'),
(554, 'Shaine', 'Rosenschein', 'srosenscheinfd@slideshare.net', 611, 'Vahlen', 2, 'u3oOMy4JIj'),
(555, 'Spence', 'Simounet', 'ssimounetfe@bloomberg.com', 4893, 'Brickson Park', 20, 'TSH4NdFjU'),
(556, 'Brena', 'Thorold', 'bthoroldff@wikispaces.com', 2, 'Division', 7, 'BfJtMaTOHpx'),
(557, 'Tilda', 'Siene', 'tsienefg@sogou.com', 391, 'Clarendon', 6, 'xqJPNk'),
(558, 'Eadmund', 'Hugonneau', 'ehugonneaufh@goo.gl', 92, 'Corscot', 5, 'qXGarn7jwF55'),
(559, 'Gwenore', 'Rounsefull', 'grounsefullfi@netscape.com', 6, 'Bay', 5, '8Hi1HDnm'),
(560, 'Gran', 'Kabisch', 'gkabischfj@furl.net', 870, 'Columbus', 8, 'ZS237s'),
(561, 'Hobard', 'Du Fray', 'hdufrayfk@europa.eu', 9668, 'Sherman', 7, 'm44zEUbbgFj'),
(562, 'Marybelle', 'Bennis', 'mbennisfl@omniture.com', 8753, 'School', 6, '84PUgle'),
(563, 'Derek', 'MacRanald', 'dmacranaldfm@icio.us', 29985, 'Lawn', 9, 'WrRIlkdD'),
(564, 'Joe', 'Garman', 'jgarmanfn@istockphoto.com', 94, 'Forest', 2, 'tITQAV4ASy'),
(565, 'Valentina', 'Chippin', 'vchippinfo@yahoo.co.jp', 1, 'Crowley', 8, 'bverDFEtp'),
(566, 'Cynthy', 'Purselowe', 'cpurselowefp@shop-pro.jp', 16, 'Oak Valley', 17, 'lEoMNY'),
(567, 'Conrade', 'Crampsy', 'ccrampsyfq@shutterfly.com', 30, 'Everett', 16, '4QJeNt'),
(568, 'Isidoro', 'Ragsdall', 'iragsdallfr@acquirethisname.com', 80, 'Jay', 11, 'X3IRhR9Z'),
(569, 'Janos', 'Mc Menamin', 'jmcmenaminfs@pagesperso-orange.fr', 55870, 'Raven', 18, 'E9FBzf9ZcHma'),
(570, 'Lorine', 'Rain', 'lrainft@abc.net.au', 9319, 'Westend', 7, '2kohQ8L3'),
(571, 'Riane', 'Necolds', 'rnecoldsfu@harvard.edu', 351, 'Barnett', 15, 'ONX94Lz'),
(572, 'Pamella', 'Minger', 'pmingerfv@sourceforge.net', 459, 'Sheridan', 20, 'ZwS6DsBb'),
(573, 'Catherin', 'McNirlan', 'cmcnirlanfw@economist.com', 74991, 'Northview', 9, 'J6DXfVSHZ3v'),
(574, 'Jerry', 'Tayloe', 'jtayloefx@cnbc.com', 22, 'Kingsford', 14, 'q3vFDdeqH'),
(575, 'Ophelie', 'Trevethan', 'otrevethanfy@google.ru', 59739, 'Arkansas', 14, 'frP7s7a'),
(576, 'Baily', 'Leddie', 'bleddiefz@mozilla.com', 56841, 'Melby', 12, 'gqmj3UF4C'),
(577, 'Stevena', 'Juza', 'sjuzag0@who.int', 4, 'Gerald', 6, 'tqjVJxtp6'),
(578, 'Faustine', 'Fawks', 'ffawksg1@goo.ne.jp', 399, 'Katie', 14, 'uxMcPsjiDp'),
(579, 'Orson', 'Madner', 'omadnerg2@boston.com', 245, 'Waubesa', 6, 'VP77BKDT3wQ'),
(580, 'Sylvester', 'Tinston', 'stinstong3@hhs.gov', 6494, 'Forster', 9, 'x83XnibZ'),
(581, 'Cross', 'Hacquard', 'chacquardg4@cnbc.com', 9139, 'Hauk', 16, '0QMyJL7lub'),
(582, 'Roxine', 'D''Enrico', 'rdenricog5@indiatimes.com', 48, 'Northland', 12, 'g9goVqRq719t'),
(583, 'Chip', 'Paraman', 'cparamang6@twitpic.com', 40446, 'Nevada', 19, '3KoUPzT4snlI'),
(584, 'Obed', 'Gasgarth', 'ogasgarthg7@mozilla.com', 7, 'Elgar', 2, '5zj9hwMM'),
(585, 'Bird', 'Parriss', 'bparrissg8@sfgate.com', 570, 'Saint Paul', 17, 'wWaWBjzkl'),
(586, 'Baillie', 'Collerd', 'bcollerdg9@ameblo.jp', 95291, 'Hooker', 13, 'J1nZ3wMj'),
(587, 'Elvira', 'Staddom', 'estaddomga@nyu.edu', 9489, 'Waywood', 10, 'wYKHYqx'),
(588, 'Rodolph', 'Geeritz', 'rgeeritzgb@zdnet.com', 619, 'Hansons', 9, 'yF4hQ9L0'),
(589, 'Thatch', 'Pawlick', 'tpawlickgc@foxnews.com', 9, '1st', 15, 'eTzRhf'),
(590, 'Valentin', 'Tyzack', 'vtyzackgd@spotify.com', 7, 'Lindbergh', 7, 'CizdvwylvAq');
INSERT INTO `user` (`user_id`, `firstname`, `lastname`, `username`, `number`, `street`, `city_id`, `password`) VALUES
(591, 'Buffy', 'Winspare', 'bwinsparege@free.fr', 35411, 'Mayfield', 1, '1Nm6vECqZDp'),
(592, 'Lucienne', 'Estabrook', 'lestabrookgf@angelfire.com', 0, 'Lotheville', 11, 'YI5RbyNMTUgS'),
(593, 'Stacy', 'Pol', 'spolgg@yellowbook.com', 24857, 'Coolidge', 9, 'pZYN9SHt7'),
(594, 'Dre', 'MacMychem', 'dmacmychemgh@usnews.com', 69398, 'Goodland', 11, 'jDwCz4B'),
(595, 'Alison', 'Ziemke', 'aziemkegi@vistaprint.com', 3, 'Sommers', 15, 'K3NKgyhz'),
(596, 'Aloysia', 'McGann', 'amcganngj@linkedin.com', 272, 'Jay', 11, 'w66KKVht9p46'),
(597, 'Judith', 'Limeburn', 'jlimeburngk@blog.com', 1, 'Clemons', 14, 'WHnifxFhZCgG'),
(598, 'Lenora', 'Gladdor', 'lgladdorgl@github.io', 2050, 'Rutledge', 11, 'nkF1IPU'),
(599, 'Silvan', 'Remirez', 'sremirezgm@flavors.me', 8439, 'Stuart', 20, 'tFIVsCp'),
(600, 'Sapphire', 'Muglestone', 'smuglestonegn@vinaora.com', 704, 'Meadow Vale', 8, 'Ww9lquO1p5'),
(601, 'Noah', 'Elfleet', 'nelfleetgo@php.net', 91181, 'Manitowish', 16, 'CldPJ3iapL'),
(602, 'Syman', 'Sandaver', 'ssandavergp@odnoklassniki.ru', 7535, 'Northfield', 1, '0AXqpeTRoaN'),
(603, 'Mallory', 'Vatini', 'mvatinigq@columbia.edu', 4706, 'Mcbride', 9, 'fhHyWZ'),
(604, 'Jacenta', 'Lewton', 'jlewtongr@skype.com', 6, 'Prentice', 17, 'gGEDrhT'),
(605, 'Noelani', 'Songust', 'nsongustgs@123-reg.co.uk', 38776, 'Thompson', 10, 'ttl7RMB'),
(606, 'Bertina', 'Dooman', 'bdoomangt@twitter.com', 1429, 'Del Mar', 18, 'UY71gFB0'),
(607, 'Lyon', 'Bruhnsen', 'lbruhnsengu@nsw.gov.au', 220, 'Dennis', 19, 'DouAwXE0'),
(608, 'Adham', 'Le Grand', 'alegrandgv@woothemes.com', 80712, 'Dottie', 9, 'Rfy4M6vR'),
(609, 'Vanya', 'Hanmore', 'vhanmoregw@java.com', 4402, 'Moulton', 19, 'LwaZbBUx'),
(610, 'Prisca', 'Kimmel', 'pkimmelgx@bbc.co.uk', 5, 'Kenwood', 12, '4uUwxUR1zs'),
(611, 'Teodoro', 'Winsborrow', 'twinsborrowgy@xinhuanet.com', 3, 'Corscot', 17, 'QMXhmBCMCrx'),
(612, 'Galvin', 'Philip', 'gphilipgz@businessinsider.com', 49459, 'Waywood', 8, 'ty8DnMGK'),
(613, 'Vinnie', 'Jerdan', 'vjerdanh0@biglobe.ne.jp', 36130, 'Dryden', 1, 'XCspXq3MjF'),
(614, 'Rem', 'Seear', 'rseearh1@engadget.com', 17438, 'Bluejay', 10, 'iYFPDZgz2qpA'),
(615, 'Carlo', 'Arnaut', 'carnauth2@earthlink.net', 39, 'Hoffman', 16, 'wGes4nS8BI8'),
(616, 'Cinnamon', 'Cope', 'ccopeh3@pcworld.com', 4676, 'Ilene', 11, 'cq8zKD1Lh'),
(617, 'Alberik', 'Jessel', 'ajesselh4@webmd.com', 83, 'Stoughton', 5, 'Bnc45Z'),
(618, 'Kesley', 'Stonham', 'kstonhamh5@jimdo.com', 10703, 'Troy', 4, 'lG7VRNXoyJh'),
(619, 'Ronna', 'Melpuss', 'rmelpussh6@51.la', 21, 'Graceland', 13, '9xLm7QlnXdA0'),
(620, 'Hebert', 'Vassall', 'hvassallh7@un.org', 834, 'Sachs', 2, 'eN4q1bBygk'),
(621, 'Millie', 'Humphrys', 'mhumphrysh8@livejournal.com', 316, '8th', 20, '4vJd6gKfJov'),
(622, 'Maegan', 'Ghiotto', 'mghiottoh9@netlog.com', 60417, 'Old Gate', 18, 'XlPu6jfI1'),
(623, 'Dietrich', 'Tozer', 'dtozerha@lulu.com', 6, 'Cambridge', 1, 'qpu6Swh'),
(624, 'Wes', 'Deary', 'wdearyhb@furl.net', 4, 'Laurel', 11, 'Hf4Kai8'),
(625, 'Glen', 'Piner', 'gpinerhc@devhub.com', 353, 'Clemons', 5, '5sMNwyQ'),
(626, 'Giorgi', 'Glowacha', 'gglowachahd@cbc.ca', 57118, 'Bellgrove', 16, 'qsBCvneg'),
(627, 'Tildi', 'Haly', 'thalyhe@barnesandnoble.com', 93, 'Grim', 9, 'EAnuB10q2X'),
(628, 'Vinni', 'Stolworthy', 'vstolworthyhf@elpais.com', 429, 'Washington', 6, 'NMKO7AX'),
(629, 'Lawry', 'Carne', 'lcarnehg@paginegialle.it', 35726, 'Park Meadow', 2, 'ykrGpWFwu8'),
(630, 'Kally', 'Fallon', 'kfallonhh@senate.gov', 6465, 'Gateway', 16, 'VeXmqkLK'),
(631, 'Giffard', 'Lamonby', 'glamonbyhi@theglobeandmail.com', 0, 'Toban', 4, 'eDCdsgWzUH'),
(632, 'Patty', 'Fenn', 'pfennhj@spotify.com', 81109, 'Buhler', 16, 'lFrxGWVBhPZF'),
(633, 'Lynnell', 'Pinnegar', 'lpinnegarhk@zimbio.com', 895, 'Kenwood', 4, 'HBFQ1UZHl'),
(634, 'Olwen', 'Northin', 'onorthinhl@multiply.com', 44402, 'Ronald Regan', 10, 'T265eKO1EI'),
(635, 'Loni', 'Demanche', 'ldemanchehm@hatena.ne.jp', 83699, 'Brickson Park', 4, 'WcvYCKdpaln'),
(636, 'Loy', 'Highnam', 'lhighnamhn@msu.edu', 24, 'Ruskin', 16, '8fgL3YBngVuZ'),
(637, 'Les', 'Hehnke', 'lhehnkeho@slate.com', 9, 'Westport', 5, 'Bv6viqzd2RN'),
(638, 'Kippy', 'Kaszper', 'kkaszperhp@altervista.org', 429, 'Larry', 19, 'tvaZrSD'),
(639, 'Gwendolin', 'Gear', 'ggearhq@netlog.com', 607, 'Prairie Rose', 10, 'MaUZOm8'),
(640, 'Ronda', 'Vaneschi', 'rvaneschihr@de.vu', 5602, 'Thompson', 3, 'QmUoxEVTt1'),
(641, 'Tansy', 'Blamires', 'tblamireshs@twitpic.com', 3292, 'Kensington', 20, 'JX8laMMjWq'),
(642, 'Saunder', 'Sparey', 'sspareyht@xinhuanet.com', 241, 'East', 7, 'Kn74zcqo3C'),
(643, 'Griffie', 'Trase', 'gtrasehu@ehow.com', 137, 'Pond', 12, 'AvBYRgojS'),
(644, 'Judas', 'Lyndon', 'jlyndonhv@dion.ne.jp', 2, 'Toban', 2, 'sgF5cQmaO'),
(645, 'Cassey', 'Forestel', 'cforestelhw@cnet.com', 643, 'Warrior', 3, 'tbHy7Hg'),
(646, 'Mile', 'Vondracek', 'mvondracekhx@mayoclinic.com', 7790, 'Burrows', 4, 'pyXu5dU'),
(647, 'Cordula', 'Hugnot', 'chugnothy@usa.gov', 12492, 'Lukken', 14, 'H3SpaMNi5'),
(648, 'Ruthanne', 'Bolduc', 'rbolduchz@1688.com', 389, 'Talmadge', 2, 'fekC8cF'),
(649, 'Hildegaard', 'Baldassi', 'hbaldassii0@unicef.org', 80873, 'Namekagon', 9, '9a5uUL2'),
(650, 'Gordy', 'Boich', 'gboichi1@goodreads.com', 91, 'Blaine', 10, 'XmcaQdziD'),
(651, 'Pris', 'Smidmor', 'psmidmori2@aboutads.info', 882, 'Harper', 18, 'E2p1N5NNN'),
(652, 'Isidore', 'Elstub', 'ielstubi3@wsj.com', 9157, 'Mandrake', 4, '65DFJflVV4'),
(653, 'Martainn', 'Litherland', 'mlitherlandi4@aol.com', 3, 'Fordem', 14, 'GLmWVw1u9jR'),
(654, 'Crista', 'Gartside', 'cgartsidei5@cdbaby.com', 347, 'Amoth', 14, 'f7eTjcqBlpBc'),
(655, 'Bartolomeo', 'Banyard', 'bbanyardi6@goo.gl', 42967, 'Crowley', 1, 'lSdQDxq'),
(656, 'Guntar', 'Seedhouse', 'gseedhousei7@biblegateway.com', 9, 'Commercial', 8, 'GggxOG'),
(657, 'Chrystal', 'Falconar', 'cfalconari8@edublogs.org', 851, 'Transport', 4, 'biH5GbAH4'),
(658, 'Dorree', 'Rewbottom', 'drewbottomi9@typepad.com', 17, 'Autumn Leaf', 1, 'UVe3qcaxQzt'),
(659, 'Penn', 'Thomassin', 'pthomassinia@cyberchimps.com', 28, 'Basil', 9, 'jYCINjM'),
(660, 'Maddie', 'Chellenham', 'mchellenhamib@dailymotion.com', 83556, 'Randy', 6, 'l4lyzMzw'),
(661, 'Lyndsie', 'Annell', 'lannellic@symantec.com', 2978, 'Ramsey', 4, 'GlqXJU1Nws'),
(662, 'Toby', 'Gheraldi', 'tgheraldiid@cyberchimps.com', 44723, 'Hazelcrest', 18, 'ROghd7L4A'),
(663, 'Joe', 'Crombie', 'jcrombieie@mapy.cz', 7, 'Springs', 16, 'nnWzA5nAKO'),
(664, 'Pietrek', 'Elfleet', 'pelfleetif@ucoz.com', 56594, 'Mendota', 13, 'vlyricF7B'),
(665, 'Minni', 'Rainville', 'mrainvilleig@feedburner.com', 72628, 'American', 5, 'i7JvzJ8k'),
(666, 'Judy', 'Cornelius', 'jcorneliusih@psu.edu', 39727, 'Moland', 11, '47PFWyXDdt'),
(667, 'Leigh', 'Bradden', 'lbraddenii@tinypic.com', 5, 'Forest Dale', 15, 'Zykm35'),
(668, 'Win', 'Kadar', 'wkadarij@kickstarter.com', 1, 'Waywood', 7, 'aFAPMXjhL'),
(669, 'Bradley', 'Adams', 'badamsik@loc.gov', 68, 'Quincy', 10, 'qgZBh5M'),
(670, 'Ricoriki', 'Mary', 'rmaryil@discovery.com', 422, 'Doe Crossing', 7, 'F57Zs9iOREw'),
(671, 'Sallie', 'Bohills', 'sbohillsim@samsung.com', 49688, '5th', 17, 'eaiF7qW'),
(672, 'Clayson', 'O''Sheils', 'cosheilsin@hibu.com', 862, 'Maple', 16, 'gasRrrERQ2E'),
(673, 'Orelee', 'Rizzini', 'orizziniio@accuweather.com', 16, 'Grasskamp', 20, 'nuaAqJdoMtx'),
(674, 'Gradeigh', 'Bremner', 'gbremnerip@bluehost.com', 4, 'Glacier Hill', 14, '3Hx54PydP8'),
(675, 'Leupold', 'Ridoutt', 'lridouttiq@skyrock.com', 2138, 'Erie', 10, 'AOClFJPUDf'),
(676, 'Tracee', 'Juhruke', 'tjuhrukeir@answers.com', 4, 'Bayside', 3, 'g3jQZvgqFyM7'),
(677, 'Gert', 'Clemits', 'gclemitsis@multiply.com', 3071, 'Sundown', 1, '0HwPm6G55'),
(678, 'Ernestine', 'Woodfine', 'ewoodfineit@hc360.com', 5795, 'Cardinal', 3, '4boS5e'),
(679, 'Lawry', 'Persent', 'lpersentiu@ustream.tv', 970, 'Summit', 20, '8cxjPSKyw'),
(680, 'Dana', 'Galland', 'dgallandiv@seattletimes.com', 99, 'Vahlen', 9, 'c84k1IT'),
(681, 'Siegfried', 'Rance', 'sranceiw@tinypic.com', 5784, 'Logan', 17, 'nM35K6Xt6'),
(682, 'Cherise', 'Arstingall', 'carstingallix@hubpages.com', 21, 'Summit', 8, 'cBOiU0x4'),
(683, 'Rudolph', 'Shobbrook', 'rshobbrookiy@pagesperso-orange.fr', 2, 'Morning', 15, 'sxvjzkUWrOvJ'),
(684, 'Giraud', 'Angrave', 'gangraveiz@sina.com.cn', 4302, 'Mifflin', 7, 'tUBSvU8hqLPi'),
(685, 'Leticia', 'Dreus', 'ldreusj0@usgs.gov', 2766, 'Manley', 4, 'BnxgaCyfd'),
(686, 'Enid', 'Scogings', 'escogingsj1@narod.ru', 7520, 'Prairie Rose', 11, 'plOHG1JzDc5B'),
(687, 'Ainslie', 'Preene', 'apreenej2@booking.com', 15385, 'Hanover', 10, 'HOMWSHNG44LS'),
(688, 'Rhianna', 'Jeannequin', 'rjeannequinj3@facebook.com', 116, 'Sutteridge', 1, '58RiA6STd5u'),
(689, 'Laetitia', 'Barstowk', 'lbarstowkj4@bbb.org', 27, 'Bartillon', 8, 'uWBcQQiNjt'),
(690, 'Caresa', 'Brookhouse', 'cbrookhousej5@facebook.com', 914, 'Oak', 15, '3WKjDBfatK1P'),
(691, 'Marney', 'Fowler', 'mfowlerj6@hud.gov', 562, 'Montana', 8, 'sNgBMsFomL4'),
(692, 'Genevieve', 'Bromell', 'gbromellj7@apache.org', 82, 'Laurel', 16, 'O6j9Lt3I6Cq'),
(693, 'Fidel', 'Boost', 'fboostj8@google.pl', 55745, 'Stang', 8, 'gZbuc5pn5ip'),
(694, 'Elsie', 'Abbey', 'eabbeyj9@google.ru', 982, 'Farragut', 20, 'Xm6miaRR6Ep5'),
(695, 'Kurt', 'Huitson', 'khuitsonja@imdb.com', 84540, 'Monterey', 20, 'BBEbwY3'),
(696, 'Bent', 'Mattingley', 'bmattingleyjb@unblog.fr', 676, 'Hovde', 14, 'wZzJcK'),
(697, 'Arney', 'Barbrook', 'abarbrookjc@abc.net.au', 39445, 'Lakewood Gardens', 1, '4qowsXwTU'),
(698, 'Vaughn', 'Boxhall', 'vboxhalljd@paginegialle.it', 545, 'Calypso', 14, 'LwbDMHdEowJ'),
(699, 'Karim', 'Brimman', 'kbrimmanje@purevolume.com', 37589, 'Evergreen', 15, 'hTIr2fi'),
(700, 'Gavin', 'Dobrovolny', 'gdobrovolnyjf@who.int', 57, 'Petterle', 15, 'nmVZ2M'),
(701, 'Joanie', 'Bosworth', 'jbosworthjg@moonfruit.com', 73, 'Riverside', 12, 'kXaKi43uH'),
(702, 'Dora', 'Ivantyev', 'divantyevjh@360.cn', 20210, 'Jay', 11, 'pTYAqLDG'),
(703, 'Erinna', 'Kiessel', 'ekiesselji@umn.edu', 164, 'High Crossing', 18, '9TWuf8'),
(704, 'Catarina', 'Siviour', 'csiviourjj@homestead.com', 16428, 'Kedzie', 20, '4iKNxNlnTVI'),
(705, 'Sander', 'Muggach', 'smuggachjk@bigcartel.com', 2966, 'Crescent Oaks', 8, 'pVBL4p3'),
(706, 'Shelagh', 'Hargie', 'shargiejl@google.com.br', 4, 'Glacier Hill', 5, 'JpGI0IjE65'),
(707, 'Teresina', 'Feare', 'tfearejm@ifeng.com', 40663, 'Summit', 1, 'M2STEcdg'),
(708, 'Gerome', 'Kerrich', 'gkerrichjn@berkeley.edu', 5315, 'Messerschmidt', 10, '7Mp62xw0k'),
(709, 'Jesse', 'Carrigan', 'jcarriganjo@deliciousdays.com', 6, 'Loeprich', 12, 'xlXnAX8P'),
(710, 'Meg', 'Barbe', 'mbarbejp@etsy.com', 4, 'Steensland', 14, 'cVEMcdILGYT'),
(711, 'Prentice', 'Bodman', 'pbodmanjq@netscape.com', 642, 'Blaine', 16, 'rQHnaYZO3vV'),
(712, 'Carmina', 'Bawden', 'cbawdenjr@nhs.uk', 57, 'Talisman', 6, 'BUKPhOyh'),
(713, 'Ethelred', 'Dabinett', 'edabinettjs@census.gov', 4559, 'Shopko', 1, 'XFA7BMg'),
(714, 'Boycey', 'Ekless', 'beklessjt@soup.io', 76044, 'Maywood', 14, 'VFOUGjDVhm'),
(715, 'Luca', 'Barratt', 'lbarrattju@cargocollective.com', 8, 'Colorado', 11, 'L6cOn86'),
(716, 'Othella', 'Wickie', 'owickiejv@hibu.com', 2, 'Forest Dale', 7, 'aTghSzjA3O'),
(717, 'Elyssa', 'Colleford', 'ecollefordjw@amazon.co.jp', 672, 'Schlimgen', 12, 'XSg9OzoWOgEw'),
(718, 'Jannel', 'Grattage', 'jgrattagejx@sitemeter.com', 83296, 'Mallory', 16, 'zFrzq8'),
(719, 'Orin', 'Bee', 'obeejy@qq.com', 506, 'Hagan', 5, 'MxMBD7PJZXa'),
(720, 'Lynelle', 'Etherton', 'lethertonjz@pcworld.com', 2, 'Victoria', 9, '22Kb4Vsq'),
(721, 'Afton', 'Pudge', 'apudgek0@narod.ru', 95, 'Hoard', 6, 'IOpbhXd3Mop'),
(722, 'Creight', 'Brabbins', 'cbrabbinsk1@de.vu', 96502, 'Division', 10, 's6PNZtZfy6'),
(723, 'Cullan', 'Chelam', 'cchelamk2@sfgate.com', 64, 'Vidon', 20, 'lLEPkq'),
(724, 'Omar', 'Margrie', 'omargriek3@salon.com', 1283, 'Express', 8, 'zyNw15J'),
(725, 'Wilmer', 'Seakin', 'wseakink4@dropbox.com', 0, 'Linden', 7, 'HRP8grpyjoa'),
(726, 'Stephine', 'Paxforde', 'spaxfordek5@mac.com', 80, 'Anzinger', 14, 'wgCLhxiy7nk'),
(727, 'Kristine', 'Gelardi', 'kgelardik6@sitemeter.com', 77, 'Petterle', 14, 'W4f73CPxREd'),
(728, 'Page', 'Acory', 'pacoryk7@live.com', 9369, 'Debs', 6, 't6iq9JgtEIZO'),
(729, 'Sarine', 'Newitt', 'snewittk8@t.co', 35, 'Hooker', 16, 'WOcuIXfjIqTo'),
(730, 'Nomi', 'Heal', 'nhealk9@wordpress.org', 5688, 'Glacier Hill', 17, 'E6GIjYW34hz'),
(731, 'Bruce', 'Geffinger', 'bgeffingerka@ft.com', 7, 'Kenwood', 4, 'VOH1yzlR7lTn'),
(732, 'Dorine', 'Hayworth', 'dhayworthkb@seattletimes.com', 56, 'Acker', 9, 'bjdG80erD0f2'),
(733, 'Johna', 'Joriot', 'jjoriotkc@sourceforge.net', 97, 'Anniversary', 20, 'cNGIdN'),
(734, 'Sofia', 'Copnar', 'scopnarkd@bloglovin.com', 91527, 'Pennsylvania', 20, 'IZkR8VB33c'),
(735, 'Olivia', 'Karolowski', 'okarolowskike@digg.com', 9, 'Maywood', 17, 'cCpOZfmhNRD'),
(736, 'Tove', 'Velde', 'tveldekf@prweb.com', 6187, 'Nevada', 6, 'wqHAauBMWdb'),
(737, 'Estel', 'De Vere', 'edeverekg@bing.com', 2631, 'Sutteridge', 2, 'UNuBAlZl'),
(738, 'Herold', 'Clemenson', 'hclemensonkh@msu.edu', 84, 'Tennyson', 2, 'OciSf7cT'),
(739, 'Akim', 'Bartels', 'abartelski@uol.com.br', 903, 'Bultman', 9, 'cs3aoszm'),
(740, 'Madelene', 'Gergher', 'mgergherkj@walmart.com', 26, 'Westridge', 6, 'BeFw8CcV3e2'),
(741, 'Monah', 'Goseling', 'mgoselingkk@vistaprint.com', 683, 'Miller', 18, 'mNfSVk5DSwu'),
(742, 'Arda', 'Alsobrook', 'aalsobrookkl@discuz.net', 40705, 'Shasta', 19, 'h72FX4XDjO'),
(743, 'Connie', 'Heersma', 'cheersmakm@deviantart.com', 8744, 'Pearson', 17, 'LdaTg96eI'),
(744, 'Zaria', 'Goodhay', 'zgoodhaykn@yandex.ru', 414, 'Fremont', 3, 'mjwDLRw9Z3'),
(745, 'Willi', 'Grisenthwaite', 'wgrisenthwaiteko@aol.com', 5035, 'Hazelcrest', 16, 'gmorLaW57'),
(746, 'Darcey', 'Gallacher', 'dgallacherkp@qq.com', 8658, 'High Crossing', 8, 'Sv6kivr'),
(747, 'Paton', 'Jerrom', 'pjerromkq@live.com', 12, 'Carioca', 14, 'fuK50YnqOSv'),
(748, 'Felisha', 'Diggles', 'fdiggleskr@hud.gov', 84, 'Goodland', 2, 'y0FV5LLxcI'),
(749, 'Hermine', 'Spurr', 'hspurrks@dyndns.org', 2, 'Mcguire', 5, 'Bd9fWHyhMU'),
(750, 'Booth', 'Bortolini', 'bbortolinikt@hubpages.com', 5, 'Prairieview', 8, 'OZAFHYU'),
(751, 'Nilson', 'O''Tuohy', 'notuohyku@google.com.hk', 18, 'Londonderry', 9, 'kIAuuGOQYpiL'),
(752, 'Gaby', 'Shoosmith', 'gshoosmithkv@bigcartel.com', 66463, 'Fordem', 7, 'bCPNSuIul'),
(753, 'Essy', 'Ebbs', 'eebbskw@blinklist.com', 115, 'Brown', 2, 'xBYxy9R'),
(754, 'Charline', 'Dantesia', 'cdantesiakx@godaddy.com', 2, 'Calypso', 12, 'Fl7149'),
(755, 'Yanaton', 'Caswall', 'ycaswallky@howstuffworks.com', 628, 'Brentwood', 2, 'jaYMGv9rb'),
(756, 'Lindi', 'Staining', 'lstainingkz@businessweek.com', 877, 'Atwood', 20, 'rA0HmRbvel'),
(757, 'Margette', 'MacFadin', 'mmacfadinl0@nhs.uk', 78732, 'Ilene', 6, 'EvxtrkJe'),
(758, 'Tiffi', 'Littlejohn', 'tlittlejohnl1@discuz.net', 38064, 'Westridge', 17, 'O5UseIKYnm9'),
(759, 'Anstice', 'Clifforth', 'aclifforthl2@tumblr.com', 4, 'Ridgeway', 6, 'K1yosD'),
(760, 'Quintana', 'Brosius', 'qbrosiusl3@scientificamerican.com', 2215, 'John Wall', 12, 'WPYI0GsbvOx'),
(761, 'Maureen', 'Angrick', 'mangrickl4@virginia.edu', 419, 'Tony', 3, 'yt5MeMtn'),
(762, 'Marcel', 'Hill', 'mhilll5@so-net.ne.jp', 183, 'Ramsey', 6, '1hMOfs'),
(763, 'Dniren', 'Miranda', 'dmirandal6@usa.gov', 22, 'Morningstar', 8, 'iedOuPySHRP'),
(764, 'Andromache', 'Ziemens', 'aziemensl7@slideshare.net', 9, 'Shopko', 11, 'StMaEhMF'),
(765, 'Tierney', 'Heberden', 'theberdenl8@hatena.ne.jp', 98, 'Nancy', 20, 'eO0gkxLVQ'),
(766, 'Harmony', 'Page', 'hpagel9@w3.org', 6, 'Old Gate', 10, 'uITEaSb'),
(767, 'Isaak', 'Billingsley', 'ibillingsleyla@japanpost.jp', 418, 'Shasta', 8, 'c9fKmLrp6'),
(768, 'Demott', 'Duplock', 'dduplocklb@tiny.cc', 8345, 'Harbort', 8, 'hE4OkEem8p8'),
(769, 'Xenia', 'Tchaikovsky', 'xtchaikovskylc@cbsnews.com', 2, 'Scofield', 10, 'PXAkSDCN'),
(770, 'Anette', 'Shotbolt', 'ashotboltld@skyrock.com', 48014, 'Lotheville', 8, 'OOAoa2lgg5Z'),
(771, 'Faythe', 'Jeanel', 'fjeanelle@nba.com', 87817, 'Wayridge', 11, 'ntXSGDAZt9'),
(772, 'Briano', 'Glasgow', 'bglasgowlf@is.gd', 6, 'Chinook', 10, 'AQs9lKOc'),
(773, 'Tito', 'Accomb', 'taccomblg@barnesandnoble.com', 612, 'Fairfield', 1, 'MKckCrSgkAKQ'),
(774, 'Evvie', 'Yedy', 'eyedylh@examiner.com', 24574, 'Kedzie', 11, 'IBMm54u7OdB'),
(775, 'Gillian', 'Meth', 'gmethli@pen.io', 4, 'Talisman', 15, 'CpbCG4VTb'),
(776, 'Kare', 'Deesly', 'kdeeslylj@bing.com', 1714, 'Dixon', 4, 'OxSKNa1MSaM'),
(777, 'Rosene', 'Earpe', 'rearpelk@hostgator.com', 82754, 'Veith', 7, 'keUWsw'),
(778, 'Nettie', 'Osbiston', 'nosbistonll@joomla.org', 353, 'Saint Paul', 20, 'k4N7rfngQyL7'),
(779, 'Damiano', 'Dows', 'ddowslm@auda.org.au', 928, 'Sauthoff', 6, 'nm2RjOrYzbYC'),
(780, 'Bald', 'Riggott', 'briggottln@harvard.edu', 52, 'Canary', 5, '6lANuuEHCagF'),
(781, 'Winslow', 'Hoffner', 'whoffnerlo@cloudflare.com', 70470, 'Del Sol', 17, 'Ic2tvh'),
(782, 'Dore', 'Hassell', 'dhasselllp@java.com', 108, 'Dunning', 15, 'BUkh2yRO99'),
(783, 'Rollie', 'Jewes', 'rjeweslq@ifeng.com', 2, 'Di Loreto', 7, '0Jltz6aqNW'),
(784, 'Cherye', 'Franssen', 'cfranssenlr@google.com.hk', 801, 'Moulton', 5, '1lVDqwau'),
(785, 'Augustin', 'Marriner', 'amarrinerls@gnu.org', 518, 'Parkside', 14, 'YU0NbHDz'),
(786, 'Mohammed', 'Dymoke', 'mdymokelt@patch.com', 8, 'Annamark', 12, 'rBqv3c'),
(787, 'Urban', 'Fargie', 'ufargielu@vkontakte.ru', 1, 'Fallview', 15, '55sihq'),
(788, 'Kip', 'Bannister', 'kbannisterlv@about.me', 72635, 'Mayfield', 15, 'bO9xV50'),
(789, 'Benedetto', 'Lufkin', 'blufkinlw@studiopress.com', 9614, 'Brown', 15, 'qKqzJ0ciRuQ'),
(790, 'Phil', 'Strode', 'pstrodelx@rediff.com', 6703, 'Daystar', 3, 'WvZ9g6dXZcD'),
(791, 'Kettie', 'Elmhurst', 'kelmhurstly@epa.gov', 1488, 'Buena Vista', 16, 'IsDprDuMaN'),
(792, 'Marchelle', 'Jerrold', 'mjerroldlz@unc.edu', 58896, 'Schlimgen', 7, 'ZGaf5obJ'),
(793, 'Dinny', 'Castletine', 'dcastletinem0@weather.com', 691, 'Crescent Oaks', 13, 'ygBgikjB4'),
(794, 'Darrin', 'Alsina', 'dalsinam1@cam.ac.uk', 7025, 'Meadow Valley', 16, 'GN9jWWm'),
(795, 'Lenard', 'Orringe', 'lorringem2@bloomberg.com', 1, 'Jenna', 15, 'eBsmZvpVfeR4'),
(796, 'Suzi', 'MacAlinden', 'smacalindenm3@opensource.org', 81, 'Washington', 15, 'LPphD33NT'),
(797, 'Nico', 'Van der Kruis', 'nvanderkruism4@surveymonkey.com', 76722, 'Buhler', 20, 'IWnHhAdaj'),
(798, 'Zonda', 'Nicholl', 'znichollm5@deviantart.com', 958, 'Lunder', 16, 'bUcegVLrOJIc'),
(799, 'Mab', 'Skein', 'mskeinm6@histats.com', 5, 'Warner', 7, 'pmJXJ2l9'),
(800, 'Johnette', 'Liles', 'jlilesm7@flickr.com', 16200, 'South', 6, 'SUFaIL8mUyoX'),
(801, 'Bennett', 'Lyddy', 'blyddym8@cnet.com', 5, 'Dorton', 19, 'l83WOU5'),
(802, 'Rancell', 'Mylchreest', 'rmylchreestm9@issuu.com', 9, 'Schmedeman', 19, '0bySrUsa'),
(803, 'Kaylyn', 'Hexter', 'khexterma@topsy.com', 26847, 'Dakota', 14, 'oWKIBcxsbk'),
(804, 'Jacquelynn', 'More', 'jmoremb@homestead.com', 39889, 'Basil', 11, 'HQ6FZbt'),
(805, 'Wain', 'Heinrici', 'wheinricimc@cisco.com', 6, 'Northridge', 4, 'fcxuYMXAuFH'),
(806, 'Doloritas', 'Balch', 'dbalchmd@disqus.com', 9, 'Straubel', 15, 'R5GIFGbZqUB'),
(807, 'Talya', 'Bohje', 'tbohjeme@fema.gov', 40096, 'Ronald Regan', 16, '3HolEIme5'),
(808, 'Zeb', 'Trematick', 'ztrematickmf@hostgator.com', 3568, 'Oneill', 13, 'IlGMI9ERTX'),
(809, 'Cammie', 'Bosma', 'cbosmamg@google.cn', 303, 'Lukken', 19, 'EP8aqF7'),
(810, 'Averyl', 'Jaquin', 'ajaquinmh@facebook.com', 38487, 'Pearson', 10, '4oxe4qH8k9L'),
(811, 'Carlie', 'Doddridge', 'cdoddridgemi@chicagotribune.com', 1095, 'Grayhawk', 14, '3UI5Dyk'),
(812, 'Dorella', 'Blamphin', 'dblamphinmj@booking.com', 1277, 'Jackson', 11, '5BFECaAdhQ'),
(813, 'Micheline', 'Smallpiece', 'msmallpiecemk@wiley.com', 3984, 'Montana', 3, 'KJ97SX'),
(814, 'Margareta', 'Mawditt', 'mmawdittml@reuters.com', 22, 'Independence', 1, 'S8zx8CiuzIx'),
(815, 'Inessa', 'Dorwood', 'idorwoodmm@csmonitor.com', 83757, 'Ruskin', 8, 'VHYKEs'),
(816, 'Waverley', 'Eplate', 'weplatemn@umn.edu', 4, 'Hallows', 3, 'A1m79PdfOo'),
(817, 'Celeste', 'Priddle', 'cpriddlemo@sina.com.cn', 0, 'Heffernan', 15, 'b7ac0UbnV1'),
(818, 'Montague', 'Pedron', 'mpedronmp@ed.gov', 807, 'Stone Corner', 1, 'seoKk4'),
(819, 'Taite', 'Juliff', 'tjuliffmq@google.co.uk', 21498, 'Gina', 15, 'SBQDo5RSj'),
(820, 'Patrick', 'Shaplin', 'pshaplinmr@dell.com', 75, 'Northwestern', 17, 'rKOQiTWmo'),
(821, 'Filbert', 'Blackall', 'fblackallms@multiply.com', 2, 'Blackbird', 13, 'ShgAvMCevb'),
(822, 'Brnaby', 'Laye', 'blayemt@wsj.com', 3, 'Basil', 4, 'FSdcmL'),
(823, 'Bendite', 'McCaskill', 'bmccaskillmu@topsy.com', 6, 'Luster', 1, 'WxFNuavfCxSw'),
(824, 'Waylan', 'Satterlee', 'wsatterleemv@go.com', 94, 'Lyons', 3, 'lHThrO5Q9GH'),
(825, 'Moria', 'Rivard', 'mrivardmw@google.it', 662, 'Kim', 15, 'pwBpioEIWBv'),
(826, 'Angeline', 'Huffy', 'ahuffymx@nhs.uk', 5, 'Menomonie', 7, 'cNQNE2i0exZE'),
(827, 'Cherie', 'Volante', 'cvolantemy@wisc.edu', 36814, 'Ramsey', 1, 'x7TLJIeqydLP'),
(828, 'Eba', 'Crandon', 'ecrandonmz@cyberchimps.com', 72979, 'Schiller', 4, 'C8sPX5'),
(829, 'Melantha', 'Squire', 'msquiren0@microsoft.com', 486, 'Hanson', 20, '69mieTQTlWR'),
(830, 'Cecilla', 'Chattey', 'cchatteyn1@skyrock.com', 428, 'Dixon', 2, '9UArkS'),
(831, 'Shelia', 'Wasteney', 'swasteneyn2@skype.com', 82, 'Michigan', 16, 'ZsGJ0e3iY5a'),
(832, 'Kane', 'Mordin', 'kmordinn3@mlb.com', 1259, 'Elka', 5, 'Ci4q19Lj6Ofp'),
(833, 'Obidiah', 'Leamon', 'oleamonn4@i2i.jp', 2, 'Mariners Cove', 8, '0V3Y8l'),
(834, 'Claus', 'Fairley', 'cfairleyn5@behance.net', 21, 'Namekagon', 7, 'MBKuGPgFES'),
(835, 'Othello', 'Sitlinton', 'ositlintonn6@parallels.com', 9, 'Scoville', 3, '7Or3MVju6y4'),
(836, 'Regan', 'Nolan', 'rnolann7@cargocollective.com', 99, 'Erie', 18, 'ihUNL3w'),
(837, 'Toma', 'MacPadene', 'tmacpadenen8@booking.com', 7, 'Orin', 4, '9u83sXcWnC'),
(838, 'Panchito', 'Gniewosz', 'pgniewoszn9@tamu.edu', 4551, 'Towne', 20, 'ZRARI0YoovL'),
(839, 'Jerrome', 'Ghiotto', 'jghiottona@clickbank.net', 9, 'Straubel', 14, 'RJmxHFV2t'),
(840, 'Roxana', 'MacTrustrie', 'rmactrustrienb@google.co.jp', 4246, 'Kedzie', 18, 'jzpS548anI8'),
(841, 'Carolan', 'Blackly', 'cblacklync@un.org', 8679, 'Messerschmidt', 5, 'ec3HjDU'),
(842, 'Shoshana', 'De Ruggiero', 'sderuggierond@unblog.fr', 56517, 'Eastlawn', 10, 'yW3AFHWjlaGG'),
(843, 'Deva', 'Turgoose', 'dturgoosene@domainmarket.com', 92, 'Lien', 15, 'B5ZY4Ui'),
(844, 'Sheffy', 'Orum', 'sorumnf@google.cn', 53561, 'Lakeland', 19, 'iIjMQfLxvM'),
(845, 'Harman', 'Skeene', 'hskeeneng@facebook.com', 15388, 'Maryland', 16, '5e71Flc2tW'),
(846, 'Clevie', 'Ost', 'costnh@example.com', 3750, 'Continental', 6, '5nzEEYxjb'),
(847, 'Killy', 'MacKinnon', 'kmackinnonni@t.co', 2, 'Mcguire', 18, 'w4unOIxZFaN'),
(848, 'Charley', 'Fletcher', 'cfletchernj@ehow.com', 94, 'Sundown', 5, 'RAX2LRE'),
(849, 'Archibold', 'Haslewood', 'ahaslewoodnk@g.co', 4079, 'Walton', 9, '94rFw0RwEMF'),
(850, 'Sherwood', 'Gheeorghie', 'sgheeorghienl@state.tx.us', 81, 'Golden Leaf', 9, 'MvARoQ'),
(851, 'Bari', 'Dearlove', 'bdearlovenm@bizjournals.com', 3124, 'Calypso', 15, '5rHqUIKF6'),
(852, 'Sosanna', 'De Roos', 'sderoosnn@comcast.net', 815, 'American Ash', 16, 'zqc09cz9ahS'),
(853, 'Alyss', 'MacMeekan', 'amacmeekanno@weather.com', 61692, 'Scoville', 5, 'VtHm9X1yD'),
(854, 'Rafferty', 'Stonary', 'rstonarynp@lulu.com', 17039, 'Park Meadow', 20, '5dGdeS9fZ41'),
(855, 'Patty', 'Wooder', 'pwoodernq@theatlantic.com', 3, 'Barby', 2, 'nkUuHZNnw'),
(856, 'Nikolaus', 'Pinn', 'npinnnr@icio.us', 9959, 'Dahle', 18, 'KTod2RX'),
(857, 'Stirling', 'Urwin', 'surwinns@ucoz.ru', 57, 'Lillian', 4, 'h771Ai6'),
(858, 'Marguerite', 'Canas', 'mcanasnt@army.mil', 787, 'Pierstorff', 8, 'i5lDuGvV'),
(859, 'Chelsea', 'Applegate', 'capplegatenu@microsoft.com', 39930, 'Cottonwood', 4, 'KtDAHCyHuR'),
(860, 'Esdras', 'Bolte', 'eboltenv@apache.org', 977, 'Moulton', 10, 'ongnxSSpg5uM'),
(861, 'Rosella', 'Bondar', 'rbondarnw@sciencedirect.com', 8, 'Continental', 14, 'U994BGqp'),
(862, 'Nona', 'Heibel', 'nheibelnx@springer.com', 48391, 'Weeping Birch', 8, 'sppehq2S'),
(863, 'Henriette', 'Tindley', 'htindleyny@house.gov', 8, 'Northfield', 20, 'qfbiTgmH'),
(864, 'Hercules', 'Latchford', 'hlatchfordnz@senate.gov', 5610, 'Farwell', 2, 'oQYmJx2Jq'),
(865, 'Berky', 'Tame', 'btameo0@timesonline.co.uk', 38, 'Warbler', 18, 'cqFRTU54P'),
(866, 'Hermione', 'Tufts', 'htuftso1@qq.com', 0, 'Holmberg', 1, 'tBgtHbtFIhLS'),
(867, 'Dodi', 'Gartside', 'dgartsideo2@webeden.co.uk', 66632, 'Surrey', 18, 'aFBEiHdX'),
(868, 'Mariana', 'Spilisy', 'mspilisyo3@yellowbook.com', 324, 'Harbort', 18, 'sjcDu5IeGcKp'),
(869, 'Abdel', 'Desorts', 'adesortso4@wordpress.org', 98122, 'Haas', 10, 'jpFUvaouU'),
(870, 'Svend', 'Fabler', 'sfablero5@baidu.com', 9, 'Crowley', 3, '0FHZuSx0KF3s'),
(871, 'Hamlen', 'Dulanty', 'hdulantyo6@vk.com', 88063, 'Claremont', 8, 'KW7PlL3'),
(872, 'Mady', 'Casassa', 'mcasassao7@netlog.com', 7305, 'Evergreen', 20, 'AIKdau3'),
(873, 'Nerissa', 'Boxer', 'nboxero8@jalbum.net', 3, 'School', 1, 'sIdrO2YUmB'),
(874, 'Andras', 'Chellingworth', 'achellingwortho9@narod.ru', 149, 'Longview', 6, 'ZipOpJDZetP'),
(875, 'Rebekkah', 'Scraney', 'rscraneyoa@usatoday.com', 58186, 'Troy', 8, 'frgkGdiN4G'),
(876, 'Scarlett', 'Belf', 'sbelfob@shareasale.com', 5539, 'Waywood', 8, 'CsVmsp'),
(877, 'Annabell', 'Everwin', 'aeverwinoc@google.it', 457, 'Loftsgordon', 9, 'fpbfhopiJxy'),
(878, 'Daune', 'Kellen', 'dkellenod@shinystat.com', 8, 'Hermina', 12, 'wNV8UW7'),
(879, 'Crawford', 'Baggally', 'cbaggallyoe@taobao.com', 751, 'Memorial', 20, 'UgHaEkSI'),
(880, 'Emmerich', 'Sircomb', 'esircombof@bluehost.com', 98, 'Shelley', 19, 'okuOE4l'),
(881, 'Blithe', 'Cornels', 'bcornelsog@dagondesign.com', 4588, 'High Crossing', 15, 'jKChJ1GSZq'),
(882, 'Bendite', 'Clapison', 'bclapisonoh@e-recht24.de', 2307, 'Bonner', 6, 'TD2tDbyBQ'),
(883, 'Shirl', 'Wallentin', 'swallentinoi@irs.gov', 3, 'Sheridan', 10, 'izCu4Wb'),
(884, 'Meridith', 'Ewbank', 'mewbankoj@columbia.edu', 4, 'Hovde', 13, 'LqWmaB'),
(885, 'Montague', 'Glyssanne', 'mglyssanneok@rediff.com', 85060, '2nd', 13, 'evfE1kFw'),
(886, 'Abbey', 'Szantho', 'aszanthool@craigslist.org', 886, 'Eggendart', 15, '1ZChQqk'),
(887, 'Addie', 'Laborda', 'alabordaom@examiner.com', 2, 'Saint Paul', 14, 'pZTts5fK'),
(888, 'Anna', 'Worvill', 'aworvillon@wikimedia.org', 3643, 'Mayfield', 18, 'SQdvdGSLa'),
(889, 'Cesare', 'Philippou', 'cphilippouoo@freewebs.com', 86, 'Glendale', 2, 'CeRh0yQW'),
(890, 'Lemuel', 'Lambertson', 'llambertsonop@cnbc.com', 984, 'Thompson', 4, 'naefHN8'),
(891, 'Mab', 'McGriffin', 'mmcgriffinoq@yellowbook.com', 997, 'Riverside', 15, 'fJnmCe'),
(892, 'Thadeus', 'McVitie', 'tmcvitieor@123-reg.co.uk', 5, 'Memorial', 6, 'pDak7T7U'),
(893, 'Lorry', 'Dahle', 'ldahleos@arizona.edu', 1397, 'Calypso', 17, 'ce5EypUO'),
(894, 'Anderson', 'Hatton', 'ahattonot@miibeian.gov.cn', 594, 'Scott', 6, 'PgpZRNVH'),
(895, 'Dunc', 'Robertz', 'drobertzou@cocolog-nifty.com', 649, 'Schlimgen', 19, 'Zo7ASXUW'),
(896, 'Jada', 'Elsegood', 'jelsegoodov@comcast.net', 6, 'Everett', 10, 'FWvke8Pv7'),
(897, 'Flin', 'Oxtarby', 'foxtarbyow@seattletimes.com', 1, 'Roxbury', 8, 'HfQeajdzq9J'),
(898, 'Muhammad', 'Given', 'mgivenox@stumbleupon.com', 0, 'Corben', 2, 'oe0Jz1F7y'),
(899, 'Letitia', 'Birdwhistell', 'lbirdwhistelloy@yale.edu', 828, 'Fieldstone', 8, 'Efk87S1X'),
(900, 'Darcy', 'Fesby', 'dfesbyoz@nymag.com', 4589, 'Mallard', 3, 'GoBmpeIP'),
(901, 'Marcelle', 'Orrin', 'morrinp0@sitemeter.com', 5107, 'Oak Valley', 18, 'J7Ytnd'),
(902, 'Robby', 'Staziker', 'rstazikerp1@ucsd.edu', 2748, 'Basil', 4, '0NmzHAV'),
(903, 'Robinett', 'Attoe', 'rattoep2@virginia.edu', 84, 'Kedzie', 2, 'dvwNDegU'),
(904, 'Antonie', 'Tebbitt', 'atebbittp3@oracle.com', 230, 'Grover', 4, 'ehftHC'),
(905, 'Sigfrid', 'Darkins', 'sdarkinsp4@zimbio.com', 1, 'Becker', 7, 'hG3NLSZXzhZ'),
(906, 'Cody', 'Laurens', 'claurensp5@is.gd', 1, 'Dapin', 14, 'XuZPjNL7uTNG'),
(907, 'Vicki', 'Foan', 'vfoanp6@lycos.com', 413, 'Bonner', 4, 'Lh4JXiy'),
(908, 'Moll', 'Martinello', 'mmartinellop7@freewebs.com', 1, 'Debs', 14, 'sXQKGXiyBeY3'),
(909, 'Emmie', 'Reeve', 'ereevep8@networkadvertising.org', 2271, 'Eliot', 12, 'IJzn7LN'),
(910, 'Pancho', 'Belbin', 'pbelbinp9@economist.com', 28236, 'Sugar', 1, 'GGSHw5Y7L'),
(911, 'Ty', 'Teeney', 'tteeneypa@usda.gov', 8115, 'Morrow', 20, 'XDcwJfS'),
(912, 'Etty', 'Lambertz', 'elambertzpb@godaddy.com', 910, 'Eagle Crest', 6, 'tMWsLyNY5J'),
(913, 'Tate', 'Shoebridge', 'tshoebridgepc@pcworld.com', 12597, 'Sunfield', 11, 'ctLR1xXZq'),
(914, 'Massimiliano', 'Slocomb', 'mslocombpd@icio.us', 1, 'Fairview', 9, 'e1AFZrCY6'),
(915, 'Skipton', 'Maskrey', 'smaskreype@woothemes.com', 661, 'Valley Edge', 17, 'UKSulvT'),
(916, 'Harli', 'Corps', 'hcorpspf@auda.org.au', 3, 'Menomonie', 14, 'fp2g0v'),
(917, 'Jordana', 'Cranmer', 'jcranmerpg@oaic.gov.au', 7, 'Delaware', 10, 'mPuxlmJVL'),
(918, 'Randell', 'Tapscott', 'rtapscottph@cpanel.net', 8, 'Hanover', 7, 'm7uCpruLesQ'),
(919, 'Enos', 'Fidal', 'efidalpi@wiley.com', 52085, 'La Follette', 10, 'HtbFdamYg'),
(920, 'Gianni', 'Gionettitti', 'ggionettittipj@yelp.com', 860, 'Springview', 17, 'WBWmKb'),
(921, 'Rosabel', 'Trewhitt', 'rtrewhittpk@arizona.edu', 77, 'Pond', 11, 't9n3x8EodU0'),
(922, 'Raimundo', 'Feary', 'rfearypl@dmoz.org', 264, 'Main', 16, 'tqqdKqZaD'),
(923, 'Hilton', 'Diggin', 'hdigginpm@amazon.co.jp', 994, 'Parkside', 14, '4QelMEIY'),
(924, 'Vivyan', 'Skade', 'vskadepn@gov.uk', 2794, 'Dottie', 11, 'UOauWL2Z'),
(925, 'Ashlee', 'Gasparro', 'agasparropo@google.cn', 3283, 'International', 7, 'QtvU78C'),
(926, 'Leanora', 'Shoppee', 'lshoppeepp@usda.gov', 76, 'Gateway', 20, 'sy2eNoEwE'),
(927, 'Fleur', 'Fritschmann', 'ffritschmannpq@apple.com', 8, 'Gulseth', 9, 'TH3t59g2'),
(928, 'Jobina', 'Cleve', 'jclevepr@ed.gov', 0, 'Kennedy', 20, 'svRXdnKoJwNh'),
(929, 'Fanchon', 'Fontanet', 'ffontanetps@paypal.com', 75519, 'Gale', 18, 'Lg3LNEvFsjS'),
(930, 'Shela', 'Creeghan', 'screeghanpt@va.gov', 138, 'Sloan', 3, 'G9ZqOZVMZY'),
(931, 'Lyssa', 'Kenewell', 'lkenewellpu@oakley.com', 193, '1st', 3, 'smMkwvH'),
(932, 'Sophia', 'Warland', 'swarlandpv@europa.eu', 992, 'Kings', 18, 'DscWuIG'),
(933, 'Benoite', 'Noddles', 'bnoddlespw@vinaora.com', 6, 'Kipling', 18, 'eRr4rqL'),
(934, 'Constantino', 'Prott', 'cprottpx@microsoft.com', 71, 'Buell', 20, 'F7AWBQ0akzo'),
(935, 'Myrtia', 'Maseyk', 'mmaseykpy@illinois.edu', 65, 'Moland', 19, '65DQHaFxhDFQ'),
(936, 'Consuelo', 'Kinghorne', 'ckinghornepz@earthlink.net', 20, 'Chive', 4, '6EJYmruAvk'),
(937, 'Betsey', 'Burlingame', 'bburlingameq0@technorati.com', 76, 'Warner', 4, 'kyPDA1'),
(938, 'Willyt', 'Franceschino', 'wfranceschinoq1@hp.com', 769, 'Bowman', 19, '3yhmwdA21'),
(939, 'Orelie', 'Kenton', 'okentonq2@squidoo.com', 14454, 'Emmet', 2, '4bHshNvD7SwY'),
(940, 'Maddie', 'Spread', 'mspreadq3@1688.com', 6275, 'Eggendart', 19, 'MqnKJ5O9vb'),
(941, 'Ashby', 'Brou', 'abrouq4@wikia.com', 53, 'Larry', 17, '0qDzoy'),
(942, 'Danette', 'Instock', 'dinstockq5@foxnews.com', 72, 'Manufacturers', 9, 'ajATeWlrdyRl'),
(943, 'Sophia', 'Hughlock', 'shughlockq6@paginegialle.it', 6208, 'Manitowish', 4, 'CBl3CIEA4y2g'),
(944, 'Courtnay', 'Ronca', 'croncaq7@cornell.edu', 9, 'Mayer', 7, '7lpcNlg9W'),
(945, 'Lavinie', 'Madgwich', 'lmadgwichq8@blogspot.com', 8, 'Pennsylvania', 3, 'nxxRph'),
(946, 'Van', 'Goulding', 'vgouldingq9@behance.net', 87, 'Tennessee', 10, 'eEzvXAB'),
(947, 'Corilla', 'Philipps', 'cphilippsqa@patch.com', 610, 'Tomscot', 14, 'GgXk9c6KK'),
(948, 'Tommie', 'Christoffels', 'tchristoffelsqb@newsvine.com', 86788, 'Badeau', 12, 'dS698UqEqn'),
(949, 'Joseph', 'Binding', 'jbindingqc@diigo.com', 4, 'Thackeray', 15, '2zyMKNQ'),
(950, 'Mattheus', 'Pummell', 'mpummellqd@statcounter.com', 4475, 'Raven', 5, 'S00PqP9GAn'),
(951, 'Natal', 'Triswell', 'ntriswellqe@berkeley.edu', 26668, 'Linden', 18, 'ZhZAQc'),
(952, 'Tod', 'Ribchester', 'tribchesterqf@cornell.edu', 8, 'Lakeland', 11, 'E9z33mi6qmas'),
(953, 'Cybill', 'Leaman', 'cleamanqg@usgs.gov', 87037, '4th', 19, 'gDeNEEZ5HO'),
(954, 'Ethelin', 'Waber', 'ewaberqh@google.nl', 49, 'International', 11, 'gHT8eJhLIr'),
(955, 'Berkie', 'Petegrew', 'bpetegrewqi@jigsy.com', 848, 'Declaration', 9, 'EemvoU'),
(956, 'Urbano', 'Collingwood', 'ucollingwoodqj@themeforest.net', 3151, 'Steensland', 8, 'eOAOV7TGe'),
(957, 'Darlleen', 'Robatham', 'drobathamqk@elegantthemes.com', 3, 'Banding', 3, 'IeAG1TpA'),
(958, 'Bern', 'Weeds', 'bweedsql@elpais.com', 63, 'Walton', 8, '4f2EcFCB1'),
(959, 'Gery', 'Braisher', 'gbraisherqm@europa.eu', 76957, 'Farmco', 13, 'sO8WVn0'),
(960, 'Margarete', 'Henlon', 'mhenlonqn@pinterest.com', 4, 'Carpenter', 6, 'QgfhYYn3bZ'),
(961, 'Valli', 'Agius', 'vagiusqo@newsvine.com', 8, 'Becker', 8, 'mhAeaaFJ'),
(962, 'Shaun', 'Bustin', 'sbustinqp@issuu.com', 634, 'Homewood', 2, 'Wasz4juoHHh'),
(963, 'Kath', 'McFarlane', 'kmcfarlaneqq@taobao.com', 207, 'Reinke', 5, '8t1lhNaBYh'),
(964, 'Westbrook', 'Shuttleworth', 'wshuttleworthqr@ucoz.com', 516, 'Spaight', 2, 'yd9KfcWKMIZ'),
(965, 'Caressa', 'Pinkney', 'cpinkneyqs@berkeley.edu', 1, 'Anhalt', 2, 'pZdTTdpS'),
(966, 'Saunders', 'Loggie', 'sloggieqt@umn.edu', 2, 'Sunnyside', 7, 'eyIaLCMf'),
(967, 'Riane', 'Cocker', 'rcockerqu@gnu.org', 2, 'Laurel', 12, 'gZLkfLvm7og0'),
(968, 'Willy', 'Philipard', 'wphilipardqv@rambler.ru', 84540, 'Vidon', 11, 'jzHvbN'),
(969, 'Evie', 'Smuth', 'esmuthqw@nasa.gov', 6, 'Corscot', 8, 'vT9vWN'),
(970, 'Marena', 'Spinetti', 'mspinettiqx@census.gov', 120, 'Columbus', 15, 'm9pGH0JYk'),
(971, 'Caleb', 'Poznanski', 'cpoznanskiqy@canalblog.com', 86876, 'Merrick', 18, 'DM8Reck'),
(972, 'Kandy', 'Lound', 'kloundqz@clickbank.net', 55, '6th', 13, 'kqQqUJ'),
(973, 'Flory', 'Braz', 'fbrazr0@de.vu', 82999, 'Hayes', 5, 'lj1nTiI'),
(974, 'Douglass', 'Wallage', 'dwallager1@networkadvertising.org', 9, 'Schiller', 5, 'autcZJC'),
(975, 'Chariot', 'Garvin', 'cgarvinr2@cafepress.com', 12, 'Tony', 4, 'GMrF4rp'),
(976, 'Vail', 'Woolard', 'vwoolardr3@edublogs.org', 7677, 'Heffernan', 10, '5UmONT8'),
(977, 'Gilberte', 'Cottesford', 'gcottesfordr4@fda.gov', 9628, 'Fulton', 16, 'jhQPxF'),
(978, 'Fancy', 'Reardon', 'freardonr5@ow.ly', 9626, 'Morrow', 7, 'eK1kUVhCS'),
(979, 'Baxie', 'Batts', 'bbattsr6@nationalgeographic.com', 4, 'Norway Maple', 9, 'xL9S6bR'),
(980, 'Berni', 'Bourdon', 'bbourdonr7@vistaprint.com', 42, 'Lindbergh', 19, 'rmk0VirgRw'),
(981, 'James', 'Piddock', 'jpiddockr8@discovery.com', 9, 'Maywood', 19, 'BFLi6Avg'),
(982, 'Marya', 'Garrand', 'mgarrandr9@blogs.com', 7, 'Butternut', 19, 'Kc5KwzozlNBl'),
(983, 'Myrtie', 'Bartoszek', 'mbartoszekra@squarespace.com', 7026, 'Londonderry', 10, '7l6eQjWQ'),
(984, 'Rosaleen', 'Backs', 'rbacksrb@tinypic.com', 2701, 'Clove', 7, '1A5T35'),
(985, 'Artair', 'Ainley', 'aainleyrc@soup.io', 38399, 'Dixon', 2, 'tdvJZx'),
(986, 'Temp', 'McPolin', 'tmcpolinrd@oracle.com', 83, 'Laurel', 9, 'bSIFfLctq'),
(987, 'Clemens', 'Troyes', 'ctroyesre@nyu.edu', 8, 'Carberry', 15, 'l5Bl7GxnDBH4'),
(988, 'Jillian', 'Python', 'jpythonrf@si.edu', 4553, 'Kinsman', 17, 'fPJz8Dv6'),
(989, 'Blanch', 'Szantho', 'bszanthorg@go.com', 151, 'Sundown', 1, 'KSo4Khj7HUb'),
(990, 'Pietrek', 'Truder', 'ptruderrh@youtu.be', 7, 'Oxford', 19, '4MqYne'),
(991, 'Jennica', 'Greenley', 'jgreenleyri@dedecms.com', 3, 'Sommers', 1, 'M3bb5cY4SI'),
(992, 'Tamas', 'Ughini', 'tughinirj@gizmodo.com', 8, 'Judy', 20, 'OnD5O5i5Mp'),
(993, 'Valida', 'Busen', 'vbusenrk@is.gd', 80, 'Amoth', 14, 'yO4R0aWDSx'),
(994, 'Elliott', 'Chater', 'echaterrl@yellowbook.com', 28, 'Rieder', 7, 'tsi52sW'),
(995, 'Hieronymus', 'Cosh', 'hcoshrm@technorati.com', 9, 'Starling', 8, '4tZ8g8'),
(996, 'Alejandro', 'Jakubovski', 'ajakubovskirn@ycombinator.com', 38, 'Lotheville', 19, 'BzmAXi9ozEq'),
(997, 'Belicia', 'McAmish', 'bmcamishro@kickstarter.com', 85, 'Quincy', 9, '881KO93f'),
(998, 'Elston', 'Cordelle', 'ecordellerp@google.com.br', 95272, 'Onsgard', 4, 'SQSyOmp03If'),
(999, 'Winni', 'Isakowicz', 'wisakowiczrq@samsung.com', 10567, 'Waubesa', 9, 'hYW7A3PbX'),
(1000, 'Edan', 'McCurtain', 'emccurtainrr@flavors.me', 3832, 'Artisan', 17, '6FCgaNUB8rif');

--
-- Indizes der exportierten Tabellen
--

--
-- Indizes für die Tabelle `administrator`
--
ALTER TABLE `administrator`
  ADD PRIMARY KEY (`administrator_id`),
  ADD UNIQUE KEY `administrator_id` (`administrator_id`),
  ADD UNIQUE KEY `user_id` (`user_id`),
  ADD KEY `idx_administrator_user_id` (`user_id`);

--
-- Indizes für die Tabelle `city`
--
ALTER TABLE `city`
  ADD PRIMARY KEY (`city_id`),
  ADD UNIQUE KEY `city_id` (`city_id`);

--
-- Indizes für die Tabelle `class`
--
ALTER TABLE `class`
  ADD PRIMARY KEY (`class_id`),
  ADD UNIQUE KEY `class_id` (`class_id`),
  ADD UNIQUE KEY `name` (`name`),
  ADD KEY `fk_school_id_class` (`school_id`),
  ADD KEY `fk_class_primary_teacher` (`primary_teacher`);

--
-- Indizes für die Tabelle `class_member`
--
ALTER TABLE `class_member`
  ADD KEY `class_id_idx` (`class_id`),
  ADD KEY `fk_student_id_class_member` (`student_id`);

--
-- Indizes für die Tabelle `exam`
--
ALTER TABLE `exam`
  ADD PRIMARY KEY (`exam_id`),
  ADD UNIQUE KEY `exam_id` (`exam_id`),
  ADD KEY `fk_exam_tcs_id` (`tcs_id`);

--
-- Indizes für die Tabelle `exam_result`
--
ALTER TABLE `exam_result`
  ADD UNIQUE KEY `u_exam_student` (`exam_id`,`student_id`),
  ADD KEY `fk_exam_result_student` (`student_id`);

--
-- Indizes für die Tabelle `school`
--
ALTER TABLE `school`
  ADD PRIMARY KEY (`school_id`),
  ADD UNIQUE KEY `school_id` (`school_id`),
  ADD UNIQUE KEY `schoolname` (`schoolname`),
  ADD KEY `fk_city_id_school` (`city_id`);

--
-- Indizes für die Tabelle `student`
--
ALTER TABLE `student`
  ADD PRIMARY KEY (`student_id`),
  ADD UNIQUE KEY `student_id` (`student_id`),
  ADD UNIQUE KEY `user_id` (`user_id`);

--
-- Indizes für die Tabelle `subject`
--
ALTER TABLE `subject`
  ADD PRIMARY KEY (`subject_id`),
  ADD UNIQUE KEY `subject_id` (`subject_id`),
  ADD UNIQUE KEY `name` (`name`);

--
-- Indizes für die Tabelle `teacher`
--
ALTER TABLE `teacher`
  ADD PRIMARY KEY (`teacher_id`),
  ADD UNIQUE KEY `teacher_id` (`teacher_id`),
  ADD UNIQUE KEY `user_id` (`user_id`),
  ADD KEY `user_id_idx` (`user_id`);

--
-- Indizes für die Tabelle `teacher_class_subject`
--
ALTER TABLE `teacher_class_subject`
  ADD PRIMARY KEY (`tcs_id`),
  ADD UNIQUE KEY `tcs_id` (`tcs_id`),
  ADD UNIQUE KEY `u_tcs` (`teacher_id`,`class_id`,`subject_id`),
  ADD KEY `fk_tcs_class_id` (`class_id`),
  ADD KEY `fk_tcs_subject_id` (`subject_id`);

--
-- Indizes für die Tabelle `user`
--
ALTER TABLE `user`
  ADD PRIMARY KEY (`user_id`),
  ADD UNIQUE KEY `user_id` (`user_id`),
  ADD UNIQUE KEY `username` (`username`),
  ADD KEY `fk_city_id_user` (`city_id`);

--
-- AUTO_INCREMENT für exportierte Tabellen
--

--
-- AUTO_INCREMENT für Tabelle `administrator`
--
ALTER TABLE `administrator`
  MODIFY `administrator_id` bigint(20) UNSIGNED NOT NULL AUTO_INCREMENT, AUTO_INCREMENT=11;
--
-- AUTO_INCREMENT für Tabelle `city`
--
ALTER TABLE `city`
  MODIFY `city_id` bigint(20) UNSIGNED NOT NULL AUTO_INCREMENT, AUTO_INCREMENT=21;
--
-- AUTO_INCREMENT für Tabelle `class`
--
ALTER TABLE `class`
  MODIFY `class_id` bigint(20) UNSIGNED NOT NULL AUTO_INCREMENT, AUTO_INCREMENT=31;
--
-- AUTO_INCREMENT für Tabelle `exam`
--
ALTER TABLE `exam`
  MODIFY `exam_id` bigint(20) UNSIGNED NOT NULL AUTO_INCREMENT, AUTO_INCREMENT=501;
--
-- AUTO_INCREMENT für Tabelle `school`
--
ALTER TABLE `school`
  MODIFY `school_id` bigint(20) UNSIGNED NOT NULL AUTO_INCREMENT, AUTO_INCREMENT=11;
--
-- AUTO_INCREMENT für Tabelle `student`
--
ALTER TABLE `student`
  MODIFY `student_id` bigint(20) UNSIGNED NOT NULL AUTO_INCREMENT, AUTO_INCREMENT=1001;
--
-- AUTO_INCREMENT für Tabelle `subject`
--
ALTER TABLE `subject`
  MODIFY `subject_id` bigint(20) UNSIGNED NOT NULL AUTO_INCREMENT, AUTO_INCREMENT=11;
--
-- AUTO_INCREMENT für Tabelle `teacher`
--
ALTER TABLE `teacher`
  MODIFY `teacher_id` bigint(20) UNSIGNED NOT NULL AUTO_INCREMENT, AUTO_INCREMENT=101;
--
-- AUTO_INCREMENT für Tabelle `teacher_class_subject`
--
ALTER TABLE `teacher_class_subject`
  MODIFY `tcs_id` bigint(20) UNSIGNED NOT NULL AUTO_INCREMENT, AUTO_INCREMENT=101;
--
-- AUTO_INCREMENT für Tabelle `user`
--
ALTER TABLE `user`
  MODIFY `user_id` bigint(20) UNSIGNED NOT NULL AUTO_INCREMENT, AUTO_INCREMENT=1001;
--
-- Constraints der exportierten Tabellen
--

--
-- Constraints der Tabelle `administrator`
--
ALTER TABLE `administrator`
  ADD CONSTRAINT `fk_administrator_user_id` FOREIGN KEY (`user_id`) REFERENCES `user` (`user_id`) ON DELETE NO ACTION ON UPDATE NO ACTION;

--
-- Constraints der Tabelle `class`
--
ALTER TABLE `class`
  ADD CONSTRAINT `fk_class_primary_teacher` FOREIGN KEY (`primary_teacher`) REFERENCES `teacher` (`teacher_id`) ON DELETE NO ACTION ON UPDATE NO ACTION,
  ADD CONSTRAINT `fk_school_id_class` FOREIGN KEY (`school_id`) REFERENCES `school` (`school_id`) ON DELETE NO ACTION ON UPDATE NO ACTION;

--
-- Constraints der Tabelle `class_member`
--
ALTER TABLE `class_member`
  ADD CONSTRAINT `fk_class_id_class_member` FOREIGN KEY (`class_id`) REFERENCES `class` (`class_id`) ON DELETE NO ACTION ON UPDATE NO ACTION,
  ADD CONSTRAINT `fk_student_id_class_member` FOREIGN KEY (`student_id`) REFERENCES `student` (`student_id`) ON DELETE NO ACTION ON UPDATE NO ACTION;

--
-- Constraints der Tabelle `exam`
--
ALTER TABLE `exam`
  ADD CONSTRAINT `fk_exam_tcs_id` FOREIGN KEY (`tcs_id`) REFERENCES `teacher_class_subject` (`tcs_id`) ON DELETE NO ACTION ON UPDATE NO ACTION;

--
-- Constraints der Tabelle `exam_result`
--
ALTER TABLE `exam_result`
  ADD CONSTRAINT `fk_exam_result_exam` FOREIGN KEY (`exam_id`) REFERENCES `exam` (`exam_id`),
  ADD CONSTRAINT `fk_exam_result_student` FOREIGN KEY (`student_id`) REFERENCES `student` (`student_id`);

--
-- Constraints der Tabelle `school`
--
ALTER TABLE `school`
  ADD CONSTRAINT `fk_city_id_school` FOREIGN KEY (`city_id`) REFERENCES `city` (`city_id`) ON DELETE NO ACTION ON UPDATE NO ACTION;

--
-- Constraints der Tabelle `student`
--
ALTER TABLE `student`
  ADD CONSTRAINT `fk_user_id_student` FOREIGN KEY (`user_id`) REFERENCES `user` (`user_id`) ON DELETE NO ACTION ON UPDATE NO ACTION;

--
-- Constraints der Tabelle `teacher`
--
ALTER TABLE `teacher`
  ADD CONSTRAINT `fk_user_id_teacher` FOREIGN KEY (`user_id`) REFERENCES `user` (`user_id`) ON DELETE NO ACTION ON UPDATE NO ACTION;

--
-- Constraints der Tabelle `teacher_class_subject`
--
ALTER TABLE `teacher_class_subject`
  ADD CONSTRAINT `fk_tcs_class_id` FOREIGN KEY (`class_id`) REFERENCES `class` (`class_id`) ON DELETE NO ACTION ON UPDATE NO ACTION,
  ADD CONSTRAINT `fk_tcs_subject_id` FOREIGN KEY (`subject_id`) REFERENCES `subject` (`subject_id`) ON DELETE NO ACTION ON UPDATE NO ACTION,
  ADD CONSTRAINT `fk_tcs_teacher_id` FOREIGN KEY (`teacher_id`) REFERENCES `teacher` (`teacher_id`) ON DELETE NO ACTION ON UPDATE NO ACTION;

--
-- Constraints der Tabelle `user`
--
ALTER TABLE `user`
  ADD CONSTRAINT `fk_city_id_user` FOREIGN KEY (`city_id`) REFERENCES `city` (`city_id`) ON DELETE NO ACTION ON UPDATE NO ACTION;

/*!40101 SET CHARACTER_SET_CLIENT=@OLD_CHARACTER_SET_CLIENT */;
/*!40101 SET CHARACTER_SET_RESULTS=@OLD_CHARACTER_SET_RESULTS */;
/*!40101 SET COLLATION_CONNECTION=@OLD_COLLATION_CONNECTION */;
