-- phpMyAdmin SQL Dump
-- version 4.9.0.1
-- https://www.phpmyadmin.net/
--
-- Host: 127.0.0.1
-- Generation Time: Oct 04, 2019 at 09:49 AM
-- Server version: 10.4.6-MariaDB
-- PHP Version: 7.3.8

SET SQL_MODE = "NO_AUTO_VALUE_ON_ZERO";
SET AUTOCOMMIT = 0;
START TRANSACTION;
SET time_zone = "+00:00";


/*!40101 SET @OLD_CHARACTER_SET_CLIENT=@@CHARACTER_SET_CLIENT */;
/*!40101 SET @OLD_CHARACTER_SET_RESULTS=@@CHARACTER_SET_RESULTS */;
/*!40101 SET @OLD_COLLATION_CONNECTION=@@COLLATION_CONNECTION */;
/*!40101 SET NAMES utf8mb4 */;

--
-- Database: `notenverwaltung`
--

-- --------------------------------------------------------

--
-- Table structure for table `administrator`
--

CREATE TABLE `administrator` (
  `administrator_id` bigint(20) UNSIGNED NOT NULL,
  `user_id` bigint(20) UNSIGNED NOT NULL
) ENGINE=InnoDB DEFAULT CHARSET=latin1;

--
-- Dumping data for table `administrator`
--

INSERT INTO `administrator` (`administrator_id`, `user_id`) VALUES
(1, 1),
(2, 2),
(3, 3),
(4, 4),
(5, 5),
(6, 6),
(7, 7),
(8, 8),
(9, 9),
(10, 10);

-- --------------------------------------------------------

--
-- Table structure for table `city`
--

CREATE TABLE `city` (
  `city_id` bigint(20) UNSIGNED NOT NULL,
  `name` varchar(45) NOT NULL,
  `zipcode` int(11) NOT NULL
) ENGINE=InnoDB DEFAULT CHARSET=latin1;

--
-- Dumping data for table `city`
--

INSERT INTO `city` (`city_id`, `name`, `zipcode`) VALUES
(1, 'Höshigiyn-Ar', 8838),
(2, 'Kamaishi', 9236),
(3, 'Mala?', 6927),
(4, 'Berezovo', 9277),
(5, 'Tanjungbatu', 8011);

-- --------------------------------------------------------

--
-- Table structure for table `class`
--

CREATE TABLE `class` (
  `class_id` bigint(20) UNSIGNED NOT NULL,
  `name` varchar(45) NOT NULL,
  `school_id` bigint(20) UNSIGNED NOT NULL,
  `primary_teacher` bigint(20) UNSIGNED NOT NULL
) ENGINE=InnoDB DEFAULT CHARSET=latin1;

--
-- Dumping data for table `class`
--

INSERT INTO `class` (`class_id`, `name`, `school_id`, `primary_teacher`) VALUES
(1, 'Hydrocodone Bitartrate and Acetaminophen', 4, 7),
(2, 'estradiol', 4, 23),
(3, 'Carcinosin', 3, 19),
(4, 'Minoxidil', 3, 18),
(5, 'hydromorphone hydrochloride', 5, 21),
(6, 'Baptisia tinctoria, Echinacea, Lomatium disse', 2, 24),
(7, 'Bupropion Hydrochloride', 2, 24),
(8, 'Cetirizine Hydrochloride', 2, 19),
(9, 'Strawberry', 1, 6),
(10, 'levothyroxine sodium', 5, 10),
(11, 'CARBIDOPA and LEVODOPA', 3, 17),
(12, 'Dextromethorphan Hydrobromide and Guaifenesin', 1, 9),
(13, 'Hops', 1, 23),
(14, 'TITANIUM DIOXIDE', 3, 22),
(15, 'Erythromycin', 3, 12),
(16, 'PETROLATUM', 3, 17),
(17, 'prazosin hydrochloride', 4, 17),
(18, 'Methylphenidate hydrochloride', 1, 16),
(19, 'BUPIVACAINE HYDROCHLORIDE', 1, 7),
(20, 'Enoxaparin Sodium', 1, 25),
(21, 'CAPTORPIL', 1, 6),
(22, 'Amoxicillin and Clavulanate Potassium', 2, 7),
(23, 'Anticoagulant Citrate Phosphate Dextrose (CPD', 2, 23),
(24, 'Ibuprofen', 2, 25),
(25, 'Octinoxate and Octisalate and Oxybenzone and ', 2, 25),
(26, 'somatropin', 4, 7),
(27, 'Lamotrigine', 2, 7),
(28, 'HYDROQUINONE', 2, 8),
(29, 'Furosemide', 1, 19),
(30, 'avanafil', 2, 22),
(31, 'Carbamazepine', 5, 16),
(32, 'acetaminophen suspension', 5, 15),
(33, 'Docusate Sodium', 3, 7),
(34, 'Lenalidomide', 2, 23),
(35, 'Nefazodone Hydrochloride', 1, 8),
(36, 'ketotifen fumarate', 2, 12),
(37, 'Neomycin and Polymyxin B Sulfates and Dexamet', 4, 23),
(38, 'Desogestrel and Ethinyl Estradiol', 4, 15),
(39, 'Anastrozole', 3, 18),
(40, 'Berberis Vulgaris, Glycyrrhiza Glabra, Lappa ', 5, 10);

-- --------------------------------------------------------

--
-- Table structure for table `class_member`
--

CREATE TABLE `class_member` (
  `student_id` bigint(20) UNSIGNED NOT NULL,
  `class_id` bigint(20) UNSIGNED NOT NULL
) ENGINE=InnoDB DEFAULT CHARSET=latin1;

--
-- Dumping data for table `class_member`
--

INSERT INTO `class_member` (`student_id`, `class_id`) VALUES
(21, 39),
(22, 24),
(23, 40),
(24, 22),
(25, 25),
(26, 30),
(27, 8),
(28, 22),
(29, 21),
(30, 31),
(31, 36),
(32, 24),
(33, 4),
(34, 21),
(35, 39),
(36, 29),
(37, 22),
(38, 13),
(39, 35),
(40, 30),
(41, 16),
(42, 24),
(43, 28),
(44, 36),
(45, 11),
(46, 32),
(47, 13),
(48, 39),
(49, 2),
(50, 13),
(51, 24),
(52, 19),
(53, 5),
(54, 31),
(55, 12),
(56, 23),
(57, 33),
(58, 23),
(59, 37),
(60, 11),
(61, 7),
(62, 40),
(63, 32),
(64, 10),
(65, 18),
(66, 25),
(67, 9),
(68, 13),
(69, 10),
(70, 5),
(71, 17),
(72, 37),
(73, 3),
(74, 1),
(75, 33),
(76, 38),
(77, 2),
(78, 4),
(79, 16),
(80, 34),
(81, 1),
(82, 18),
(83, 18),
(84, 19),
(85, 23),
(86, 30),
(87, 22),
(88, 40),
(89, 1),
(90, 19),
(91, 25),
(92, 6),
(93, 29),
(94, 13),
(95, 38),
(96, 35),
(97, 3),
(98, 7),
(99, 35),
(100, 3),
(101, 27),
(102, 18),
(103, 21),
(104, 7),
(105, 26),
(106, 34),
(107, 13),
(108, 1),
(109, 29),
(110, 21),
(111, 27),
(112, 11),
(113, 6),
(114, 8),
(115, 9),
(116, 40),
(117, 22),
(118, 39),
(119, 18),
(120, 23),
(121, 19),
(122, 16),
(123, 5),
(124, 14),
(125, 33),
(126, 38),
(127, 14),
(128, 3),
(129, 10),
(130, 1),
(131, 23),
(132, 24),
(133, 34),
(134, 11),
(135, 4),
(136, 23),
(137, 23),
(138, 18),
(139, 38),
(140, 18),
(141, 15),
(142, 10),
(143, 12),
(144, 25),
(145, 8),
(146, 2),
(147, 21),
(148, 2),
(149, 38),
(150, 21),
(151, 10),
(152, 7),
(153, 11),
(154, 28),
(155, 9),
(156, 13),
(157, 34),
(158, 12),
(159, 14),
(160, 36),
(161, 23),
(162, 40),
(163, 20),
(164, 5),
(165, 27),
(166, 26),
(167, 30),
(168, 27),
(169, 29),
(170, 15),
(171, 14),
(172, 33),
(173, 7),
(174, 9),
(175, 31),
(176, 13),
(177, 31),
(178, 39),
(179, 16),
(180, 21),
(181, 34),
(182, 19),
(183, 33),
(184, 24),
(185, 5),
(186, 5),
(187, 24),
(188, 40),
(189, 10),
(190, 11),
(191, 10),
(192, 14),
(193, 34),
(194, 27),
(195, 22),
(196, 39),
(197, 31),
(198, 14),
(199, 32),
(200, 13),
(201, 1),
(202, 33),
(203, 27),
(204, 28),
(205, 7),
(206, 20),
(207, 9),
(208, 27),
(209, 38),
(210, 8),
(211, 23),
(212, 22),
(213, 17),
(214, 20),
(215, 32),
(216, 19),
(217, 16),
(218, 39),
(219, 8),
(220, 11),
(221, 7),
(222, 10),
(223, 37),
(224, 1),
(225, 21),
(226, 26),
(227, 35),
(228, 35),
(229, 13),
(230, 28),
(231, 34),
(232, 28),
(233, 13),
(234, 4),
(235, 14),
(236, 11),
(237, 2),
(238, 33),
(239, 26),
(240, 11),
(241, 2),
(242, 40),
(243, 22),
(244, 34),
(245, 39),
(246, 40),
(247, 39),
(248, 38),
(249, 10),
(250, 12),
(251, 25),
(252, 19),
(253, 31),
(254, 40),
(255, 31),
(256, 1),
(257, 19),
(258, 30),
(259, 22),
(260, 2),
(261, 28),
(262, 8),
(263, 39),
(264, 20),
(265, 30),
(266, 21),
(267, 35),
(268, 27),
(269, 23),
(270, 30),
(271, 27),
(272, 35),
(273, 6),
(274, 4),
(275, 26),
(276, 17),
(277, 2),
(278, 40),
(279, 37),
(280, 32),
(281, 4),
(282, 14),
(283, 14),
(284, 38),
(285, 33),
(286, 12),
(287, 18),
(288, 36),
(289, 21),
(290, 29),
(291, 33),
(292, 27),
(293, 30),
(294, 37),
(295, 40),
(296, 21),
(297, 37),
(298, 11),
(299, 28),
(300, 36),
(301, 35),
(302, 8),
(303, 2),
(304, 20),
(305, 26),
(306, 8),
(307, 17),
(308, 25),
(309, 22),
(310, 19),
(311, 7),
(312, 7),
(313, 22),
(314, 13),
(315, 8),
(316, 22),
(317, 28),
(318, 15),
(319, 11),
(320, 39),
(321, 14),
(322, 24),
(323, 6),
(324, 34),
(325, 4),
(326, 14),
(327, 31),
(328, 39),
(329, 19),
(330, 17),
(331, 34),
(332, 13),
(333, 22),
(334, 3),
(335, 23),
(336, 4),
(337, 14),
(338, 3),
(339, 29),
(340, 37),
(341, 15),
(342, 34),
(343, 10),
(344, 24),
(345, 20),
(346, 9),
(347, 2),
(348, 38),
(349, 35),
(350, 18),
(351, 6),
(352, 2),
(353, 7),
(354, 8),
(355, 16),
(356, 34),
(357, 22),
(358, 29),
(359, 13),
(360, 27),
(361, 28),
(362, 14),
(363, 31),
(364, 37),
(365, 6),
(366, 20),
(367, 27),
(368, 9),
(369, 32),
(370, 9),
(371, 29),
(372, 38),
(373, 34),
(374, 11),
(375, 37),
(376, 22),
(377, 19),
(378, 32),
(379, 31),
(380, 36),
(381, 21),
(382, 7),
(383, 32),
(384, 40),
(385, 38),
(386, 21),
(387, 1),
(388, 16),
(389, 20),
(390, 36),
(391, 10),
(392, 30),
(393, 15),
(394, 21),
(395, 38),
(396, 33),
(397, 23),
(398, 2),
(399, 37),
(400, 26),
(401, 40),
(402, 4),
(403, 11),
(404, 8),
(405, 40),
(406, 36),
(407, 17),
(408, 12),
(409, 40),
(410, 6),
(411, 33),
(412, 21),
(413, 36),
(414, 22),
(415, 38),
(416, 24),
(417, 37),
(418, 27),
(419, 14),
(420, 19),
(421, 8),
(422, 19),
(423, 25),
(424, 14),
(425, 3),
(426, 15),
(427, 8),
(428, 2),
(429, 29),
(430, 40),
(431, 22),
(432, 37),
(433, 1),
(434, 17),
(435, 11),
(436, 7),
(437, 24),
(438, 27),
(439, 37),
(440, 24),
(441, 12),
(442, 30),
(443, 24),
(444, 28),
(445, 40),
(446, 25),
(447, 22),
(448, 4),
(449, 27),
(450, 17),
(451, 1),
(452, 39),
(453, 3),
(454, 32),
(455, 19),
(456, 27),
(457, 35),
(458, 18),
(459, 21),
(460, 34),
(461, 11),
(462, 21),
(463, 29),
(464, 1),
(465, 20),
(466, 19),
(467, 18),
(468, 30),
(469, 6),
(470, 19),
(471, 20),
(472, 40),
(473, 4),
(474, 16),
(475, 39),
(476, 11),
(477, 39),
(478, 14),
(479, 6),
(480, 29),
(481, 21),
(482, 10),
(483, 37),
(484, 39),
(485, 13),
(486, 18),
(487, 1),
(488, 31),
(489, 10),
(490, 6),
(491, 13),
(492, 7),
(493, 19),
(494, 30),
(495, 27),
(496, 23),
(497, 36),
(498, 34),
(499, 38),
(500, 21),
(501, 24),
(502, 11),
(503, 1),
(504, 18),
(505, 11),
(506, 27),
(507, 40),
(508, 6),
(509, 31),
(510, 26),
(511, 1),
(512, 3),
(513, 5),
(514, 29),
(515, 25),
(516, 21),
(517, 12),
(518, 26),
(519, 2),
(520, 39),
(521, 12),
(522, 36),
(523, 16),
(524, 5),
(525, 12),
(526, 27),
(527, 8),
(528, 39),
(529, 37),
(530, 5),
(531, 16),
(532, 21),
(533, 40),
(534, 34),
(535, 34),
(536, 28),
(537, 15),
(538, 28),
(539, 35),
(540, 18),
(541, 39),
(542, 16),
(543, 8),
(544, 9),
(545, 37),
(546, 7),
(547, 30),
(548, 21),
(549, 8),
(550, 7),
(551, 2),
(552, 6),
(553, 13),
(554, 11),
(555, 4),
(556, 14),
(557, 17),
(558, 3),
(559, 4),
(560, 37),
(561, 5),
(562, 19),
(563, 1),
(564, 24),
(565, 13),
(566, 13),
(567, 31),
(568, 19),
(569, 36),
(570, 9),
(571, 10),
(572, 22),
(573, 10),
(574, 6),
(575, 39),
(576, 4),
(577, 1),
(578, 15),
(579, 27),
(580, 25),
(581, 22),
(582, 4),
(583, 32),
(584, 2),
(585, 13),
(586, 20),
(587, 25),
(588, 35),
(589, 33),
(590, 8),
(591, 13),
(592, 39),
(593, 4),
(594, 40),
(595, 21),
(596, 7),
(597, 3),
(598, 31),
(599, 17),
(600, 40),
(601, 2),
(602, 15),
(603, 15),
(604, 17),
(605, 16),
(606, 20),
(607, 5),
(608, 8),
(609, 40),
(610, 3),
(611, 23),
(612, 38),
(613, 14),
(614, 28),
(615, 38),
(616, 23),
(617, 10),
(618, 10),
(619, 13),
(620, 30),
(621, 32),
(622, 24),
(623, 24),
(624, 9),
(625, 22),
(626, 39),
(627, 25),
(628, 7),
(629, 36),
(630, 18),
(631, 36),
(632, 35),
(633, 17),
(634, 16),
(635, 28),
(636, 7),
(637, 3),
(638, 32),
(639, 26),
(640, 6),
(641, 22),
(642, 26),
(643, 13),
(644, 33),
(645, 5),
(646, 19),
(647, 38),
(648, 12),
(649, 7),
(650, 13),
(651, 6),
(652, 24),
(653, 27),
(654, 8),
(655, 14),
(656, 1),
(657, 33),
(658, 32),
(659, 24),
(660, 8),
(661, 9),
(662, 23),
(663, 3),
(664, 3),
(665, 33),
(666, 23),
(667, 12),
(668, 28),
(669, 10),
(670, 16),
(671, 16),
(672, 26),
(673, 16),
(674, 5),
(675, 7),
(676, 35),
(677, 10),
(678, 14),
(679, 37),
(680, 11),
(681, 13),
(682, 2),
(683, 12),
(684, 6),
(685, 4),
(686, 32),
(687, 9),
(688, 40),
(689, 16),
(690, 4),
(691, 24),
(692, 9),
(693, 40),
(694, 4),
(695, 17),
(696, 11),
(697, 33),
(698, 32),
(699, 12),
(700, 24),
(701, 35),
(702, 6),
(703, 21),
(704, 31),
(705, 12),
(706, 3),
(707, 23),
(708, 33),
(709, 3),
(710, 29),
(711, 4),
(712, 6),
(713, 17),
(714, 19),
(715, 36),
(716, 5),
(717, 11),
(718, 38),
(719, 4),
(720, 38),
(721, 1),
(722, 37),
(723, 5),
(724, 3),
(725, 35),
(726, 19),
(727, 10),
(728, 36),
(729, 26),
(730, 33),
(731, 36),
(732, 21),
(733, 29),
(734, 18),
(735, 33),
(736, 13),
(737, 35),
(738, 13),
(739, 27),
(740, 26),
(741, 34),
(742, 31),
(743, 1),
(744, 34),
(745, 10),
(746, 23),
(747, 15),
(748, 17),
(749, 9),
(750, 9),
(751, 7),
(752, 33),
(753, 7),
(754, 15),
(755, 19),
(756, 10),
(757, 30),
(758, 10),
(759, 6),
(760, 10),
(761, 28),
(762, 29),
(763, 21),
(764, 33),
(765, 10),
(766, 29),
(767, 7),
(768, 20),
(769, 29),
(770, 10),
(771, 28),
(772, 29),
(773, 19),
(774, 40),
(775, 5),
(776, 5),
(777, 15),
(778, 17),
(779, 28),
(780, 30),
(781, 18),
(782, 6),
(783, 20),
(784, 17),
(785, 32),
(786, 7),
(787, 29),
(788, 16),
(789, 36),
(790, 33),
(791, 36),
(792, 13),
(793, 14),
(794, 11),
(795, 40),
(796, 11),
(797, 13),
(798, 34),
(799, 39),
(800, 38),
(801, 28),
(802, 4),
(803, 6),
(804, 32),
(805, 31),
(806, 27),
(807, 33),
(808, 39),
(809, 34),
(810, 18),
(811, 12),
(812, 7),
(813, 17),
(814, 22),
(815, 20),
(816, 5),
(817, 26),
(818, 5),
(819, 17),
(820, 6),
(821, 30),
(822, 28),
(823, 18),
(824, 16),
(825, 7),
(826, 6),
(827, 37),
(828, 18),
(829, 14),
(830, 23),
(831, 5),
(832, 8),
(833, 10),
(834, 32),
(835, 2),
(836, 5),
(837, 5),
(838, 39),
(839, 6),
(840, 29),
(841, 31),
(842, 37),
(843, 15),
(844, 8),
(845, 37),
(846, 30),
(847, 22),
(848, 1),
(849, 28),
(850, 1),
(851, 10),
(852, 10),
(853, 1),
(854, 31),
(855, 3),
(856, 27),
(857, 29),
(858, 12),
(859, 6),
(860, 21),
(861, 6),
(862, 15),
(863, 38),
(864, 26),
(865, 1),
(866, 35),
(867, 38),
(868, 29),
(869, 20),
(870, 16),
(871, 11),
(872, 19),
(873, 7),
(874, 25),
(875, 12),
(876, 11),
(877, 10),
(878, 39),
(879, 39),
(880, 24),
(881, 14),
(882, 38),
(883, 28),
(884, 37),
(885, 30),
(886, 14),
(887, 6),
(888, 37),
(889, 20),
(890, 12),
(891, 38),
(892, 10),
(893, 5),
(894, 5),
(895, 11),
(896, 20),
(897, 9),
(898, 22),
(899, 12),
(900, 6),
(901, 33),
(902, 18),
(903, 10),
(904, 21),
(905, 37),
(906, 34),
(907, 36),
(908, 26),
(909, 14),
(910, 7),
(911, 28),
(912, 33),
(913, 18),
(914, 17),
(915, 2),
(916, 14),
(917, 36),
(918, 38),
(919, 27),
(920, 25),
(921, 36),
(922, 34),
(923, 25),
(924, 8),
(925, 34),
(926, 35),
(927, 37),
(928, 36),
(929, 38),
(930, 23),
(931, 27),
(932, 34),
(933, 40),
(934, 39),
(935, 6),
(936, 16),
(937, 7),
(938, 8),
(939, 5),
(940, 25),
(941, 38),
(942, 26),
(943, 17),
(944, 10),
(945, 27),
(946, 1),
(947, 39),
(948, 9),
(949, 32),
(950, 13),
(951, 11),
(952, 32),
(953, 7),
(954, 21),
(955, 34),
(956, 24),
(957, 23),
(958, 26),
(959, 20),
(960, 5),
(961, 29),
(962, 8),
(963, 13),
(964, 32),
(965, 20),
(966, 12),
(967, 40),
(968, 6),
(969, 11),
(970, 26),
(971, 29),
(972, 6),
(973, 13),
(974, 16),
(975, 10),
(976, 40),
(977, 21),
(978, 39),
(979, 4),
(980, 30),
(981, 33),
(982, 12),
(983, 25),
(984, 17),
(985, 36),
(986, 36),
(987, 9),
(988, 31),
(989, 36),
(990, 15),
(991, 22),
(992, 9),
(993, 8),
(994, 26),
(995, 10),
(996, 33),
(997, 21),
(998, 32),
(999, 6),
(1000, 28);

-- --------------------------------------------------------

--
-- Table structure for table `exam`
--

CREATE TABLE `exam` (
  `exam_id` bigint(20) UNSIGNED NOT NULL,
  `name` varchar(255) NOT NULL,
  `subject_id` bigint(20) UNSIGNED NOT NULL
) ENGINE=InnoDB DEFAULT CHARSET=latin1;

--
-- Dumping data for table `exam`
--

INSERT INTO `exam` (`exam_id`, `name`, `subject_id`) VALUES
(1, '560222455902477281', 2),
(2, '3555655755940941', 8),
(3, '3582636586979297', 6),
(4, '630493058843134798', 6),
(5, '5602252720146103821', 4),
(6, '30245555435093', 4),
(7, '3543044248142859', 3),
(8, '63041469208351847', 8),
(9, '3559080339905144', 4),
(10, '3528556183070786', 8),
(11, '374283648571800', 9),
(12, '6709122249941009', 8),
(13, '3566133910826980', 10),
(14, '3536754000133412', 4),
(15, '3532054936670726', 4),
(16, '3530931077306735', 9),
(17, '3559442457247370', 7),
(18, '3541845231302447', 9),
(19, '3569725131520651', 10),
(20, '36487780864101', 6),
(21, '3555893892807810', 4),
(22, '5602252083442531', 3),
(23, '3540719495485993', 8),
(24, '6304360856152594031', 7),
(25, '3542810635239651', 7),
(26, '3550179816998579', 4),
(27, '5002351284476102', 8),
(28, '6759878100530939', 7),
(29, '3588176247599378', 3),
(30, '372301288772355', 4),
(31, '3574373901687120', 9),
(32, '36134145323783', 7),
(33, '5351621927424801', 9),
(34, '201987630626393', 3),
(35, '3541368690631669', 9),
(36, '3572456532351448', 7),
(37, '3583176829113817', 6),
(38, '201766357654469', 7),
(39, '3563630985989679', 10),
(40, '6759392165539367906', 10),
(41, '3569629473763640', 6),
(42, '3549520644517517', 5),
(43, '3531777247561827', 1),
(44, '3528296172084007', 7),
(45, '3554967123380556', 3),
(46, '6399070022826720', 1),
(47, '5602253768291326', 10),
(48, '5425491082596054', 4),
(49, '3559135787866543', 3),
(50, '201585719645274', 6),
(51, '3583830807407985', 4),
(52, '201471872782412', 8),
(53, '3565003938862039', 5),
(54, '5108757779311690', 8),
(55, '3584602447294456', 4),
(56, '201970740782330', 10),
(57, '3532388414503839', 9),
(58, '3555453066757059', 5),
(59, '4041370841082', 6),
(60, '5007661999680151', 1),
(61, '3555370536925720', 7),
(62, '3575632352744121', 7),
(63, '3534666314141232', 2),
(64, '3558859188977382', 7),
(65, '3578541101702248', 4),
(66, '30314580770427', 6),
(67, '677106710978257303', 10),
(68, '501820567729202310', 10),
(69, '3579187071966618', 9),
(70, '3531756122100380', 9),
(71, '374283242559086', 5),
(72, '3553621779572385', 9),
(73, '30382641737040', 1),
(74, '6763069056157860443', 4),
(75, '30373203341123', 4),
(76, '4917651541208942', 7),
(77, '5020543790356186604', 1),
(78, '3569517828142687', 2),
(79, '3576563105797976', 9),
(80, '374288906138911', 8),
(81, '5893978171278308', 10),
(82, '3581736526466008', 4),
(83, '3533764228826443', 2),
(84, '3537762606333707', 2),
(85, '6392062800425889', 4),
(86, '3531112038807355', 5),
(87, '374622262733784', 7),
(88, '201424274944692', 9),
(89, '3551387075035939', 1),
(90, '3531491826476965', 6),
(91, '3546152139076974', 9),
(92, '67638618401555832', 10),
(93, '4917945363549007', 1),
(94, '3576356445984325', 7),
(95, '5531420236151889', 3),
(96, '677151445387771297', 9),
(97, '3548981749292193', 8),
(98, '5602254599796392', 6),
(99, '3586436117096406', 9),
(100, '3582811555485754', 10),
(101, '3553828445399313', 7),
(102, '5602258767601193', 6),
(103, '3550595777384105', 2),
(104, '6333111560111838510', 5),
(105, '345525091929075', 6),
(106, '6304626486431767867', 1),
(107, '5100171013850836', 8),
(108, '3533950162988477', 5),
(109, '201429795096682', 3),
(110, '3588807041254600', 1),
(111, '4017951041246080', 3),
(112, '30250264322707', 5),
(113, '4936598704386296855', 7),
(114, '5007663062351132', 3),
(115, '201909363120840', 10),
(116, '4175003383463788', 4),
(117, '3548076030114576', 2),
(118, '3558600933028364', 9),
(119, '3546398080096574', 4),
(120, '5227572820654774', 4),
(121, '6767068498232042252', 5),
(122, '0604933580178574531', 2),
(123, '560225880058121432', 3),
(124, '6378955707422719', 7),
(125, '3545252258893000', 8),
(126, '3534826976494424', 5),
(127, '3532022974090651', 7),
(128, '3558630269725226', 7),
(129, '3556550569833672', 1),
(130, '4917499406603959', 5),
(131, '5100136135378602', 5),
(132, '3531993352260481', 8),
(133, '3542815956727572', 7),
(134, '3576352935283609', 6),
(135, '3536653029320465', 4),
(136, '3561189447398229', 4),
(137, '3584672520826755', 7),
(138, '5602245750063085', 2),
(139, '201711465527462', 4),
(140, '6759182828496824', 4),
(141, '5505324052359398', 6),
(142, '3563609008399892', 2),
(143, '677125414521738987', 5),
(144, '3577646801464543', 8),
(145, '3541391433005116', 6),
(146, '3579208033274451', 1),
(147, '5610577582527717', 1),
(148, '3548505937520105', 5),
(149, '3544909211170559', 8),
(150, '4175004685553797', 4),
(151, '6382795806087177', 4),
(152, '6333162954704470617', 7),
(153, '4905212186197835', 3),
(154, '3576062972126393', 6),
(155, '3542177042031703', 4),
(156, '3564854185666940', 7),
(157, '4913072570373289', 5),
(158, '5292608129129140', 1),
(159, '3557050685207215', 8),
(160, '3588231224292032', 7),
(161, '5597665555841426', 6),
(162, '3580970405661543', 10),
(163, '5324853384878724', 7),
(164, '56022168800518277', 6),
(165, '3579929501356500', 10),
(166, '490362444140390829', 4),
(167, '3571915993148420', 2),
(168, '3549522325447634', 5),
(169, '337941891685496', 4),
(170, '6382168905350880', 2),
(171, '6759248733753128', 1),
(172, '3543898833155299', 7),
(173, '3578591897295311', 3),
(174, '3566160983218456', 1),
(175, '5100172541205378', 2),
(176, '3574610206315224', 5),
(177, '3539916225104166', 9),
(178, '4913874355818044', 10),
(179, '3537723470543698', 5),
(180, '4917205351270268', 10),
(181, '377814095063516', 4),
(182, '5592355869655937', 8),
(183, '3567121523588971', 8),
(184, '58936499373737197', 3),
(185, '50180257874117990', 1),
(186, '4936117107696363468', 2),
(187, '3583935164138709', 2),
(188, '0604064418031411339', 4),
(189, '633480478499331291', 10),
(190, '630449281600394083', 3),
(191, '3544328658045101', 7),
(192, '6375453621808661', 8),
(193, '3575705988107929', 2),
(194, '3576903058567655', 2),
(195, '3570646178974675', 1),
(196, '30565264884319', 2),
(197, '5100146251946389', 9),
(198, '4017954717292628', 8),
(199, '3582959765047821', 6),
(200, '374288143113735', 8),
(201, '4017950121854763', 1),
(202, '376497203985050', 2),
(203, '5010121304804934', 8),
(204, '3579431382582809', 7),
(205, '3535365361526994', 7),
(206, '503884465402343775', 6),
(207, '3544613437262733', 4),
(208, '5602249504171475', 3),
(209, '3565202706265553', 1),
(210, '3570301144805880', 7),
(211, '4911101556229637', 4),
(212, '4572791904737', 7),
(213, '3544056640209697', 10),
(214, '67623379302891977', 1),
(215, '3571795570511863', 2),
(216, '5007660686343149', 7),
(217, '30249872802340', 2),
(218, '6374827379138234', 1),
(219, '3567822979187784', 1),
(220, '3585558036452070', 2),
(221, '6709178385933364961', 10),
(222, '30314361478380', 10),
(223, '3559733259411549', 3),
(224, '374283323274910', 4),
(225, '560224231508738113', 7),
(226, '3584160366079333', 7),
(227, '3541940299414885', 4),
(228, '3552348157210716', 2),
(229, '5602250649261262645', 3),
(230, '3533857798455674', 10),
(231, '5527538729943250', 5),
(232, '3529203302409442', 1),
(233, '30597335350327', 6),
(234, '4026738709389784', 8),
(235, '5108759024603178', 10),
(236, '493662504895998174', 3),
(237, '3569965797065548', 6),
(238, '3574945426462392', 10),
(239, '3573499666907212', 7),
(240, '5602218867992202844', 8),
(241, '5602254932968161', 7),
(242, '3577522288601362', 8),
(243, '3564308028027265', 1),
(244, '3557536752889596', 1),
(245, '3545641813943005', 9),
(246, '3541527124664063', 9),
(247, '3588848660096161', 3),
(248, '3554964355912180', 10),
(249, '3562881162911447', 1),
(250, '6304607960897188068', 5),
(251, '501880948551297635', 4),
(252, '6771217750641193379', 8),
(253, '4610359313667', 1),
(254, '201942019588953', 7),
(255, '3534635539714909', 4),
(256, '6333766293329042778', 3),
(257, '3546952495766351', 4),
(258, '30470125128354', 5),
(259, '3582237201612742', 2),
(260, '3536615695860074', 5),
(261, '5020813102631303579', 4),
(262, '3532832231182210', 6),
(263, '3587554123554868', 3),
(264, '372301777828395', 6),
(265, '493686445698394983', 2),
(266, '3532980420731444', 10),
(267, '633319951950935401', 2),
(268, '63044476130303660', 9),
(269, '5523020428901537', 10),
(270, '3584258630869719', 4),
(271, '5100148921211517', 8),
(272, '4844026937270830', 3),
(273, '3567572284419220', 1),
(274, '4911854975161782036', 5),
(275, '503803652329497325', 2),
(276, '6388642531283909', 10),
(277, '6334513631929862', 9),
(278, '3586041646689901', 4),
(279, '3582978095548118', 5),
(280, '6771188718507520246', 8),
(281, '4911887199961747302', 9),
(282, '4903610395695814944', 7),
(283, '633377433436816017', 1),
(284, '3551882521435899', 7),
(285, '3543378598526919', 1),
(286, '493688110714143313', 3),
(287, '5048374334087022', 9),
(288, '3539571893403497', 9),
(289, '3572683724648634', 8),
(290, '6393556514660425', 5),
(291, '30310721627906', 3),
(292, '56022446081931512', 2),
(293, '3564965959524824', 8),
(294, '3537890675202279', 2),
(295, '3546474055968616', 5),
(296, '3532892440279447', 7),
(297, '3532998531424659', 5),
(298, '3585207811329356', 1),
(299, '3584961541384344', 3),
(300, '3550080388742678', 5),
(301, '30341030436176', 6),
(302, '5602217440574920', 8),
(303, '3583356396914231', 2),
(304, '3579430883183208', 8),
(305, '3532412994757498', 9),
(306, '3580687840435511', 4),
(307, '676275275370287511', 8),
(308, '5048375224580877', 1),
(309, '4041596959455619', 4),
(310, '3538394405728306', 1),
(311, '3581564863903262', 7),
(312, '5100174389629958', 3),
(313, '6759383193623444', 2),
(314, '3572714048037111', 1),
(315, '3548319233710331', 2),
(316, '3583506086617664', 10),
(317, '67618112243607526', 10),
(318, '5002354766633075', 4),
(319, '6376818678812403', 9),
(320, '3549089146736934', 1),
(321, '3536826194976317', 10),
(322, '3567948071016777', 5),
(323, '3532189096836798', 6),
(324, '0604599571730903', 8),
(325, '3547040570336768', 10),
(326, '3532195509136163', 5),
(327, '36044286225509', 5),
(328, '5353506943774230', 10),
(329, '3533129543044983', 3),
(330, '6761262595991113849', 7),
(331, '5602214551979360', 2),
(332, '6304975010850348', 10),
(333, '67623950051208637', 6),
(334, '501836895004433678', 1),
(335, '4041377228728254', 2),
(336, '3563989981704536', 10),
(337, '5108758608565944', 3),
(338, '3537679800644681', 7),
(339, '3577587336397727', 1),
(340, '5602244178152091', 9),
(341, '3529870939903342', 10),
(342, '4917427158920214', 7),
(343, '503812505243000717', 8),
(344, '4017955092133543', 7),
(345, '6304814357427545801', 9),
(346, '630464121936667440', 9),
(347, '4917377102537632', 3),
(348, '3570503448756145', 10),
(349, '3584480519042941', 3),
(350, '337941379218489', 8),
(351, '3536002254300109', 4),
(352, '3550732431971858', 5),
(353, '374288175859098', 7),
(354, '06045704457091552', 4),
(355, '5007660391306142', 6),
(356, '3560784590119934', 10),
(357, '3564548896376332', 8),
(358, '3534300087757152', 4),
(359, '3557609508213526', 1),
(360, '3579825106201630', 4),
(361, '3568774047900061', 5),
(362, '4149069075034818', 6),
(363, '3564300420363034', 2),
(364, '3560888913338020', 3),
(365, '5641820286691444', 1),
(366, '3586790419319381', 9),
(367, '4913312291901327', 9),
(368, '3539588579705003', 2),
(369, '3538177677241011', 8),
(370, '3540113757182680', 2),
(371, '3545057428392399', 2),
(372, '3586610202131589', 7),
(373, '3549929494968748', 1),
(374, '56022571306553021', 7),
(375, '5602249834806071', 4),
(376, '30545318141544', 1),
(377, '6375678356775210', 9),
(378, '374283482940541', 6),
(379, '4017958391328', 2),
(380, '4017956873915959', 7),
(381, '3579316683240373', 7),
(382, '5425668246109672', 3),
(383, '201628697173446', 6),
(384, '3569220097287750', 8),
(385, '3580620755531727', 4),
(386, '560224396183077580', 9),
(387, '3541950453961456', 6),
(388, '3582954321009480', 2),
(389, '5602240314331813', 2),
(390, '3570055203993140', 10),
(391, '5602236776437676', 7),
(392, '0604514376963807', 3),
(393, '5602230610256939', 9),
(394, '3542210969510662', 5),
(395, '5100148552611241', 5),
(396, '3552329829347169', 6),
(397, '374283260115068', 7),
(398, '5010122549671138', 9),
(399, '6709719151692303103', 6),
(400, '3540262908988600', 2),
(401, '5602244680153165', 6),
(402, '3546293879517130', 4),
(403, '3558676279874256', 7),
(404, '56105472243990949', 10),
(405, '3554415181254008', 7),
(406, '3572526518852260', 6),
(407, '337941923802267', 4),
(408, '5048373639986276', 6),
(409, '5010127331019743', 8),
(410, '4041371803884822', 2),
(411, '3560474551901435', 3),
(412, '201482291336649', 4),
(413, '4508175237618698', 6),
(414, '5602230108943865', 7),
(415, '3537437155111164', 5),
(416, '3583746871033558', 9),
(417, '374622359189007', 9),
(418, '5010127528516568', 3),
(419, '374283589993476', 6),
(420, '6763826123425672', 5),
(421, '30074429566002', 8),
(422, '3551496551223354', 3),
(423, '201731444386939', 6),
(424, '3576587569783768', 4),
(425, '5602247600574450878', 8),
(426, '4917650797414345', 8),
(427, '6376800812808455', 5),
(428, '3548448388355558', 7),
(429, '5002357575177556', 7),
(430, '374283189224181', 4),
(431, '6333486836960225', 2),
(432, '374283599446564', 2),
(433, '3540382444835964', 7),
(434, '4405415577522249', 1),
(435, '4026340243723170', 4),
(436, '3549345363634131', 2),
(437, '5602241511612393', 7),
(438, '3533269960157866', 7),
(439, '493687466553744129', 1),
(440, '3544367009485343', 3),
(441, '5602245682333333', 4),
(442, '3577909342992012', 10),
(443, '67636617789068840', 9),
(444, '4936351854350613234', 7),
(445, '5610400140729727', 1),
(446, '4175005626512438', 2),
(447, '3561421317304700', 10),
(448, '5007667881349318', 4),
(449, '5610959057435943461', 6),
(450, '5100134580168958', 10),
(451, '3582998226170202', 4),
(452, '3531540485795154', 6),
(453, '5125545174404999', 10),
(454, '3559831835756484', 2),
(455, '374622405268409', 6),
(456, '3581537884600059', 4),
(457, '30202641704446', 9),
(458, '6384704343820510', 10),
(459, '6762798591557800', 2),
(460, '5602218315118348', 6),
(461, '3546206598499489', 1),
(462, '4175001595844977', 6),
(463, '676107077303265117', 3),
(464, '374622930504005', 4),
(465, '3543789258673033', 3),
(466, '67715078126115345', 1),
(467, '3580840289466212', 2),
(468, '5602234877749388', 4),
(469, '5602231674336906', 2),
(470, '3552316065010205', 7),
(471, '0604029723694652622', 10),
(472, '3582154427827329', 2),
(473, '6304987454540158330', 8),
(474, '4936229668426608428', 1),
(475, '3548391296368612', 2),
(476, '6709996005374881469', 4),
(477, '3537984659655790', 7),
(478, '201850048023803', 1),
(479, '633442706496017209', 1),
(480, '6709290724541464362', 8),
(481, '30192496674697', 3),
(482, '5100174202830940', 8),
(483, '30097572154136', 10),
(484, '5602247489902658', 3),
(485, '5602235254768943068', 1),
(486, '3584694221207622', 1),
(487, '30164780665103', 2),
(488, '372301720581893', 7),
(489, '5435897953750620', 2),
(490, '201761838596579', 7),
(491, '58935380567932193', 10),
(492, '3561048295061786', 2),
(493, '3575103274978304', 9),
(494, '4903877395173286977', 10),
(495, '6709996904339360827', 8),
(496, '30084711312601', 4),
(497, '3583441171975423', 2),
(498, '30347387425969', 1),
(499, '5602218266116259', 3),
(500, '491115429514171168', 8);

-- --------------------------------------------------------

--
-- Table structure for table `exam_class`
--

CREATE TABLE `exam_class` (
  `exam_id` bigint(20) UNSIGNED NOT NULL,
  `class_id` bigint(20) UNSIGNED NOT NULL,
  `date` date NOT NULL DEFAULT curdate()
) ENGINE=InnoDB DEFAULT CHARSET=latin1;

--
-- Dumping data for table `exam_class`
--

INSERT INTO `exam_class` (`exam_id`, `class_id`, `date`) VALUES
(1, 1, '2019-10-04'),
(1, 5, '2019-10-04'),
(1, 8, '2019-10-04'),
(1, 17, '2019-10-04'),
(2, 33, '2019-10-04'),
(2, 34, '2019-10-04'),
(2, 36, '2019-10-04'),
(3, 21, '2019-10-04'),
(3, 26, '2019-10-04'),
(3, 36, '2019-10-04'),
(3, 39, '2019-10-04'),
(4, 2, '2019-10-04'),
(4, 3, '2019-10-04'),
(4, 6, '2019-10-04'),
(4, 9, '2019-10-04'),
(4, 18, '2019-10-04'),
(5, 9, '2019-10-04'),
(5, 27, '2019-10-04'),
(5, 33, '2019-10-04'),
(5, 36, '2019-10-04'),
(6, 16, '2019-10-04'),
(6, 20, '2019-10-04'),
(6, 34, '2019-10-04'),
(7, 1, '2019-10-04'),
(7, 10, '2019-10-04'),
(7, 13, '2019-10-04'),
(7, 16, '2019-10-04'),
(8, 8, '2019-10-04'),
(8, 10, '2019-10-04'),
(8, 30, '2019-10-04'),
(8, 32, '2019-10-04'),
(8, 39, '2019-10-04'),
(9, 4, '2019-10-04'),
(9, 10, '2019-10-04'),
(9, 19, '2019-10-04'),
(9, 22, '2019-10-04'),
(9, 36, '2019-10-04'),
(9, 39, '2019-10-04'),
(10, 9, '2019-10-04'),
(10, 26, '2019-10-04'),
(10, 38, '2019-10-04'),
(11, 4, '2019-10-04'),
(11, 15, '2019-10-04'),
(11, 27, '2019-10-04'),
(11, 32, '2019-10-04'),
(12, 4, '2019-10-04'),
(12, 26, '2019-10-04'),
(12, 27, '2019-10-04'),
(12, 30, '2019-10-04'),
(13, 4, '2019-10-04'),
(13, 9, '2019-10-04'),
(13, 17, '2019-10-04'),
(13, 28, '2019-10-04'),
(13, 29, '2019-10-04'),
(13, 38, '2019-10-04'),
(13, 39, '2019-10-04'),
(14, 5, '2019-10-04'),
(14, 13, '2019-10-04'),
(14, 16, '2019-10-04'),
(14, 33, '2019-10-04'),
(15, 2, '2019-10-04'),
(15, 3, '2019-10-04'),
(15, 11, '2019-10-04'),
(15, 34, '2019-10-04'),
(16, 7, '2019-10-04'),
(16, 22, '2019-10-04'),
(16, 31, '2019-10-04'),
(16, 34, '2019-10-04'),
(17, 6, '2019-10-04'),
(17, 21, '2019-10-04'),
(17, 30, '2019-10-04'),
(18, 9, '2019-10-04'),
(18, 10, '2019-10-04'),
(18, 16, '2019-10-04'),
(18, 21, '2019-10-04'),
(19, 3, '2019-10-04'),
(19, 26, '2019-10-04'),
(19, 29, '2019-10-04'),
(20, 10, '2019-10-04'),
(20, 19, '2019-10-04'),
(20, 24, '2019-10-04'),
(20, 29, '2019-10-04'),
(20, 31, '2019-10-04'),
(20, 33, '2019-10-04'),
(20, 35, '2019-10-04'),
(21, 9, '2019-10-04'),
(21, 17, '2019-10-04'),
(21, 20, '2019-10-04'),
(21, 25, '2019-10-04'),
(21, 37, '2019-10-04'),
(21, 39, '2019-10-04'),
(22, 19, '2019-10-04'),
(22, 24, '2019-10-04'),
(22, 25, '2019-10-04'),
(22, 26, '2019-10-04'),
(22, 31, '2019-10-04'),
(23, 4, '2019-10-04'),
(23, 6, '2019-10-04'),
(23, 12, '2019-10-04'),
(24, 18, '2019-10-04'),
(24, 30, '2019-10-04'),
(24, 39, '2019-10-04'),
(25, 14, '2019-10-04'),
(25, 23, '2019-10-04'),
(25, 24, '2019-10-04'),
(25, 35, '2019-10-04'),
(26, 3, '2019-10-04'),
(26, 9, '2019-10-04'),
(26, 24, '2019-10-04'),
(26, 27, '2019-10-04'),
(27, 27, '2019-10-04'),
(27, 30, '2019-10-04'),
(27, 33, '2019-10-04'),
(27, 40, '2019-10-04'),
(28, 16, '2019-10-04'),
(28, 18, '2019-10-04'),
(28, 20, '2019-10-04'),
(29, 1, '2019-10-04'),
(29, 13, '2019-10-04'),
(29, 20, '2019-10-04'),
(29, 27, '2019-10-04'),
(29, 39, '2019-10-04'),
(29, 40, '2019-10-04'),
(30, 5, '2019-10-04'),
(30, 17, '2019-10-04'),
(30, 24, '2019-10-04'),
(31, 19, '2019-10-04'),
(31, 23, '2019-10-04'),
(31, 27, '2019-10-04'),
(31, 29, '2019-10-04'),
(31, 37, '2019-10-04'),
(32, 8, '2019-10-04'),
(32, 24, '2019-10-04'),
(32, 34, '2019-10-04'),
(32, 40, '2019-10-04'),
(33, 2, '2019-10-04'),
(33, 7, '2019-10-04'),
(33, 18, '2019-10-04'),
(33, 23, '2019-10-04'),
(33, 26, '2019-10-04'),
(33, 29, '2019-10-04'),
(33, 33, '2019-10-04'),
(34, 1, '2019-10-04'),
(34, 2, '2019-10-04'),
(34, 3, '2019-10-04'),
(34, 4, '2019-10-04'),
(34, 17, '2019-10-04'),
(34, 19, '2019-10-04'),
(34, 20, '2019-10-04'),
(34, 38, '2019-10-04'),
(35, 14, '2019-10-04'),
(35, 25, '2019-10-04'),
(35, 29, '2019-10-04'),
(36, 14, '2019-10-04'),
(36, 23, '2019-10-04'),
(36, 30, '2019-10-04'),
(36, 37, '2019-10-04'),
(37, 11, '2019-10-04'),
(37, 15, '2019-10-04'),
(37, 24, '2019-10-04'),
(37, 35, '2019-10-04'),
(38, 3, '2019-10-04'),
(38, 4, '2019-10-04'),
(38, 5, '2019-10-04'),
(39, 13, '2019-10-04'),
(39, 14, '2019-10-04'),
(39, 18, '2019-10-04'),
(39, 40, '2019-10-04'),
(40, 8, '2019-10-04'),
(40, 14, '2019-10-04'),
(40, 15, '2019-10-04'),
(40, 24, '2019-10-04'),
(40, 25, '2019-10-04'),
(41, 15, '2019-10-04'),
(41, 28, '2019-10-04'),
(41, 40, '2019-10-04'),
(42, 7, '2019-10-04'),
(42, 8, '2019-10-04'),
(42, 9, '2019-10-04'),
(42, 17, '2019-10-04'),
(42, 26, '2019-10-04'),
(42, 28, '2019-10-04'),
(42, 31, '2019-10-04'),
(43, 3, '2019-10-04'),
(43, 11, '2019-10-04'),
(43, 12, '2019-10-04'),
(43, 18, '2019-10-04'),
(44, 11, '2019-10-04'),
(44, 20, '2019-10-04'),
(44, 27, '2019-10-04'),
(44, 35, '2019-10-04'),
(45, 2, '2019-10-04'),
(45, 19, '2019-10-04'),
(45, 31, '2019-10-04'),
(46, 2, '2019-10-04'),
(46, 13, '2019-10-04'),
(46, 17, '2019-10-04'),
(46, 18, '2019-10-04'),
(46, 31, '2019-10-04'),
(47, 8, '2019-10-04'),
(47, 12, '2019-10-04'),
(47, 21, '2019-10-04'),
(47, 28, '2019-10-04'),
(47, 37, '2019-10-04'),
(48, 10, '2019-10-04'),
(48, 16, '2019-10-04'),
(48, 23, '2019-10-04'),
(48, 32, '2019-10-04'),
(49, 10, '2019-10-04'),
(49, 13, '2019-10-04'),
(49, 18, '2019-10-04'),
(50, 5, '2019-10-04'),
(50, 12, '2019-10-04'),
(50, 26, '2019-10-04'),
(50, 37, '2019-10-04'),
(51, 9, '2019-10-04'),
(51, 11, '2019-10-04'),
(51, 15, '2019-10-04'),
(51, 26, '2019-10-04'),
(51, 27, '2019-10-04'),
(51, 37, '2019-10-04'),
(52, 11, '2019-10-04'),
(52, 21, '2019-10-04'),
(53, 25, '2019-10-04'),
(54, 15, '2019-10-04'),
(54, 33, '2019-10-04'),
(55, 17, '2019-10-04'),
(55, 33, '2019-10-04'),
(55, 40, '2019-10-04'),
(56, 1, '2019-10-04'),
(56, 3, '2019-10-04'),
(56, 38, '2019-10-04'),
(57, 17, '2019-10-04'),
(57, 39, '2019-10-04'),
(58, 16, '2019-10-04'),
(58, 23, '2019-10-04'),
(58, 27, '2019-10-04'),
(58, 36, '2019-10-04'),
(59, 15, '2019-10-04'),
(59, 29, '2019-10-04'),
(59, 34, '2019-10-04'),
(60, 2, '2019-10-04'),
(60, 4, '2019-10-04'),
(60, 10, '2019-10-04'),
(60, 38, '2019-10-04'),
(61, 9, '2019-10-04'),
(61, 33, '2019-10-04'),
(61, 36, '2019-10-04'),
(61, 38, '2019-10-04'),
(62, 31, '2019-10-04'),
(63, 4, '2019-10-04'),
(63, 22, '2019-10-04'),
(63, 26, '2019-10-04'),
(63, 27, '2019-10-04'),
(64, 14, '2019-10-04'),
(65, 3, '2019-10-04'),
(65, 6, '2019-10-04'),
(65, 14, '2019-10-04'),
(65, 40, '2019-10-04'),
(66, 7, '2019-10-04'),
(66, 14, '2019-10-04'),
(66, 17, '2019-10-04'),
(66, 27, '2019-10-04'),
(66, 28, '2019-10-04'),
(67, 19, '2019-10-04'),
(68, 31, '2019-10-04'),
(69, 22, '2019-10-04'),
(69, 40, '2019-10-04'),
(70, 1, '2019-10-04'),
(70, 17, '2019-10-04'),
(70, 18, '2019-10-04'),
(70, 25, '2019-10-04'),
(71, 33, '2019-10-04'),
(72, 5, '2019-10-04'),
(72, 16, '2019-10-04'),
(72, 23, '2019-10-04'),
(72, 27, '2019-10-04'),
(72, 38, '2019-10-04'),
(72, 39, '2019-10-04'),
(73, 34, '2019-10-04'),
(73, 35, '2019-10-04'),
(74, 33, '2019-10-04'),
(75, 12, '2019-10-04'),
(76, 12, '2019-10-04'),
(76, 13, '2019-10-04'),
(76, 40, '2019-10-04'),
(77, 4, '2019-10-04'),
(77, 18, '2019-10-04'),
(77, 23, '2019-10-04'),
(78, 28, '2019-10-04'),
(78, 30, '2019-10-04'),
(78, 31, '2019-10-04'),
(78, 34, '2019-10-04'),
(78, 35, '2019-10-04'),
(79, 24, '2019-10-04'),
(80, 7, '2019-10-04'),
(80, 22, '2019-10-04'),
(80, 24, '2019-10-04'),
(81, 24, '2019-10-04'),
(82, 1, '2019-10-04'),
(82, 10, '2019-10-04'),
(83, 37, '2019-10-04'),
(84, 14, '2019-10-04'),
(84, 29, '2019-10-04'),
(85, 29, '2019-10-04'),
(86, 10, '2019-10-04'),
(86, 14, '2019-10-04'),
(86, 15, '2019-10-04'),
(87, 32, '2019-10-04'),
(88, 1, '2019-10-04'),
(88, 36, '2019-10-04'),
(88, 37, '2019-10-04'),
(88, 39, '2019-10-04'),
(89, 3, '2019-10-04'),
(89, 18, '2019-10-04'),
(89, 30, '2019-10-04'),
(89, 31, '2019-10-04'),
(89, 33, '2019-10-04'),
(90, 11, '2019-10-04'),
(90, 16, '2019-10-04'),
(90, 27, '2019-10-04'),
(91, 30, '2019-10-04'),
(91, 33, '2019-10-04'),
(92, 19, '2019-10-04'),
(92, 38, '2019-10-04'),
(93, 2, '2019-10-04'),
(93, 38, '2019-10-04'),
(94, 4, '2019-10-04'),
(94, 11, '2019-10-04'),
(94, 18, '2019-10-04'),
(95, 2, '2019-10-04'),
(96, 2, '2019-10-04'),
(96, 4, '2019-10-04'),
(96, 6, '2019-10-04'),
(96, 35, '2019-10-04'),
(97, 21, '2019-10-04'),
(97, 27, '2019-10-04'),
(97, 32, '2019-10-04'),
(98, 18, '2019-10-04'),
(99, 34, '2019-10-04'),
(100, 4, '2019-10-04'),
(100, 37, '2019-10-04'),
(101, 35, '2019-10-04'),
(102, 7, '2019-10-04'),
(102, 16, '2019-10-04'),
(103, 11, '2019-10-04'),
(107, 7, '2019-10-04'),
(107, 15, '2019-10-04'),
(109, 11, '2019-10-04'),
(109, 14, '2019-10-04'),
(110, 24, '2019-10-04'),
(110, 35, '2019-10-04'),
(111, 12, '2019-10-04'),
(111, 39, '2019-10-04'),
(112, 19, '2019-10-04'),
(112, 31, '2019-10-04'),
(114, 16, '2019-10-04'),
(114, 29, '2019-10-04'),
(114, 39, '2019-10-04'),
(115, 1, '2019-10-04'),
(115, 2, '2019-10-04'),
(115, 34, '2019-10-04'),
(115, 35, '2019-10-04'),
(116, 2, '2019-10-04'),
(116, 36, '2019-10-04'),
(117, 15, '2019-10-04'),
(117, 17, '2019-10-04'),
(117, 31, '2019-10-04'),
(118, 1, '2019-10-04'),
(118, 2, '2019-10-04'),
(119, 1, '2019-10-04'),
(119, 4, '2019-10-04'),
(119, 14, '2019-10-04'),
(122, 6, '2019-10-04'),
(122, 17, '2019-10-04'),
(122, 26, '2019-10-04'),
(122, 38, '2019-10-04'),
(123, 30, '2019-10-04'),
(123, 35, '2019-10-04'),
(125, 5, '2019-10-04'),
(127, 3, '2019-10-04'),
(127, 18, '2019-10-04'),
(127, 30, '2019-10-04'),
(130, 6, '2019-10-04'),
(131, 6, '2019-10-04'),
(131, 16, '2019-10-04'),
(132, 10, '2019-10-04'),
(133, 7, '2019-10-04'),
(133, 14, '2019-10-04'),
(134, 13, '2019-10-04'),
(134, 23, '2019-10-04'),
(134, 38, '2019-10-04'),
(135, 13, '2019-10-04'),
(136, 1, '2019-10-04'),
(136, 22, '2019-10-04'),
(136, 35, '2019-10-04'),
(137, 15, '2019-10-04'),
(137, 23, '2019-10-04'),
(137, 36, '2019-10-04'),
(138, 17, '2019-10-04'),
(138, 24, '2019-10-04'),
(139, 38, '2019-10-04'),
(141, 7, '2019-10-04'),
(141, 37, '2019-10-04'),
(142, 30, '2019-10-04'),
(144, 40, '2019-10-04'),
(145, 19, '2019-10-04'),
(145, 26, '2019-10-04'),
(146, 4, '2019-10-04'),
(146, 24, '2019-10-04'),
(146, 35, '2019-10-04'),
(147, 14, '2019-10-04'),
(148, 22, '2019-10-04'),
(148, 24, '2019-10-04'),
(148, 31, '2019-10-04'),
(149, 29, '2019-10-04'),
(149, 32, '2019-10-04'),
(150, 39, '2019-10-04'),
(153, 18, '2019-10-04'),
(154, 2, '2019-10-04'),
(154, 10, '2019-10-04'),
(155, 3, '2019-10-04'),
(156, 37, '2019-10-04'),
(157, 4, '2019-10-04'),
(157, 23, '2019-10-04'),
(159, 22, '2019-10-04'),
(162, 25, '2019-10-04'),
(163, 4, '2019-10-04'),
(164, 31, '2019-10-04'),
(165, 24, '2019-10-04'),
(165, 31, '2019-10-04'),
(166, 21, '2019-10-04'),
(168, 17, '2019-10-04'),
(168, 30, '2019-10-04'),
(168, 40, '2019-10-04'),
(169, 12, '2019-10-04'),
(170, 3, '2019-10-04'),
(170, 11, '2019-10-04'),
(171, 8, '2019-10-04'),
(172, 6, '2019-10-04'),
(172, 23, '2019-10-04'),
(172, 28, '2019-10-04'),
(173, 21, '2019-10-04'),
(176, 27, '2019-10-04'),
(177, 13, '2019-10-04'),
(177, 26, '2019-10-04'),
(177, 32, '2019-10-04'),
(177, 35, '2019-10-04'),
(179, 11, '2019-10-04'),
(179, 34, '2019-10-04'),
(180, 11, '2019-10-04'),
(180, 22, '2019-10-04'),
(180, 23, '2019-10-04'),
(181, 8, '2019-10-04'),
(182, 11, '2019-10-04'),
(182, 33, '2019-10-04'),
(182, 34, '2019-10-04'),
(183, 34, '2019-10-04'),
(184, 8, '2019-10-04'),
(186, 19, '2019-10-04'),
(186, 27, '2019-10-04'),
(187, 19, '2019-10-04'),
(187, 28, '2019-10-04'),
(187, 32, '2019-10-04'),
(188, 16, '2019-10-04'),
(188, 24, '2019-10-04'),
(189, 21, '2019-10-04'),
(190, 2, '2019-10-04'),
(190, 36, '2019-10-04'),
(191, 16, '2019-10-04'),
(192, 26, '2019-10-04'),
(193, 23, '2019-10-04'),
(195, 3, '2019-10-04'),
(195, 21, '2019-10-04'),
(196, 3, '2019-10-04'),
(197, 34, '2019-10-04'),
(198, 19, '2019-10-04'),
(199, 23, '2019-10-04'),
(200, 6, '2019-10-04'),
(200, 21, '2019-10-04'),
(201, 9, '2019-10-04'),
(201, 38, '2019-10-04'),
(202, 35, '2019-10-04'),
(203, 8, '2019-10-04'),
(203, 29, '2019-10-04'),
(203, 31, '2019-10-04'),
(204, 3, '2019-10-04'),
(207, 1, '2019-10-04'),
(208, 36, '2019-10-04'),
(208, 37, '2019-10-04'),
(211, 28, '2019-10-04'),
(213, 22, '2019-10-04'),
(216, 1, '2019-10-04'),
(216, 19, '2019-10-04'),
(220, 20, '2019-10-04'),
(221, 13, '2019-10-04'),
(221, 22, '2019-10-04'),
(222, 31, '2019-10-04'),
(224, 28, '2019-10-04'),
(225, 17, '2019-10-04'),
(226, 9, '2019-10-04'),
(227, 20, '2019-10-04'),
(228, 6, '2019-10-04'),
(228, 8, '2019-10-04'),
(229, 18, '2019-10-04'),
(229, 24, '2019-10-04'),
(229, 28, '2019-10-04'),
(229, 38, '2019-10-04'),
(230, 17, '2019-10-04'),
(230, 19, '2019-10-04'),
(231, 9, '2019-10-04'),
(231, 28, '2019-10-04'),
(231, 32, '2019-10-04'),
(232, 4, '2019-10-04'),
(232, 23, '2019-10-04'),
(234, 37, '2019-10-04'),
(234, 38, '2019-10-04'),
(235, 16, '2019-10-04'),
(236, 29, '2019-10-04'),
(237, 28, '2019-10-04'),
(237, 37, '2019-10-04'),
(237, 39, '2019-10-04'),
(239, 22, '2019-10-04'),
(240, 12, '2019-10-04'),
(240, 35, '2019-10-04'),
(241, 18, '2019-10-04'),
(242, 27, '2019-10-04'),
(243, 14, '2019-10-04'),
(243, 20, '2019-10-04'),
(243, 25, '2019-10-04'),
(243, 31, '2019-10-04'),
(244, 39, '2019-10-04'),
(245, 3, '2019-10-04'),
(245, 5, '2019-10-04'),
(246, 9, '2019-10-04'),
(247, 15, '2019-10-04'),
(247, 20, '2019-10-04'),
(247, 37, '2019-10-04'),
(247, 39, '2019-10-04'),
(248, 20, '2019-10-04'),
(248, 34, '2019-10-04'),
(248, 36, '2019-10-04'),
(249, 37, '2019-10-04'),
(250, 3, '2019-10-04'),
(250, 8, '2019-10-04'),
(252, 31, '2019-10-04'),
(253, 14, '2019-10-04'),
(254, 31, '2019-10-04'),
(255, 23, '2019-10-04'),
(256, 18, '2019-10-04'),
(256, 30, '2019-10-04'),
(257, 1, '2019-10-04'),
(260, 23, '2019-10-04'),
(260, 39, '2019-10-04'),
(261, 33, '2019-10-04'),
(262, 11, '2019-10-04'),
(262, 34, '2019-10-04'),
(263, 13, '2019-10-04'),
(263, 36, '2019-10-04'),
(264, 19, '2019-10-04'),
(264, 36, '2019-10-04'),
(265, 10, '2019-10-04'),
(266, 34, '2019-10-04'),
(266, 38, '2019-10-04'),
(267, 12, '2019-10-04'),
(267, 24, '2019-10-04'),
(269, 7, '2019-10-04'),
(270, 36, '2019-10-04'),
(271, 35, '2019-10-04'),
(271, 36, '2019-10-04'),
(275, 16, '2019-10-04'),
(275, 22, '2019-10-04'),
(275, 30, '2019-10-04'),
(277, 1, '2019-10-04'),
(277, 7, '2019-10-04'),
(277, 20, '2019-10-04'),
(277, 24, '2019-10-04'),
(278, 2, '2019-10-04'),
(279, 15, '2019-10-04'),
(279, 32, '2019-10-04'),
(279, 33, '2019-10-04'),
(280, 7, '2019-10-04'),
(280, 30, '2019-10-04'),
(281, 6, '2019-10-04'),
(281, 27, '2019-10-04'),
(281, 35, '2019-10-04'),
(282, 14, '2019-10-04'),
(282, 33, '2019-10-04'),
(282, 35, '2019-10-04'),
(283, 23, '2019-10-04'),
(285, 8, '2019-10-04'),
(285, 19, '2019-10-04'),
(285, 25, '2019-10-04'),
(285, 26, '2019-10-04'),
(287, 15, '2019-10-04'),
(288, 1, '2019-10-04'),
(288, 2, '2019-10-04'),
(290, 21, '2019-10-04'),
(290, 33, '2019-10-04'),
(291, 35, '2019-10-04'),
(292, 4, '2019-10-04'),
(292, 13, '2019-10-04'),
(292, 20, '2019-10-04'),
(292, 31, '2019-10-04'),
(295, 6, '2019-10-04'),
(295, 16, '2019-10-04'),
(295, 26, '2019-10-04'),
(295, 27, '2019-10-04'),
(296, 12, '2019-10-04'),
(296, 27, '2019-10-04'),
(299, 32, '2019-10-04'),
(303, 6, '2019-10-04'),
(304, 36, '2019-10-04'),
(305, 6, '2019-10-04'),
(305, 24, '2019-10-04'),
(305, 27, '2019-10-04'),
(306, 15, '2019-10-04'),
(308, 18, '2019-10-04'),
(309, 6, '2019-10-04'),
(309, 20, '2019-10-04'),
(309, 39, '2019-10-04'),
(310, 38, '2019-10-04'),
(311, 2, '2019-10-04'),
(311, 34, '2019-10-04'),
(311, 39, '2019-10-04'),
(312, 11, '2019-10-04'),
(313, 2, '2019-10-04'),
(313, 37, '2019-10-04'),
(314, 6, '2019-10-04'),
(314, 31, '2019-10-04'),
(315, 7, '2019-10-04'),
(315, 16, '2019-10-04'),
(316, 11, '2019-10-04'),
(317, 12, '2019-10-04'),
(317, 14, '2019-10-04'),
(317, 33, '2019-10-04'),
(318, 26, '2019-10-04'),
(319, 32, '2019-10-04'),
(320, 38, '2019-10-04'),
(321, 15, '2019-10-04'),
(322, 2, '2019-10-04'),
(322, 20, '2019-10-04'),
(323, 20, '2019-10-04'),
(323, 21, '2019-10-04'),
(326, 7, '2019-10-04'),
(326, 19, '2019-10-04'),
(327, 31, '2019-10-04'),
(328, 25, '2019-10-04'),
(329, 14, '2019-10-04'),
(329, 34, '2019-10-04'),
(329, 39, '2019-10-04'),
(333, 22, '2019-10-04'),
(333, 28, '2019-10-04'),
(333, 32, '2019-10-04'),
(333, 39, '2019-10-04'),
(335, 29, '2019-10-04'),
(336, 6, '2019-10-04'),
(336, 23, '2019-10-04'),
(336, 30, '2019-10-04'),
(336, 39, '2019-10-04'),
(340, 35, '2019-10-04'),
(341, 4, '2019-10-04'),
(341, 11, '2019-10-04'),
(342, 4, '2019-10-04'),
(342, 23, '2019-10-04'),
(343, 6, '2019-10-04'),
(343, 36, '2019-10-04'),
(344, 36, '2019-10-04'),
(345, 1, '2019-10-04'),
(345, 20, '2019-10-04'),
(346, 32, '2019-10-04'),
(347, 30, '2019-10-04'),
(347, 35, '2019-10-04'),
(350, 33, '2019-10-04'),
(352, 7, '2019-10-04'),
(352, 19, '2019-10-04'),
(352, 29, '2019-10-04'),
(353, 30, '2019-10-04'),
(354, 21, '2019-10-04'),
(354, 31, '2019-10-04'),
(355, 33, '2019-10-04'),
(358, 35, '2019-10-04'),
(359, 23, '2019-10-04'),
(359, 26, '2019-10-04'),
(359, 36, '2019-10-04'),
(360, 5, '2019-10-04'),
(360, 31, '2019-10-04'),
(360, 38, '2019-10-04'),
(361, 7, '2019-10-04'),
(365, 8, '2019-10-04'),
(366, 2, '2019-10-04'),
(366, 4, '2019-10-04'),
(366, 33, '2019-10-04'),
(366, 38, '2019-10-04'),
(366, 40, '2019-10-04'),
(367, 5, '2019-10-04'),
(367, 6, '2019-10-04'),
(367, 21, '2019-10-04'),
(368, 22, '2019-10-04'),
(369, 13, '2019-10-04'),
(369, 39, '2019-10-04'),
(370, 32, '2019-10-04'),
(370, 35, '2019-10-04'),
(371, 36, '2019-10-04'),
(372, 5, '2019-10-04'),
(372, 35, '2019-10-04'),
(373, 33, '2019-10-04'),
(375, 16, '2019-10-04'),
(375, 26, '2019-10-04'),
(376, 37, '2019-10-04'),
(377, 6, '2019-10-04'),
(377, 19, '2019-10-04'),
(377, 34, '2019-10-04'),
(380, 30, '2019-10-04'),
(381, 20, '2019-10-04'),
(382, 28, '2019-10-04'),
(383, 7, '2019-10-04'),
(383, 37, '2019-10-04'),
(384, 38, '2019-10-04'),
(385, 36, '2019-10-04'),
(386, 1, '2019-10-04'),
(387, 3, '2019-10-04'),
(388, 2, '2019-10-04'),
(390, 24, '2019-10-04'),
(391, 7, '2019-10-04'),
(391, 23, '2019-10-04'),
(391, 33, '2019-10-04'),
(392, 8, '2019-10-04'),
(392, 29, '2019-10-04'),
(393, 6, '2019-10-04'),
(393, 28, '2019-10-04'),
(394, 6, '2019-10-04'),
(397, 34, '2019-10-04'),
(398, 38, '2019-10-04'),
(399, 36, '2019-10-04'),
(400, 3, '2019-10-04'),
(400, 5, '2019-10-04'),
(400, 16, '2019-10-04'),
(402, 2, '2019-10-04'),
(402, 7, '2019-10-04'),
(403, 20, '2019-10-04'),
(403, 22, '2019-10-04'),
(404, 11, '2019-10-04'),
(405, 15, '2019-10-04'),
(405, 16, '2019-10-04'),
(405, 25, '2019-10-04'),
(405, 40, '2019-10-04'),
(406, 5, '2019-10-04'),
(406, 19, '2019-10-04'),
(407, 17, '2019-10-04'),
(407, 34, '2019-10-04'),
(409, 6, '2019-10-04'),
(409, 11, '2019-10-04'),
(410, 12, '2019-10-04'),
(410, 17, '2019-10-04'),
(411, 12, '2019-10-04'),
(411, 13, '2019-10-04'),
(411, 29, '2019-10-04'),
(411, 32, '2019-10-04'),
(412, 18, '2019-10-04'),
(412, 27, '2019-10-04'),
(412, 30, '2019-10-04'),
(413, 9, '2019-10-04'),
(413, 23, '2019-10-04'),
(413, 40, '2019-10-04'),
(415, 12, '2019-10-04'),
(415, 20, '2019-10-04'),
(415, 21, '2019-10-04'),
(415, 28, '2019-10-04'),
(416, 7, '2019-10-04'),
(416, 38, '2019-10-04'),
(416, 39, '2019-10-04'),
(417, 4, '2019-10-04'),
(417, 8, '2019-10-04'),
(418, 18, '2019-10-04'),
(418, 32, '2019-10-04'),
(418, 40, '2019-10-04'),
(419, 7, '2019-10-04'),
(419, 18, '2019-10-04'),
(421, 27, '2019-10-04'),
(422, 4, '2019-10-04'),
(422, 23, '2019-10-04'),
(423, 30, '2019-10-04'),
(423, 34, '2019-10-04'),
(424, 2, '2019-10-04'),
(424, 4, '2019-10-04'),
(425, 21, '2019-10-04'),
(425, 37, '2019-10-04'),
(426, 4, '2019-10-04'),
(426, 32, '2019-10-04'),
(427, 31, '2019-10-04'),
(427, 39, '2019-10-04'),
(428, 21, '2019-10-04'),
(429, 12, '2019-10-04'),
(429, 15, '2019-10-04'),
(429, 39, '2019-10-04'),
(430, 3, '2019-10-04'),
(430, 4, '2019-10-04'),
(430, 14, '2019-10-04'),
(430, 24, '2019-10-04'),
(430, 28, '2019-10-04'),
(431, 6, '2019-10-04'),
(431, 14, '2019-10-04'),
(431, 25, '2019-10-04'),
(431, 27, '2019-10-04'),
(431, 28, '2019-10-04'),
(431, 30, '2019-10-04'),
(432, 12, '2019-10-04'),
(432, 25, '2019-10-04'),
(432, 27, '2019-10-04'),
(432, 36, '2019-10-04'),
(432, 38, '2019-10-04'),
(433, 15, '2019-10-04'),
(433, 17, '2019-10-04'),
(433, 34, '2019-10-04'),
(433, 40, '2019-10-04'),
(435, 18, '2019-10-04'),
(435, 37, '2019-10-04'),
(435, 38, '2019-10-04'),
(436, 15, '2019-10-04'),
(436, 25, '2019-10-04'),
(437, 19, '2019-10-04'),
(438, 3, '2019-10-04'),
(438, 6, '2019-10-04'),
(438, 11, '2019-10-04'),
(438, 13, '2019-10-04'),
(438, 18, '2019-10-04'),
(439, 14, '2019-10-04'),
(439, 19, '2019-10-04'),
(439, 27, '2019-10-04'),
(440, 1, '2019-10-04'),
(441, 13, '2019-10-04'),
(441, 34, '2019-10-04'),
(442, 9, '2019-10-04'),
(442, 21, '2019-10-04'),
(442, 24, '2019-10-04'),
(442, 40, '2019-10-04'),
(443, 9, '2019-10-04'),
(443, 16, '2019-10-04'),
(443, 37, '2019-10-04'),
(443, 40, '2019-10-04'),
(444, 16, '2019-10-04'),
(444, 28, '2019-10-04'),
(445, 10, '2019-10-04'),
(445, 32, '2019-10-04'),
(446, 28, '2019-10-04'),
(446, 30, '2019-10-04'),
(447, 28, '2019-10-04'),
(448, 1, '2019-10-04'),
(448, 11, '2019-10-04'),
(448, 12, '2019-10-04'),
(448, 27, '2019-10-04'),
(449, 1, '2019-10-04'),
(449, 4, '2019-10-04'),
(449, 29, '2019-10-04'),
(449, 38, '2019-10-04'),
(450, 6, '2019-10-04'),
(451, 25, '2019-10-04'),
(451, 35, '2019-10-04'),
(452, 33, '2019-10-04'),
(452, 37, '2019-10-04'),
(453, 20, '2019-10-04'),
(454, 2, '2019-10-04'),
(455, 2, '2019-10-04'),
(455, 17, '2019-10-04'),
(456, 4, '2019-10-04'),
(456, 26, '2019-10-04'),
(457, 14, '2019-10-04'),
(457, 31, '2019-10-04'),
(457, 38, '2019-10-04'),
(458, 10, '2019-10-04'),
(458, 15, '2019-10-04'),
(458, 28, '2019-10-04'),
(458, 37, '2019-10-04'),
(459, 4, '2019-10-04'),
(460, 26, '2019-10-04'),
(460, 28, '2019-10-04'),
(462, 1, '2019-10-04'),
(462, 13, '2019-10-04'),
(462, 16, '2019-10-04'),
(462, 35, '2019-10-04'),
(463, 9, '2019-10-04'),
(463, 27, '2019-10-04'),
(463, 36, '2019-10-04'),
(464, 20, '2019-10-04'),
(464, 33, '2019-10-04'),
(465, 11, '2019-10-04'),
(465, 23, '2019-10-04'),
(465, 31, '2019-10-04'),
(466, 1, '2019-10-04'),
(466, 25, '2019-10-04'),
(466, 36, '2019-10-04'),
(467, 3, '2019-10-04'),
(467, 8, '2019-10-04'),
(467, 10, '2019-10-04'),
(467, 34, '2019-10-04'),
(468, 22, '2019-10-04'),
(468, 28, '2019-10-04'),
(468, 35, '2019-10-04'),
(469, 31, '2019-10-04'),
(470, 3, '2019-10-04'),
(470, 32, '2019-10-04'),
(471, 8, '2019-10-04'),
(473, 9, '2019-10-04'),
(473, 38, '2019-10-04'),
(474, 10, '2019-10-04'),
(474, 25, '2019-10-04'),
(475, 20, '2019-10-04'),
(475, 37, '2019-10-04'),
(476, 17, '2019-10-04'),
(476, 19, '2019-10-04'),
(476, 32, '2019-10-04'),
(476, 33, '2019-10-04'),
(476, 36, '2019-10-04'),
(477, 16, '2019-10-04'),
(477, 36, '2019-10-04'),
(478, 25, '2019-10-04'),
(479, 10, '2019-10-04'),
(480, 37, '2019-10-04'),
(482, 8, '2019-10-04'),
(482, 13, '2019-10-04'),
(483, 3, '2019-10-04'),
(483, 13, '2019-10-04'),
(483, 14, '2019-10-04'),
(484, 5, '2019-10-04'),
(484, 8, '2019-10-04'),
(484, 10, '2019-10-04'),
(484, 14, '2019-10-04'),
(484, 27, '2019-10-04'),
(485, 11, '2019-10-04'),
(485, 22, '2019-10-04'),
(485, 33, '2019-10-04'),
(486, 24, '2019-10-04'),
(486, 35, '2019-10-04'),
(487, 2, '2019-10-04'),
(487, 36, '2019-10-04'),
(488, 40, '2019-10-04'),
(489, 11, '2019-10-04'),
(489, 19, '2019-10-04'),
(489, 23, '2019-10-04'),
(489, 28, '2019-10-04'),
(489, 34, '2019-10-04'),
(490, 36, '2019-10-04'),
(491, 33, '2019-10-04'),
(492, 15, '2019-10-04'),
(492, 28, '2019-10-04'),
(493, 4, '2019-10-04'),
(493, 14, '2019-10-04'),
(493, 25, '2019-10-04'),
(493, 31, '2019-10-04'),
(494, 31, '2019-10-04'),
(494, 33, '2019-10-04'),
(495, 21, '2019-10-04'),
(497, 15, '2019-10-04'),
(497, 33, '2019-10-04'),
(497, 38, '2019-10-04'),
(498, 9, '2019-10-04'),
(498, 33, '2019-10-04'),
(498, 39, '2019-10-04'),
(499, 24, '2019-10-04'),
(499, 32, '2019-10-04'),
(500, 8, '2019-10-04'),
(500, 12, '2019-10-04'),
(500, 35, '2019-10-04');

-- --------------------------------------------------------

--
-- Table structure for table `exam_result`
--

CREATE TABLE `exam_result` (
  `exam_id` bigint(20) UNSIGNED NOT NULL,
  `student_id` bigint(20) UNSIGNED NOT NULL,
  `mark` decimal(3,2) UNSIGNED NOT NULL
) ENGINE=InnoDB DEFAULT CHARSET=latin1;

--
-- Dumping data for table `exam_result`
--

INSERT INTO `exam_result` (`exam_id`, `student_id`, `mark`) VALUES
(1, 94, '2.40'),
(1, 171, '5.30'),
(1, 181, '3.30'),
(1, 246, '2.00'),
(1, 412, '3.90'),
(1, 416, '1.50'),
(1, 454, '4.60'),
(1, 647, '1.80'),
(1, 674, '3.20'),
(1, 736, '1.50'),
(1, 849, '4.20'),
(1, 863, '3.00'),
(1, 881, '1.70'),
(2, 44, '4.40'),
(2, 133, '1.90'),
(2, 151, '2.70'),
(2, 287, '2.60'),
(2, 411, '5.60'),
(2, 413, '4.00'),
(2, 439, '1.10'),
(2, 576, '5.20'),
(2, 708, '2.50'),
(2, 764, '2.00'),
(2, 776, '3.10'),
(2, 825, '3.90'),
(2, 876, '2.20'),
(3, 209, '1.70'),
(3, 278, '4.50'),
(3, 510, '3.20'),
(3, 716, '1.30'),
(3, 795, '1.60'),
(3, 893, '5.40'),
(3, 899, '4.30'),
(3, 970, '1.60'),
(4, 102, '4.10'),
(4, 149, '4.70'),
(4, 186, '3.10'),
(4, 204, '1.00'),
(4, 307, '4.30'),
(4, 480, '2.90'),
(4, 533, '3.70'),
(4, 540, '3.40'),
(4, 763, '1.20'),
(4, 926, '3.90'),
(5, 141, '3.10'),
(5, 171, '1.00'),
(5, 203, '1.90'),
(5, 299, '4.80'),
(5, 448, '2.40'),
(5, 459, '1.20'),
(5, 462, '3.40'),
(5, 510, '1.00'),
(5, 558, '5.20'),
(5, 597, '1.90'),
(5, 712, '2.40'),
(5, 823, '2.60'),
(5, 826, '4.10'),
(5, 926, '1.40'),
(5, 953, '2.30'),
(5, 986, '4.30'),
(6, 59, '1.90'),
(6, 218, '2.70'),
(6, 222, '4.80'),
(6, 630, '1.90'),
(6, 639, '4.30'),
(6, 655, '3.10'),
(6, 824, '4.70'),
(7, 37, '5.00'),
(7, 69, '2.90'),
(7, 183, '1.50'),
(7, 343, '5.60'),
(7, 623, '1.60'),
(7, 682, '5.70'),
(7, 899, '5.40'),
(7, 903, '5.60'),
(7, 915, '1.20'),
(7, 922, '3.00'),
(7, 927, '4.60'),
(8, 55, '3.60'),
(8, 80, '4.10'),
(8, 91, '4.70'),
(8, 109, '1.00'),
(8, 541, '4.60'),
(8, 657, '3.00'),
(8, 698, '2.50'),
(8, 916, '1.00'),
(8, 974, '1.50'),
(9, 182, '5.60'),
(9, 195, '2.10'),
(9, 266, '1.10'),
(9, 433, '4.50'),
(9, 517, '4.50'),
(9, 527, '1.10'),
(9, 731, '2.90'),
(9, 842, '4.20'),
(9, 923, '5.20'),
(10, 95, '4.60'),
(10, 321, '3.60'),
(10, 456, '5.60'),
(10, 524, '5.30'),
(10, 590, '5.80'),
(10, 635, '4.50'),
(10, 728, '5.20'),
(10, 772, '4.10'),
(10, 802, '3.20'),
(10, 827, '5.90'),
(10, 968, '2.60'),
(10, 977, '5.60'),
(11, 283, '3.90'),
(11, 335, '1.20'),
(11, 399, '5.40'),
(11, 488, '2.90'),
(11, 517, '1.30'),
(11, 659, '3.20'),
(11, 687, '5.30'),
(11, 892, '1.90'),
(11, 958, '4.50'),
(11, 986, '3.90'),
(12, 203, '1.30'),
(12, 214, '1.10'),
(12, 424, '5.80'),
(12, 450, '2.70'),
(12, 538, '1.30'),
(12, 614, '2.00'),
(12, 734, '5.80'),
(12, 763, '3.30'),
(12, 875, '3.20'),
(12, 880, '3.90'),
(12, 946, '2.10'),
(12, 997, '2.60'),
(13, 45, '2.50'),
(13, 141, '4.10'),
(13, 171, '1.30'),
(13, 220, '2.30'),
(13, 254, '3.00'),
(13, 394, '3.70'),
(13, 631, '2.10'),
(13, 839, '5.70'),
(13, 961, '1.40'),
(13, 981, '3.50'),
(14, 132, '2.50'),
(14, 352, '3.60'),
(14, 417, '5.70'),
(14, 473, '3.00'),
(14, 482, '1.50'),
(14, 700, '1.00'),
(14, 801, '4.70'),
(15, 26, '5.60'),
(15, 97, '3.70'),
(15, 129, '4.00'),
(15, 139, '5.30'),
(15, 273, '2.90'),
(15, 361, '5.80'),
(15, 378, '4.50'),
(15, 445, '4.40'),
(15, 645, '6.00'),
(15, 794, '5.30'),
(15, 878, '3.80'),
(15, 935, '5.40'),
(15, 973, '3.00'),
(16, 92, '1.70'),
(16, 127, '2.50'),
(16, 130, '4.60'),
(16, 174, '2.30'),
(16, 191, '3.50'),
(16, 357, '1.70'),
(16, 462, '1.70'),
(16, 493, '1.90'),
(16, 498, '3.60'),
(16, 534, '3.20'),
(16, 537, '5.50'),
(16, 569, '5.70'),
(16, 606, '4.60'),
(16, 713, '3.00'),
(16, 754, '1.90'),
(16, 873, '4.80'),
(16, 961, '4.10'),
(17, 85, '2.70'),
(17, 147, '1.60'),
(17, 156, '5.60'),
(17, 348, '3.40'),
(17, 619, '4.30'),
(17, 652, '2.30'),
(17, 762, '4.90'),
(17, 774, '4.70'),
(17, 929, '1.80'),
(17, 950, '5.00'),
(17, 978, '5.70'),
(18, 30, '5.30'),
(18, 230, '1.40'),
(18, 456, '4.50'),
(18, 632, '2.40'),
(18, 661, '2.90'),
(18, 860, '5.30'),
(19, 33, '2.20'),
(19, 150, '1.30'),
(19, 177, '4.40'),
(19, 237, '1.00'),
(19, 327, '5.90'),
(19, 437, '3.90'),
(19, 602, '3.10'),
(19, 618, '3.40'),
(19, 683, '3.70'),
(19, 866, '4.00'),
(19, 980, '3.60'),
(20, 33, '3.90'),
(20, 96, '2.40'),
(20, 153, '5.90'),
(20, 180, '4.60'),
(20, 322, '3.20'),
(20, 350, '2.70'),
(20, 497, '4.80'),
(20, 562, '2.30'),
(20, 576, '2.40'),
(20, 668, '4.10'),
(21, 25, '3.30'),
(21, 158, '3.50'),
(21, 224, '2.30'),
(21, 326, '4.90'),
(21, 547, '3.60'),
(21, 809, '3.20'),
(21, 897, '1.10'),
(22, 21, '2.50'),
(22, 158, '2.30'),
(22, 182, '1.90'),
(22, 331, '3.20'),
(22, 456, '3.20'),
(22, 473, '3.30'),
(22, 702, '5.40'),
(22, 703, '2.80'),
(22, 925, '5.80'),
(23, 72, '3.50'),
(23, 199, '5.10'),
(23, 210, '5.00'),
(23, 225, '3.70'),
(23, 254, '1.10'),
(23, 313, '2.00'),
(23, 367, '3.20'),
(23, 563, '5.90'),
(23, 590, '5.80'),
(23, 634, '5.20'),
(23, 707, '4.70'),
(23, 891, '3.50'),
(24, 181, '3.10'),
(24, 199, '3.40'),
(24, 488, '5.10'),
(24, 523, '4.90'),
(24, 569, '2.20'),
(24, 639, '3.10'),
(25, 39, '2.30'),
(25, 76, '5.00'),
(25, 86, '2.30'),
(25, 174, '4.00'),
(25, 177, '3.50'),
(25, 324, '5.90'),
(25, 897, '3.20'),
(26, 168, '5.00'),
(26, 296, '3.90'),
(26, 341, '5.80'),
(26, 508, '5.10'),
(27, 112, '3.90'),
(27, 159, '2.80'),
(27, 311, '1.40'),
(27, 336, '5.70'),
(27, 385, '3.50'),
(27, 392, '3.70'),
(27, 704, '3.80'),
(27, 797, '1.20'),
(27, 882, '1.80'),
(28, 27, '4.30'),
(28, 114, '1.60'),
(28, 238, '5.70'),
(28, 275, '1.30'),
(28, 514, '3.20'),
(28, 847, '1.50'),
(28, 919, '5.00'),
(29, 64, '3.00'),
(29, 75, '5.60'),
(29, 190, '3.90'),
(29, 232, '4.10'),
(29, 248, '3.40'),
(29, 260, '6.00'),
(29, 270, '2.80'),
(29, 303, '2.20'),
(29, 504, '1.70'),
(29, 521, '4.20'),
(29, 594, '2.50'),
(29, 645, '1.60'),
(29, 789, '5.20'),
(29, 825, '1.80'),
(29, 878, '3.70'),
(30, 405, '1.20'),
(30, 425, '1.40'),
(30, 661, '3.50'),
(30, 713, '2.20'),
(30, 896, '3.20'),
(30, 931, '3.40'),
(31, 158, '1.10'),
(31, 232, '3.70'),
(31, 265, '1.10'),
(31, 287, '2.40'),
(31, 397, '1.10'),
(31, 489, '1.30'),
(31, 531, '4.40'),
(31, 544, '4.50'),
(31, 616, '3.70'),
(31, 619, '5.30'),
(32, 74, '4.30'),
(32, 190, '1.10'),
(32, 212, '2.10'),
(32, 293, '2.00'),
(32, 387, '4.30'),
(32, 445, '3.80'),
(32, 466, '1.90'),
(32, 499, '4.20'),
(32, 503, '1.40'),
(32, 601, '4.60'),
(32, 619, '4.50'),
(32, 788, '4.90'),
(32, 804, '2.10'),
(32, 920, '4.90'),
(32, 951, '1.50'),
(32, 979, '2.40'),
(33, 157, '2.00'),
(33, 288, '5.30'),
(33, 479, '5.80'),
(33, 534, '2.30'),
(33, 682, '2.30'),
(33, 695, '1.00'),
(33, 928, '4.30'),
(33, 979, '5.50'),
(34, 83, '3.90'),
(34, 87, '3.50'),
(34, 90, '3.90'),
(34, 159, '5.50'),
(34, 360, '1.90'),
(34, 375, '5.00'),
(34, 437, '1.20'),
(34, 546, '3.30'),
(34, 743, '4.60'),
(34, 768, '2.30'),
(34, 861, '5.00'),
(35, 59, '2.50'),
(35, 90, '4.30'),
(35, 316, '4.00'),
(35, 540, '2.70'),
(35, 581, '2.60'),
(35, 702, '2.40'),
(35, 961, '2.60'),
(35, 962, '4.30'),
(36, 22, '3.00'),
(36, 85, '4.70'),
(36, 92, '3.50'),
(36, 159, '1.70'),
(36, 260, '1.60'),
(36, 353, '3.70'),
(36, 361, '4.30'),
(36, 494, '2.20'),
(36, 506, '2.80'),
(36, 628, '5.50'),
(36, 651, '2.20'),
(36, 790, '2.50'),
(36, 808, '2.10'),
(36, 883, '2.50'),
(37, 393, '3.10'),
(37, 519, '1.90'),
(37, 529, '5.90'),
(37, 576, '4.20'),
(37, 652, '2.50'),
(37, 656, '2.60'),
(37, 738, '5.40'),
(37, 747, '2.50'),
(37, 898, '2.10'),
(37, 952, '3.30'),
(37, 985, '3.10'),
(38, 150, '4.20'),
(38, 161, '3.90'),
(38, 202, '1.10'),
(38, 215, '1.10'),
(38, 487, '1.90'),
(38, 545, '4.40'),
(38, 664, '3.70'),
(38, 736, '4.50'),
(38, 825, '1.10'),
(38, 829, '4.10'),
(38, 908, '2.30'),
(38, 921, '5.90'),
(39, 116, '3.40'),
(39, 155, '5.20'),
(39, 194, '2.70'),
(39, 220, '4.20'),
(39, 259, '5.00'),
(39, 373, '5.90'),
(39, 580, '1.30'),
(39, 710, '3.00'),
(39, 813, '2.70'),
(39, 942, '3.50'),
(40, 76, '3.10'),
(40, 274, '2.90'),
(40, 351, '3.30'),
(40, 430, '1.90'),
(40, 516, '2.80'),
(40, 609, '4.10'),
(40, 701, '4.50'),
(40, 731, '2.20'),
(40, 873, '2.80'),
(40, 919, '1.60'),
(40, 980, '2.50'),
(41, 346, '1.40'),
(41, 363, '3.60'),
(41, 384, '3.20'),
(41, 386, '3.70'),
(41, 438, '3.30'),
(41, 456, '5.20'),
(41, 596, '5.70'),
(41, 789, '3.70'),
(41, 806, '3.10'),
(41, 947, '2.90'),
(41, 973, '5.30'),
(42, 44, '5.30'),
(42, 194, '1.50'),
(42, 339, '3.00'),
(42, 669, '1.50'),
(42, 820, '3.50'),
(43, 173, '2.90'),
(43, 339, '2.60'),
(43, 446, '2.60'),
(43, 700, '1.90'),
(43, 829, '5.30'),
(44, 745, '3.40'),
(44, 793, '4.30'),
(44, 816, '4.90'),
(44, 865, '3.20'),
(44, 882, '4.50'),
(45, 99, '5.20'),
(45, 196, '1.90'),
(45, 532, '5.60'),
(45, 585, '3.00'),
(45, 704, '4.30'),
(45, 769, '2.50'),
(45, 846, '1.60'),
(45, 868, '1.20'),
(45, 917, '5.30'),
(46, 145, '2.30'),
(46, 171, '1.80'),
(46, 270, '2.00'),
(46, 374, '1.80'),
(46, 565, '3.80'),
(46, 577, '1.90'),
(46, 591, '3.30'),
(46, 707, '2.40'),
(46, 866, '2.10'),
(47, 46, '1.40'),
(47, 62, '4.20'),
(47, 109, '1.90'),
(47, 197, '3.80'),
(47, 431, '5.50'),
(47, 623, '3.90'),
(47, 647, '4.30'),
(47, 695, '5.30'),
(47, 713, '5.90'),
(47, 759, '5.70'),
(47, 761, '2.10'),
(47, 834, '3.90'),
(47, 868, '5.60'),
(47, 898, '5.80'),
(47, 984, '1.50'),
(48, 95, '1.10'),
(48, 230, '2.10'),
(48, 271, '4.60'),
(48, 385, '2.00'),
(48, 402, '4.40'),
(48, 416, '3.90'),
(48, 620, '4.70'),
(48, 625, '5.20'),
(48, 771, '5.30'),
(48, 802, '5.00'),
(48, 835, '3.20'),
(48, 975, '1.90'),
(49, 96, '4.50'),
(49, 117, '1.90'),
(49, 281, '5.80'),
(49, 372, '2.90'),
(49, 643, '3.00'),
(49, 651, '1.90'),
(49, 678, '1.80'),
(49, 830, '5.60'),
(49, 974, '2.40'),
(49, 1000, '3.20'),
(50, 34, '5.50'),
(50, 175, '3.40'),
(50, 248, '4.30'),
(50, 511, '5.90'),
(50, 606, '4.30'),
(50, 624, '2.70'),
(50, 681, '2.30'),
(50, 724, '4.80'),
(50, 805, '4.90'),
(50, 869, '3.00'),
(51, 108, '2.50'),
(51, 248, '5.40'),
(51, 275, '1.50'),
(51, 278, '2.00'),
(51, 287, '1.60'),
(51, 393, '2.50'),
(51, 528, '4.80'),
(51, 681, '5.30'),
(51, 820, '4.30'),
(51, 823, '5.10'),
(51, 842, '4.50'),
(51, 929, '5.00'),
(52, 171, '5.00'),
(52, 195, '1.30'),
(52, 411, '5.40'),
(52, 461, '3.30'),
(52, 741, '3.10'),
(52, 982, '2.60'),
(53, 66, '4.40'),
(53, 409, '2.10'),
(53, 559, '2.50'),
(53, 566, '2.30'),
(53, 688, '3.00'),
(53, 813, '5.30'),
(53, 847, '3.80'),
(53, 848, '3.90'),
(53, 892, '3.00'),
(53, 929, '3.90'),
(53, 972, '6.00'),
(54, 90, '2.50'),
(54, 116, '4.40'),
(54, 285, '5.90'),
(54, 331, '2.80'),
(54, 349, '3.50'),
(54, 355, '3.60'),
(54, 404, '5.50'),
(54, 557, '4.80'),
(54, 617, '5.70'),
(54, 652, '2.50'),
(54, 673, '4.40'),
(54, 687, '2.70'),
(55, 59, '3.40'),
(55, 78, '4.70'),
(55, 186, '2.40'),
(55, 358, '5.70'),
(55, 444, '3.90'),
(55, 592, '4.00'),
(55, 728, '3.30'),
(55, 845, '2.20'),
(55, 911, '2.40'),
(55, 926, '1.40'),
(56, 78, '3.90'),
(56, 334, '1.40'),
(56, 458, '5.10'),
(56, 884, '1.40'),
(57, 193, '4.60'),
(57, 235, '4.10'),
(57, 306, '1.80'),
(57, 315, '2.50'),
(57, 411, '1.30'),
(57, 462, '4.60'),
(57, 567, '3.70'),
(57, 710, '2.40'),
(57, 871, '2.90'),
(57, 963, '2.30'),
(58, 51, '3.60'),
(58, 55, '2.80'),
(58, 130, '4.70'),
(58, 210, '4.20'),
(58, 447, '2.40'),
(58, 479, '5.90'),
(58, 489, '3.60'),
(58, 674, '2.10'),
(58, 743, '1.20'),
(58, 817, '3.40'),
(58, 876, '4.80'),
(58, 993, '5.60'),
(59, 50, '4.60'),
(59, 128, '5.20'),
(59, 270, '4.80'),
(59, 387, '4.30'),
(59, 434, '2.20'),
(59, 543, '4.40'),
(59, 874, '1.20'),
(59, 989, '3.20'),
(59, 997, '1.20'),
(60, 117, '1.70'),
(60, 184, '1.20'),
(60, 563, '4.80'),
(60, 646, '4.50'),
(60, 863, '3.70'),
(60, 968, '6.00'),
(61, 225, '2.00'),
(61, 332, '2.40'),
(61, 339, '4.20'),
(61, 396, '4.50'),
(61, 413, '1.30'),
(61, 462, '2.00'),
(61, 830, '1.90'),
(61, 833, '4.70'),
(61, 929, '4.70'),
(61, 940, '4.20'),
(62, 92, '3.20'),
(62, 114, '4.60'),
(62, 118, '6.00'),
(62, 168, '5.80'),
(62, 421, '5.70'),
(62, 649, '3.30'),
(62, 682, '6.00'),
(62, 820, '4.50'),
(62, 888, '1.10'),
(63, 24, '1.10'),
(63, 79, '4.80'),
(63, 146, '1.30'),
(63, 150, '1.10'),
(63, 166, '1.70'),
(63, 179, '4.30'),
(63, 195, '1.20'),
(63, 294, '1.30'),
(63, 502, '5.30'),
(63, 746, '3.00'),
(63, 753, '1.10'),
(63, 776, '2.70'),
(63, 884, '1.60'),
(63, 946, '3.40'),
(64, 21, '4.20'),
(64, 26, '1.20'),
(64, 250, '1.50'),
(64, 252, '1.90'),
(64, 263, '1.40'),
(64, 333, '4.90'),
(64, 567, '2.50'),
(64, 627, '3.70'),
(64, 654, '5.60'),
(64, 775, '6.00'),
(64, 865, '4.40'),
(64, 878, '2.50'),
(64, 886, '3.80'),
(65, 254, '1.40'),
(65, 270, '4.90'),
(65, 280, '3.20'),
(65, 343, '1.80'),
(65, 375, '2.00'),
(65, 399, '2.30'),
(65, 422, '5.70'),
(65, 749, '5.80'),
(65, 768, '2.20'),
(65, 795, '4.80'),
(65, 869, '2.00'),
(66, 55, '1.60'),
(66, 175, '3.10'),
(66, 192, '3.50'),
(66, 509, '2.10'),
(66, 578, '1.80'),
(66, 749, '5.10'),
(66, 833, '4.90'),
(66, 854, '6.00'),
(67, 342, '2.20'),
(67, 436, '2.90'),
(67, 664, '2.10'),
(67, 924, '1.10'),
(68, 160, '2.10'),
(68, 194, '4.10'),
(68, 428, '4.80'),
(68, 465, '4.20'),
(68, 512, '4.10'),
(68, 559, '4.00'),
(68, 699, '2.20'),
(68, 708, '1.30'),
(68, 744, '4.20'),
(68, 760, '2.70'),
(69, 163, '2.90'),
(69, 212, '5.50'),
(69, 453, '3.90'),
(69, 466, '2.20'),
(69, 563, '2.40'),
(69, 586, '5.10'),
(69, 607, '1.50'),
(69, 747, '3.80'),
(69, 762, '4.30'),
(69, 908, '3.30'),
(69, 970, '5.90'),
(70, 193, '4.50'),
(70, 224, '4.60'),
(70, 417, '4.90'),
(70, 428, '1.10'),
(70, 556, '2.10'),
(70, 575, '5.60'),
(70, 621, '4.60'),
(70, 644, '1.70'),
(70, 646, '1.90'),
(70, 652, '3.00'),
(70, 752, '5.70'),
(70, 790, '3.50'),
(70, 804, '4.60'),
(70, 807, '4.60'),
(70, 938, '5.30'),
(71, 97, '1.70'),
(71, 140, '2.00'),
(71, 220, '4.20'),
(71, 223, '1.70'),
(71, 249, '5.30'),
(71, 264, '4.60'),
(71, 283, '4.50'),
(71, 314, '5.70'),
(71, 399, '4.70'),
(71, 437, '4.40'),
(71, 455, '5.20'),
(71, 488, '3.40'),
(71, 568, '5.10'),
(71, 745, '4.40'),
(71, 761, '2.30'),
(71, 789, '2.00'),
(71, 835, '4.70'),
(72, 28, '4.90'),
(72, 90, '2.80'),
(72, 106, '4.90'),
(72, 115, '5.20'),
(72, 327, '4.80'),
(72, 417, '4.80'),
(72, 527, '2.40'),
(72, 541, '3.80'),
(72, 547, '5.50'),
(72, 653, '2.30'),
(72, 779, '3.10'),
(72, 782, '4.20'),
(72, 825, '5.90'),
(72, 861, '3.90'),
(72, 890, '2.40'),
(72, 937, '5.10'),
(73, 64, '1.20'),
(73, 113, '2.10'),
(73, 159, '3.50'),
(73, 218, '4.50'),
(73, 454, '1.50'),
(73, 494, '3.00'),
(73, 507, '4.30'),
(73, 510, '4.70'),
(73, 586, '3.10'),
(73, 756, '1.70'),
(73, 886, '4.40'),
(74, 377, '2.50'),
(74, 435, '2.40'),
(74, 454, '3.80'),
(74, 492, '3.60'),
(74, 566, '3.60'),
(74, 692, '4.90'),
(74, 709, '4.60'),
(74, 832, '5.20'),
(74, 873, '5.00'),
(74, 903, '2.50'),
(75, 24, '5.70'),
(75, 516, '1.90'),
(75, 633, '1.40'),
(75, 693, '4.40'),
(75, 839, '5.90'),
(75, 869, '1.60'),
(76, 115, '2.90'),
(76, 123, '5.00'),
(76, 165, '2.40'),
(76, 166, '1.70'),
(76, 178, '3.80'),
(76, 183, '5.20'),
(76, 203, '1.90'),
(76, 216, '2.10'),
(76, 239, '3.10'),
(76, 326, '4.70'),
(76, 347, '2.20'),
(76, 559, '3.40'),
(76, 621, '4.80'),
(76, 653, '3.90'),
(76, 725, '4.90'),
(76, 853, '1.80'),
(76, 857, '2.70'),
(77, 54, '3.60'),
(77, 116, '1.00'),
(77, 377, '2.70'),
(77, 437, '1.40'),
(77, 445, '1.00'),
(77, 478, '5.70'),
(77, 605, '3.40'),
(77, 756, '4.90'),
(77, 778, '4.20'),
(77, 825, '1.60'),
(77, 926, '3.80'),
(77, 934, '5.90'),
(78, 70, '6.00'),
(78, 443, '1.80'),
(78, 463, '1.80'),
(78, 517, '4.40'),
(78, 683, '5.00'),
(78, 775, '5.50'),
(78, 816, '4.90'),
(79, 56, '3.80'),
(79, 72, '4.00'),
(79, 105, '5.20'),
(79, 183, '4.20'),
(79, 383, '1.50'),
(79, 491, '6.00'),
(79, 500, '4.00'),
(79, 560, '4.50'),
(79, 607, '2.90'),
(79, 628, '3.90'),
(79, 804, '4.90'),
(79, 833, '3.50'),
(79, 890, '4.50'),
(80, 91, '4.70'),
(80, 131, '2.80'),
(80, 344, '3.60'),
(80, 419, '1.00'),
(80, 476, '3.40'),
(80, 562, '3.40'),
(80, 689, '3.60'),
(80, 992, '3.80'),
(81, 38, '2.40'),
(81, 178, '1.90'),
(81, 206, '5.80'),
(81, 234, '3.00'),
(81, 240, '3.80'),
(81, 388, '1.20'),
(81, 484, '5.90'),
(81, 927, '3.60'),
(82, 38, '2.20'),
(82, 192, '1.50'),
(82, 492, '3.20'),
(82, 553, '5.60'),
(82, 586, '1.90'),
(82, 598, '2.80'),
(82, 637, '4.70'),
(82, 784, '1.60'),
(82, 821, '5.00'),
(83, 427, '4.10'),
(83, 429, '5.80'),
(83, 485, '4.30'),
(83, 572, '2.60'),
(83, 588, '6.00'),
(83, 690, '3.40'),
(83, 751, '5.00'),
(83, 757, '2.20'),
(83, 776, '5.10'),
(83, 795, '2.20'),
(84, 23, '5.00'),
(84, 53, '2.70'),
(84, 245, '1.30'),
(84, 458, '1.80'),
(84, 516, '4.90'),
(84, 540, '2.40'),
(84, 583, '5.30'),
(84, 592, '4.80'),
(84, 764, '2.30'),
(84, 860, '3.30'),
(84, 896, '3.30'),
(85, 139, '1.90'),
(85, 181, '2.00'),
(85, 340, '1.30'),
(85, 350, '1.10'),
(85, 522, '2.70'),
(85, 533, '1.80'),
(85, 589, '5.80'),
(85, 617, '5.80'),
(85, 726, '3.40'),
(85, 809, '1.80'),
(85, 965, '1.30'),
(86, 173, '2.00'),
(86, 497, '4.10'),
(86, 523, '2.30'),
(86, 772, '5.70'),
(86, 823, '1.20'),
(86, 946, '1.70'),
(86, 988, '4.50'),
(87, 35, '4.40'),
(87, 134, '3.30'),
(87, 142, '5.00'),
(87, 204, '5.00'),
(87, 244, '4.60'),
(87, 281, '4.80'),
(87, 284, '5.40'),
(87, 320, '5.00'),
(87, 357, '3.90'),
(87, 376, '1.90'),
(87, 633, '4.40'),
(87, 686, '1.20'),
(87, 690, '5.50'),
(87, 693, '3.00'),
(87, 813, '1.50'),
(87, 949, '4.70'),
(87, 952, '1.30'),
(87, 998, '3.10'),
(88, 223, '2.80'),
(88, 318, '5.80'),
(88, 422, '1.10'),
(88, 575, '3.50'),
(88, 908, '5.70'),
(88, 966, '1.40'),
(89, 95, '2.50'),
(89, 159, '4.90'),
(89, 181, '1.90'),
(89, 302, '5.30'),
(89, 338, '1.80'),
(89, 392, '3.30'),
(89, 503, '4.30'),
(89, 584, '2.40'),
(89, 772, '2.70'),
(90, 22, '1.60'),
(90, 149, '4.80'),
(90, 172, '5.00'),
(90, 178, '2.90'),
(90, 210, '4.20'),
(90, 398, '5.90'),
(90, 408, '4.30'),
(90, 416, '3.20'),
(90, 455, '4.10'),
(90, 469, '1.80'),
(90, 543, '4.00'),
(90, 576, '1.80'),
(90, 584, '4.30'),
(90, 624, '5.00'),
(90, 647, '1.90'),
(90, 661, '2.20'),
(90, 745, '1.10'),
(91, 53, '4.80'),
(91, 206, '4.70'),
(91, 415, '5.20'),
(91, 425, '4.60'),
(91, 472, '1.60'),
(91, 627, '1.40'),
(91, 639, '4.90'),
(91, 654, '1.70'),
(92, 129, '4.90'),
(92, 528, '6.00'),
(92, 590, '4.60'),
(92, 640, '1.80'),
(92, 676, '1.70'),
(92, 705, '3.50'),
(92, 727, '4.20'),
(92, 767, '4.80'),
(92, 845, '2.10'),
(92, 848, '2.50'),
(92, 909, '4.10'),
(92, 913, '3.90'),
(93, 155, '2.10'),
(93, 156, '4.70'),
(93, 164, '2.30'),
(93, 330, '4.60'),
(93, 405, '4.50'),
(93, 433, '4.40'),
(93, 633, '5.80'),
(93, 685, '5.50'),
(93, 805, '1.10'),
(93, 893, '3.80'),
(93, 921, '3.80'),
(94, 33, '2.50'),
(94, 99, '4.00'),
(94, 132, '3.20'),
(94, 349, '2.70'),
(94, 490, '3.10'),
(94, 545, '4.60'),
(94, 651, '1.10'),
(94, 777, '4.10'),
(94, 791, '2.10'),
(95, 55, '4.30'),
(95, 188, '3.70'),
(95, 484, '2.40'),
(95, 538, '4.10'),
(95, 656, '1.70'),
(95, 955, '4.30'),
(96, 24, '2.80'),
(96, 145, '2.20'),
(96, 188, '3.20'),
(96, 228, '4.30'),
(96, 232, '1.90'),
(96, 240, '2.60'),
(96, 321, '5.50'),
(96, 410, '4.00'),
(96, 465, '2.30'),
(96, 699, '1.50'),
(96, 823, '2.50'),
(96, 880, '1.10'),
(96, 895, '2.40'),
(96, 930, '5.20'),
(97, 30, '1.20'),
(97, 65, '1.20'),
(97, 131, '5.00'),
(97, 154, '2.40'),
(97, 178, '4.50'),
(97, 429, '4.40'),
(97, 457, '3.80'),
(97, 535, '2.10'),
(97, 555, '5.70'),
(97, 622, '3.00'),
(97, 708, '5.10'),
(97, 731, '2.30'),
(97, 830, '1.70'),
(97, 861, '3.00'),
(97, 970, '5.70'),
(98, 330, '1.10'),
(98, 441, '4.10'),
(98, 459, '1.50'),
(98, 549, '1.20'),
(98, 555, '3.20'),
(98, 873, '2.30'),
(99, 63, '5.00'),
(99, 437, '4.70'),
(99, 508, '5.20'),
(99, 601, '3.10'),
(99, 653, '2.00'),
(99, 668, '3.50'),
(99, 959, '4.60'),
(99, 989, '5.50'),
(100, 54, '1.80'),
(100, 85, '5.10'),
(100, 96, '1.70'),
(100, 104, '4.30'),
(100, 268, '5.10'),
(100, 369, '2.90'),
(100, 415, '1.60'),
(100, 512, '5.30'),
(100, 804, '1.50'),
(100, 831, '4.60'),
(100, 989, '4.00'),
(101, 201, '4.00'),
(101, 365, '1.60'),
(101, 368, '3.80'),
(101, 528, '2.90'),
(101, 559, '3.70'),
(101, 928, '5.70'),
(102, 98, '4.80'),
(102, 216, '2.90'),
(102, 240, '6.00'),
(102, 359, '1.90'),
(102, 582, '1.60'),
(102, 750, '4.20'),
(102, 775, '5.00'),
(102, 905, '2.50'),
(103, 39, '1.00'),
(103, 105, '6.00'),
(103, 134, '3.70'),
(103, 271, '4.30'),
(103, 415, '1.10'),
(103, 531, '5.40'),
(104, 35, '1.60'),
(104, 92, '5.40'),
(104, 221, '4.90'),
(104, 320, '4.90'),
(104, 723, '4.50'),
(104, 815, '5.80'),
(105, 93, '2.10'),
(105, 105, '5.30'),
(105, 267, '3.40'),
(105, 342, '2.00'),
(105, 411, '3.30'),
(105, 466, '3.80'),
(105, 536, '1.50'),
(105, 769, '5.60'),
(105, 808, '5.30'),
(105, 888, '1.90'),
(106, 33, '1.80'),
(106, 146, '2.80'),
(106, 204, '2.70'),
(106, 310, '5.20'),
(106, 372, '5.20'),
(106, 447, '5.40'),
(106, 490, '6.00'),
(106, 544, '1.70'),
(106, 556, '2.30'),
(106, 651, '3.70'),
(106, 676, '5.50'),
(106, 737, '1.30'),
(107, 77, '4.70'),
(107, 134, '5.40'),
(107, 239, '1.90'),
(107, 262, '5.50'),
(107, 378, '2.60'),
(107, 515, '4.90'),
(107, 538, '3.10'),
(107, 994, '5.20'),
(108, 24, '3.10'),
(108, 94, '3.60'),
(108, 158, '2.40'),
(108, 217, '2.10'),
(108, 292, '4.90'),
(108, 361, '3.80'),
(108, 379, '2.70'),
(108, 443, '2.50'),
(108, 689, '1.10'),
(108, 788, '4.80'),
(108, 848, '1.50'),
(108, 914, '4.40'),
(108, 935, '1.20'),
(108, 966, '4.80'),
(109, 55, '5.60'),
(109, 124, '1.70'),
(109, 229, '3.60'),
(109, 384, '2.00'),
(109, 387, '1.90'),
(109, 426, '4.10'),
(109, 573, '4.60'),
(109, 630, '4.60'),
(109, 817, '5.30'),
(109, 838, '3.20'),
(109, 887, '2.80'),
(110, 53, '5.70'),
(110, 109, '2.10'),
(110, 222, '1.40'),
(110, 243, '1.90'),
(110, 397, '1.70'),
(110, 428, '4.60'),
(110, 500, '5.90'),
(110, 779, '1.40'),
(110, 790, '3.60'),
(111, 40, '4.70'),
(111, 107, '2.10'),
(111, 186, '3.30'),
(111, 927, '5.50'),
(112, 128, '4.90'),
(112, 160, '3.10'),
(112, 201, '3.50'),
(112, 286, '4.50'),
(112, 457, '3.20'),
(112, 559, '1.30'),
(112, 568, '4.20'),
(112, 600, '6.00'),
(112, 938, '3.60'),
(112, 972, '1.80'),
(113, 37, '5.30'),
(113, 50, '2.90'),
(113, 277, '5.40'),
(113, 302, '5.90'),
(113, 345, '2.20'),
(113, 378, '1.90'),
(113, 521, '3.00'),
(113, 721, '4.00'),
(113, 846, '1.70'),
(114, 124, '5.20'),
(114, 466, '2.90'),
(114, 476, '4.30'),
(114, 784, '5.20'),
(114, 799, '5.60'),
(114, 842, '5.00'),
(114, 969, '1.50'),
(115, 29, '3.00'),
(115, 31, '4.10'),
(115, 93, '2.40'),
(115, 277, '3.50'),
(115, 329, '2.80'),
(115, 378, '2.30'),
(115, 510, '2.60'),
(115, 522, '5.10'),
(115, 811, '3.30'),
(115, 880, '2.10'),
(115, 977, '3.20'),
(116, 36, '2.20'),
(116, 125, '4.90'),
(116, 256, '3.90'),
(116, 279, '5.30'),
(116, 433, '2.10'),
(116, 557, '2.90'),
(116, 585, '5.20'),
(116, 686, '4.30'),
(116, 692, '5.00'),
(116, 717, '3.70'),
(117, 185, '3.30'),
(117, 293, '4.10'),
(117, 360, '3.90'),
(117, 456, '2.40'),
(117, 504, '5.80'),
(117, 608, '6.00'),
(117, 656, '4.00'),
(117, 831, '1.30'),
(117, 933, '3.90'),
(118, 147, '3.50'),
(118, 163, '4.40'),
(118, 399, '2.80'),
(118, 458, '1.00'),
(118, 565, '3.80'),
(118, 568, '4.20'),
(118, 723, '1.80'),
(118, 864, '1.40'),
(118, 896, '2.80'),
(119, 26, '3.00'),
(119, 117, '1.70'),
(119, 443, '4.80'),
(119, 480, '2.40'),
(119, 583, '5.70'),
(119, 684, '1.50'),
(120, 114, '2.60'),
(120, 163, '6.00'),
(120, 281, '4.90'),
(120, 296, '1.90'),
(120, 306, '6.00'),
(120, 424, '3.70'),
(120, 848, '2.60'),
(120, 965, '5.10'),
(121, 85, '2.90'),
(121, 271, '3.80'),
(121, 427, '1.30'),
(121, 526, '4.20'),
(121, 568, '2.00'),
(121, 607, '1.30'),
(121, 674, '1.30'),
(121, 777, '3.80'),
(121, 815, '3.40'),
(121, 944, '2.60'),
(122, 27, '3.40'),
(122, 28, '5.20'),
(122, 172, '4.30'),
(122, 473, '2.10'),
(122, 510, '2.30'),
(122, 577, '4.70'),
(122, 600, '1.50'),
(122, 640, '5.40'),
(122, 642, '2.20'),
(122, 748, '3.50'),
(122, 809, '5.30'),
(122, 842, '3.90'),
(122, 925, '5.40'),
(123, 50, '1.60'),
(123, 120, '4.20'),
(123, 200, '2.50'),
(123, 238, '3.80'),
(123, 315, '3.20'),
(123, 430, '2.80'),
(123, 455, '2.80'),
(123, 763, '1.70'),
(123, 938, '4.70'),
(123, 958, '2.00'),
(123, 966, '3.30'),
(124, 232, '2.30'),
(124, 264, '4.90'),
(124, 358, '3.90'),
(124, 373, '3.50'),
(124, 532, '3.30'),
(124, 586, '2.20'),
(124, 795, '4.20'),
(124, 840, '1.90'),
(124, 882, '5.70'),
(125, 223, '1.50'),
(125, 240, '4.00'),
(125, 303, '2.00'),
(125, 397, '2.60'),
(125, 423, '1.20'),
(125, 571, '1.20'),
(125, 735, '4.00'),
(125, 764, '5.10'),
(125, 894, '2.90'),
(125, 996, '5.70'),
(126, 40, '2.80'),
(126, 174, '5.00'),
(126, 243, '1.80'),
(126, 269, '2.80'),
(126, 463, '2.00'),
(126, 464, '5.40'),
(126, 502, '1.40'),
(126, 524, '1.50'),
(126, 708, '3.90'),
(126, 830, '4.60'),
(126, 961, '4.00'),
(127, 30, '1.10'),
(127, 115, '2.90'),
(127, 298, '1.70'),
(127, 323, '4.10'),
(127, 397, '5.50'),
(127, 481, '1.60'),
(127, 559, '5.00'),
(127, 563, '3.20'),
(127, 598, '2.10'),
(127, 609, '1.00'),
(127, 690, '5.50'),
(127, 873, '5.40'),
(128, 88, '4.00'),
(128, 110, '1.80'),
(128, 171, '2.20'),
(128, 174, '1.50'),
(128, 215, '1.00'),
(128, 276, '1.00'),
(128, 354, '5.70'),
(128, 724, '5.40'),
(128, 729, '5.20'),
(128, 734, '4.30'),
(128, 964, '2.50'),
(128, 1000, '1.80'),
(129, 45, '2.80'),
(129, 143, '1.90'),
(129, 268, '5.70'),
(129, 505, '1.70'),
(129, 507, '1.10'),
(129, 657, '3.60'),
(129, 665, '3.80'),
(129, 786, '1.80'),
(129, 833, '3.10'),
(129, 872, '4.70'),
(129, 951, '4.60'),
(129, 997, '4.30'),
(129, 1000, '2.10'),
(130, 240, '5.80'),
(130, 374, '5.00'),
(130, 702, '1.40'),
(130, 908, '4.20'),
(131, 228, '4.00'),
(131, 305, '5.30'),
(131, 621, '1.00'),
(131, 769, '5.70'),
(131, 914, '2.80'),
(131, 947, '4.00'),
(132, 65, '2.70'),
(132, 74, '3.50'),
(132, 149, '3.30'),
(132, 344, '1.90'),
(132, 354, '4.10'),
(132, 370, '4.30'),
(132, 382, '2.90'),
(132, 539, '4.70'),
(132, 558, '1.60'),
(132, 586, '2.50'),
(132, 710, '4.50'),
(132, 773, '5.50'),
(133, 214, '5.10'),
(133, 279, '1.70'),
(133, 399, '5.30'),
(133, 485, '1.10'),
(133, 799, '6.00'),
(133, 848, '2.20'),
(133, 898, '3.10'),
(133, 959, '3.70'),
(134, 409, '2.00'),
(134, 556, '3.50'),
(134, 601, '5.10'),
(134, 686, '2.70'),
(134, 821, '2.00'),
(134, 865, '5.30'),
(134, 888, '4.10'),
(135, 217, '3.50'),
(135, 259, '4.70'),
(135, 360, '2.50'),
(135, 477, '2.20'),
(135, 499, '1.70'),
(135, 628, '5.20'),
(135, 685, '5.70'),
(135, 706, '2.70'),
(135, 779, '5.40'),
(135, 856, '3.50'),
(135, 924, '3.50'),
(135, 984, '4.30'),
(135, 990, '1.90'),
(136, 156, '3.80'),
(136, 226, '2.50'),
(136, 466, '4.60'),
(136, 467, '5.30'),
(136, 476, '2.00'),
(136, 555, '3.30'),
(136, 621, '1.00'),
(136, 691, '4.10'),
(136, 736, '4.30'),
(136, 793, '2.30'),
(136, 949, '2.10'),
(137, 84, '5.50'),
(137, 137, '2.70'),
(137, 351, '4.60'),
(137, 784, '3.70'),
(137, 959, '1.10'),
(138, 134, '5.50'),
(138, 338, '2.50'),
(138, 373, '1.60'),
(138, 447, '3.40'),
(138, 449, '2.20'),
(138, 534, '4.40'),
(138, 731, '5.50'),
(138, 800, '1.60'),
(138, 983, '4.80'),
(139, 63, '2.60'),
(139, 92, '5.90'),
(139, 407, '5.30'),
(139, 697, '4.70'),
(139, 702, '5.30'),
(139, 741, '2.80'),
(139, 820, '1.10'),
(139, 908, '1.90'),
(140, 31, '3.00'),
(140, 50, '4.10'),
(140, 84, '2.40'),
(140, 211, '3.20'),
(140, 386, '2.80'),
(140, 472, '2.00'),
(140, 610, '5.50'),
(140, 666, '1.30'),
(140, 790, '4.80'),
(140, 871, '2.70'),
(140, 900, '1.70'),
(140, 959, '5.30'),
(140, 998, '2.70'),
(141, 24, '5.50'),
(141, 242, '3.00'),
(141, 347, '5.10'),
(141, 419, '3.00'),
(141, 469, '1.20'),
(141, 483, '2.20'),
(141, 536, '2.80'),
(141, 579, '5.70'),
(141, 644, '1.10'),
(141, 743, '4.40'),
(141, 831, '2.00'),
(141, 978, '4.00'),
(142, 98, '5.10'),
(142, 183, '4.50'),
(142, 302, '5.60'),
(142, 338, '5.60'),
(142, 351, '4.20'),
(142, 498, '3.60'),
(142, 533, '4.90'),
(142, 577, '2.40'),
(142, 633, '4.80'),
(142, 660, '5.20'),
(142, 824, '5.80'),
(142, 895, '5.60'),
(142, 914, '3.90'),
(142, 926, '4.50'),
(143, 49, '4.50'),
(143, 79, '6.00'),
(143, 84, '2.20'),
(143, 128, '3.70'),
(143, 240, '4.80'),
(143, 285, '3.40'),
(143, 320, '3.90'),
(143, 355, '1.50'),
(143, 372, '3.40'),
(143, 385, '5.50'),
(143, 407, '2.00'),
(143, 516, '3.40'),
(143, 547, '2.00'),
(143, 846, '3.70'),
(144, 264, '4.40'),
(144, 270, '1.50'),
(144, 391, '5.90'),
(144, 703, '1.60'),
(144, 895, '3.90'),
(145, 21, '5.20'),
(145, 121, '2.40'),
(145, 134, '4.00'),
(145, 387, '5.00'),
(145, 617, '1.50'),
(145, 639, '5.50'),
(145, 748, '3.70'),
(145, 750, '2.50'),
(145, 897, '1.80'),
(146, 171, '4.80'),
(146, 222, '1.30'),
(146, 317, '1.40'),
(146, 451, '3.00'),
(146, 531, '1.20'),
(147, 81, '3.90'),
(147, 176, '4.60'),
(147, 282, '4.60'),
(147, 349, '2.40'),
(147, 397, '4.80'),
(147, 414, '2.00'),
(147, 520, '2.60'),
(147, 579, '3.90'),
(148, 51, '4.50'),
(148, 101, '4.00'),
(148, 147, '1.90'),
(148, 306, '3.30'),
(148, 511, '1.70'),
(149, 113, '1.20'),
(149, 143, '3.80'),
(149, 196, '1.30'),
(149, 241, '5.90'),
(149, 246, '5.60'),
(149, 253, '2.40'),
(149, 351, '4.10'),
(149, 394, '3.10'),
(149, 575, '3.40'),
(149, 738, '1.30'),
(149, 749, '4.60'),
(149, 791, '1.20'),
(149, 851, '5.80'),
(149, 891, '4.80'),
(149, 960, '5.00'),
(150, 210, '2.80'),
(150, 373, '2.30'),
(150, 446, '4.30'),
(150, 451, '1.20'),
(150, 488, '1.00'),
(150, 703, '2.60'),
(150, 737, '5.70'),
(150, 927, '3.00'),
(150, 937, '1.90'),
(150, 938, '2.50'),
(150, 994, '5.90'),
(151, 65, '4.30'),
(151, 154, '5.10'),
(151, 170, '2.50'),
(151, 263, '4.40'),
(151, 365, '5.00'),
(151, 391, '5.40'),
(151, 642, '5.80'),
(151, 715, '2.20'),
(151, 717, '5.20'),
(151, 754, '5.10'),
(151, 780, '3.70'),
(151, 837, '1.10'),
(151, 874, '5.40'),
(151, 890, '2.10'),
(151, 980, '5.70'),
(152, 116, '3.10'),
(152, 120, '1.70'),
(152, 145, '5.30'),
(152, 225, '5.70'),
(152, 248, '2.50'),
(152, 283, '2.90'),
(152, 348, '5.60'),
(152, 374, '1.00'),
(152, 477, '2.60'),
(152, 530, '5.40'),
(152, 593, '4.40'),
(152, 677, '5.20'),
(152, 747, '1.10'),
(152, 940, '4.90'),
(152, 968, '2.00'),
(153, 278, '5.10'),
(153, 329, '2.70'),
(153, 399, '1.30'),
(153, 436, '2.20'),
(153, 439, '2.80'),
(153, 600, '5.10'),
(153, 673, '5.40'),
(153, 814, '2.80'),
(153, 832, '1.90'),
(153, 833, '5.90'),
(153, 920, '3.70'),
(153, 991, '4.30'),
(154, 35, '5.90'),
(154, 44, '1.20'),
(154, 319, '3.80'),
(154, 397, '3.60'),
(154, 533, '1.10'),
(154, 664, '6.00'),
(155, 31, '1.00'),
(155, 200, '3.40'),
(155, 356, '5.50'),
(155, 385, '3.40'),
(155, 527, '5.30'),
(155, 589, '3.90'),
(155, 652, '2.50'),
(155, 867, '3.30'),
(155, 914, '2.20'),
(156, 42, '2.00'),
(156, 220, '3.00'),
(156, 260, '3.20'),
(156, 315, '2.90'),
(156, 346, '1.70'),
(156, 411, '2.60'),
(156, 426, '5.10'),
(156, 594, '5.20'),
(156, 604, '5.00'),
(156, 841, '4.40'),
(156, 848, '5.90'),
(156, 935, '5.60'),
(156, 951, '3.50'),
(157, 122, '1.40'),
(157, 208, '1.10'),
(157, 322, '2.80'),
(157, 420, '1.10'),
(157, 440, '5.40'),
(157, 450, '1.20'),
(157, 643, '1.80'),
(157, 799, '4.60'),
(157, 830, '3.10'),
(157, 975, '2.20'),
(158, 23, '4.00'),
(158, 223, '2.80'),
(158, 581, '4.40'),
(158, 608, '1.70'),
(158, 654, '1.20'),
(158, 735, '3.50'),
(158, 819, '4.00'),
(159, 87, '1.40'),
(159, 112, '2.00'),
(159, 182, '5.00'),
(159, 288, '2.20'),
(159, 292, '5.80'),
(159, 378, '4.20'),
(159, 512, '1.70'),
(159, 549, '3.50'),
(159, 562, '1.90'),
(159, 572, '2.80'),
(159, 678, '2.40'),
(159, 796, '5.70'),
(159, 917, '5.90'),
(159, 969, '1.50'),
(160, 23, '2.70'),
(160, 43, '4.90'),
(160, 320, '5.10'),
(160, 415, '2.90'),
(160, 439, '1.10'),
(160, 458, '4.50'),
(160, 501, '2.10'),
(160, 616, '5.70'),
(160, 750, '2.30'),
(160, 892, '5.70'),
(160, 908, '5.20'),
(161, 42, '5.60'),
(161, 372, '2.60'),
(161, 432, '5.60'),
(161, 452, '4.90'),
(161, 580, '3.50'),
(161, 595, '5.90'),
(161, 607, '1.40'),
(161, 800, '4.50'),
(162, 86, '5.90'),
(162, 271, '4.20'),
(162, 294, '2.90'),
(162, 419, '4.80'),
(162, 556, '1.80'),
(162, 562, '3.60'),
(162, 643, '6.00'),
(162, 663, '4.00'),
(162, 729, '2.20'),
(162, 796, '2.70'),
(162, 850, '5.20'),
(162, 852, '5.70'),
(162, 983, '4.40'),
(163, 108, '4.70'),
(163, 143, '1.80'),
(163, 160, '2.20'),
(163, 223, '4.00'),
(163, 288, '5.50'),
(163, 305, '3.40'),
(163, 717, '2.60'),
(163, 761, '5.40'),
(163, 812, '3.30'),
(163, 956, '2.60'),
(163, 962, '3.30'),
(163, 965, '2.20'),
(163, 985, '1.60'),
(164, 57, '4.00'),
(164, 152, '3.00'),
(164, 210, '2.30'),
(164, 351, '4.50'),
(164, 416, '1.70'),
(164, 459, '1.40'),
(164, 463, '3.60'),
(164, 471, '1.60'),
(164, 519, '5.50'),
(164, 546, '5.60'),
(164, 573, '4.60'),
(164, 841, '1.80'),
(164, 998, '5.10'),
(165, 83, '1.20'),
(165, 116, '4.70'),
(165, 284, '2.20'),
(165, 384, '4.30'),
(165, 387, '3.30'),
(165, 547, '2.50'),
(165, 633, '3.50'),
(165, 670, '5.60'),
(165, 671, '2.50'),
(165, 758, '1.10'),
(165, 767, '1.20'),
(165, 829, '3.00'),
(165, 945, '4.80'),
(165, 948, '5.00'),
(166, 91, '4.20'),
(166, 195, '5.90'),
(166, 306, '5.10'),
(166, 310, '1.90'),
(166, 471, '3.80'),
(166, 595, '3.20'),
(166, 716, '3.90'),
(166, 724, '2.00'),
(166, 749, '5.10'),
(166, 858, '2.50'),
(167, 60, '3.80'),
(167, 66, '3.60'),
(167, 304, '2.30'),
(167, 409, '2.00'),
(167, 425, '3.60'),
(167, 490, '5.20'),
(167, 548, '1.10'),
(167, 590, '5.20'),
(167, 685, '3.80'),
(167, 885, '3.30'),
(167, 906, '2.40'),
(167, 946, '3.40'),
(168, 97, '1.70'),
(168, 120, '4.00'),
(168, 279, '2.50'),
(168, 383, '3.00'),
(168, 495, '1.60'),
(168, 589, '4.20'),
(168, 717, '3.50'),
(168, 819, '3.40'),
(168, 939, '5.00'),
(168, 943, '5.30'),
(168, 967, '3.00'),
(169, 43, '2.80'),
(169, 431, '1.30'),
(169, 432, '5.90'),
(169, 451, '4.10'),
(169, 530, '5.50'),
(169, 539, '6.00'),
(169, 542, '5.80'),
(169, 569, '1.70'),
(169, 574, '5.10'),
(169, 584, '5.50'),
(169, 604, '1.50'),
(169, 674, '2.60'),
(169, 767, '4.70'),
(169, 822, '1.90'),
(169, 838, '1.80'),
(169, 921, '1.70'),
(170, 67, '1.40'),
(170, 123, '1.20'),
(170, 184, '4.40'),
(170, 377, '4.00'),
(170, 424, '5.50'),
(170, 486, '3.50'),
(170, 584, '3.60'),
(170, 716, '1.60'),
(170, 729, '2.10'),
(170, 789, '2.70'),
(170, 797, '2.70'),
(170, 828, '4.80'),
(170, 921, '3.40'),
(170, 989, '5.90'),
(171, 29, '5.80'),
(171, 68, '4.90'),
(171, 130, '1.50'),
(171, 146, '5.50'),
(171, 176, '2.70'),
(171, 191, '1.80'),
(171, 313, '5.30'),
(171, 316, '3.10'),
(171, 334, '3.50'),
(171, 456, '2.20'),
(171, 477, '5.10'),
(171, 595, '4.80'),
(171, 633, '4.10'),
(171, 762, '1.80'),
(171, 883, '1.30'),
(171, 949, '2.20'),
(172, 28, '4.30'),
(172, 215, '1.60'),
(172, 235, '3.00'),
(172, 302, '1.80'),
(172, 390, '2.20'),
(172, 391, '4.10'),
(172, 519, '2.60'),
(172, 572, '3.40'),
(172, 717, '2.20'),
(172, 726, '4.50'),
(172, 769, '2.40'),
(172, 808, '2.70'),
(172, 916, '5.20'),
(173, 134, '2.60'),
(173, 140, '4.00'),
(173, 244, '5.00'),
(173, 309, '3.10'),
(173, 382, '2.20'),
(173, 435, '5.50'),
(173, 489, '2.60'),
(173, 570, '5.20'),
(173, 644, '5.00'),
(173, 882, '3.60'),
(173, 994, '5.50'),
(174, 389, '1.20'),
(174, 598, '5.90'),
(174, 632, '3.00'),
(175, 219, '1.10'),
(175, 277, '1.60'),
(175, 319, '1.50'),
(175, 381, '3.00'),
(175, 507, '1.80'),
(175, 620, '5.50'),
(175, 660, '5.80'),
(175, 726, '3.40'),
(175, 853, '4.20'),
(175, 956, '4.60'),
(175, 988, '2.30'),
(176, 32, '2.00'),
(176, 137, '4.40'),
(176, 192, '1.10'),
(176, 216, '4.40'),
(176, 234, '2.60'),
(176, 477, '3.80'),
(176, 541, '4.30'),
(176, 553, '1.90'),
(176, 637, '4.40'),
(176, 642, '4.40'),
(176, 679, '4.80'),
(176, 708, '1.10'),
(176, 905, '4.80'),
(177, 110, '2.10'),
(177, 140, '3.80'),
(177, 231, '1.10'),
(177, 249, '4.70'),
(177, 278, '4.20'),
(177, 279, '1.00'),
(177, 293, '2.10'),
(177, 596, '6.00'),
(177, 696, '1.70'),
(177, 697, '3.00'),
(177, 813, '2.60'),
(177, 844, '3.20'),
(177, 926, '3.10'),
(177, 937, '1.70'),
(178, 67, '4.40'),
(178, 123, '3.80'),
(178, 162, '3.50'),
(178, 337, '5.00'),
(178, 359, '3.30'),
(178, 385, '5.30'),
(178, 459, '3.90'),
(178, 484, '3.20'),
(178, 689, '5.60'),
(178, 812, '1.30'),
(178, 828, '5.50'),
(179, 129, '3.80'),
(179, 186, '5.20'),
(179, 370, '4.30'),
(179, 782, '3.20'),
(179, 933, '5.60'),
(179, 947, '4.90'),
(179, 993, '4.80'),
(180, 32, '5.30'),
(180, 496, '2.60'),
(180, 536, '6.00'),
(180, 569, '5.60'),
(180, 657, '2.70'),
(180, 743, '4.10'),
(180, 828, '4.40'),
(180, 942, '3.50'),
(181, 241, '4.30'),
(181, 263, '1.80'),
(181, 563, '3.20'),
(181, 624, '5.30'),
(181, 654, '5.00'),
(181, 747, '2.30'),
(181, 913, '3.40'),
(181, 994, '4.90'),
(182, 118, '5.80'),
(182, 140, '2.50'),
(182, 153, '5.00'),
(182, 165, '4.90'),
(182, 457, '3.30'),
(182, 501, '3.20'),
(182, 538, '1.60'),
(182, 761, '3.40'),
(182, 990, '2.00'),
(183, 118, '5.60'),
(183, 432, '5.10'),
(183, 444, '1.80'),
(183, 557, '4.10'),
(183, 609, '5.40'),
(183, 777, '4.10'),
(183, 973, '1.80'),
(184, 203, '3.30'),
(184, 290, '3.80'),
(184, 406, '3.90'),
(184, 641, '3.90'),
(184, 762, '2.30'),
(184, 904, '3.20'),
(184, 937, '4.40'),
(184, 996, '3.80'),
(185, 47, '1.90'),
(185, 217, '5.10'),
(185, 297, '3.80'),
(185, 560, '4.40'),
(185, 647, '5.40'),
(185, 676, '5.40'),
(185, 774, '3.30'),
(185, 795, '2.70'),
(185, 807, '1.40'),
(185, 837, '4.00'),
(186, 187, '4.00'),
(186, 237, '4.80'),
(186, 260, '1.50'),
(186, 390, '4.40'),
(186, 715, '1.10'),
(186, 724, '1.50'),
(186, 782, '2.80'),
(186, 822, '4.70'),
(187, 152, '5.00'),
(187, 292, '1.00'),
(187, 387, '3.70'),
(187, 506, '3.20'),
(187, 591, '1.70'),
(187, 592, '1.90'),
(187, 635, '2.00'),
(187, 795, '4.00'),
(187, 865, '4.10'),
(187, 885, '2.20'),
(187, 912, '1.80'),
(187, 916, '1.70'),
(187, 964, '4.90'),
(188, 65, '1.20'),
(188, 124, '3.50'),
(188, 126, '4.60'),
(188, 171, '1.80'),
(188, 293, '3.70'),
(188, 411, '4.10'),
(188, 476, '5.70'),
(188, 512, '1.40'),
(188, 518, '3.00'),
(188, 589, '4.80'),
(188, 620, '1.90'),
(188, 677, '2.60'),
(188, 731, '3.60'),
(188, 842, '1.20'),
(188, 856, '4.30'),
(188, 914, '5.90'),
(189, 82, '2.50'),
(189, 94, '4.80'),
(189, 117, '3.10'),
(189, 139, '2.20'),
(189, 144, '1.80'),
(189, 207, '4.60'),
(189, 470, '5.50'),
(189, 499, '5.90'),
(189, 622, '3.90'),
(189, 842, '3.90'),
(189, 923, '1.80'),
(189, 926, '4.80'),
(189, 938, '1.10'),
(190, 113, '5.70'),
(190, 190, '2.80'),
(190, 325, '4.00'),
(190, 637, '4.80'),
(190, 861, '3.80'),
(191, 190, '4.10'),
(191, 198, '2.80'),
(191, 215, '4.20'),
(191, 282, '5.40'),
(191, 367, '2.10'),
(191, 463, '3.00'),
(191, 501, '1.50'),
(191, 572, '3.10'),
(191, 707, '3.80'),
(191, 787, '5.20'),
(191, 843, '1.20'),
(191, 890, '5.60'),
(191, 958, '4.10'),
(191, 962, '5.70'),
(192, 336, '2.60'),
(192, 351, '4.60'),
(192, 508, '4.60'),
(192, 527, '5.30'),
(192, 540, '5.90'),
(192, 562, '3.90'),
(192, 712, '5.20'),
(192, 731, '5.80'),
(192, 793, '2.40'),
(192, 888, '5.00'),
(193, 54, '4.00'),
(193, 100, '2.40'),
(193, 192, '3.00'),
(193, 373, '4.90'),
(193, 653, '4.80'),
(193, 714, '1.10'),
(193, 865, '2.40'),
(193, 886, '1.30'),
(193, 893, '5.70'),
(193, 928, '1.60'),
(193, 936, '5.00'),
(194, 35, '2.20'),
(194, 69, '3.70'),
(194, 230, '3.30'),
(194, 316, '1.50'),
(194, 325, '1.30'),
(194, 567, '1.20'),
(194, 711, '5.90'),
(194, 749, '3.90'),
(194, 788, '5.50'),
(194, 859, '4.60'),
(194, 868, '2.90'),
(194, 932, '2.70'),
(194, 939, '4.20'),
(194, 972, '3.00'),
(195, 37, '2.20'),
(195, 124, '4.70'),
(195, 151, '2.40'),
(195, 177, '1.90'),
(195, 383, '2.30'),
(195, 510, '2.50'),
(195, 575, '3.50'),
(195, 592, '2.70'),
(195, 713, '4.70'),
(195, 784, '4.20'),
(196, 80, '5.10'),
(196, 122, '4.80'),
(196, 124, '3.20'),
(196, 266, '2.90'),
(196, 342, '1.20'),
(196, 510, '2.40'),
(196, 584, '4.70'),
(196, 607, '3.90'),
(197, 116, '2.90'),
(197, 220, '2.10'),
(197, 301, '1.90'),
(197, 556, '2.90'),
(197, 644, '4.00'),
(197, 724, '5.00'),
(197, 733, '3.30'),
(197, 762, '2.90'),
(197, 797, '2.70'),
(197, 844, '4.40'),
(197, 963, '1.70'),
(198, 105, '1.10'),
(198, 329, '4.50'),
(198, 422, '1.40'),
(198, 499, '1.80'),
(198, 646, '4.70'),
(198, 690, '3.80'),
(198, 769, '2.40'),
(198, 774, '3.20'),
(198, 800, '5.00'),
(198, 836, '1.60'),
(199, 111, '2.10'),
(199, 316, '1.20'),
(199, 326, '5.50'),
(199, 357, '2.00'),
(199, 549, '4.60'),
(199, 840, '5.60'),
(199, 855, '4.70'),
(199, 933, '5.30'),
(200, 355, '4.80'),
(200, 435, '3.80'),
(200, 562, '1.80'),
(200, 636, '4.60'),
(200, 911, '3.40'),
(201, 79, '3.00'),
(201, 147, '2.40'),
(201, 615, '3.20'),
(201, 694, '5.40'),
(201, 748, '3.90'),
(201, 756, '2.60'),
(201, 822, '3.80'),
(201, 846, '6.00'),
(201, 914, '4.80'),
(202, 146, '2.80'),
(202, 153, '3.30'),
(202, 321, '4.70'),
(202, 458, '5.10'),
(202, 466, '2.40'),
(202, 672, '4.10'),
(202, 746, '1.70'),
(202, 764, '6.00'),
(202, 842, '3.20'),
(202, 876, '1.90'),
(202, 940, '2.90'),
(202, 996, '5.20'),
(203, 138, '3.20'),
(203, 144, '1.40'),
(203, 204, '4.60'),
(203, 223, '5.20'),
(203, 252, '2.80'),
(203, 345, '4.80'),
(203, 400, '1.30'),
(203, 424, '3.20'),
(203, 459, '2.60'),
(203, 473, '1.00'),
(203, 545, '2.30'),
(203, 615, '4.40'),
(203, 837, '5.70'),
(203, 960, '1.80'),
(203, 995, '4.50'),
(204, 91, '3.20'),
(204, 93, '5.20'),
(204, 150, '4.90'),
(204, 178, '1.70'),
(204, 518, '4.00'),
(204, 653, '4.70'),
(204, 743, '2.00'),
(204, 788, '2.50'),
(204, 817, '4.50'),
(204, 975, '4.60'),
(205, 23, '1.80'),
(205, 37, '1.40'),
(205, 45, '3.10'),
(205, 142, '1.20'),
(205, 181, '5.60'),
(205, 210, '1.40'),
(205, 315, '4.90'),
(205, 331, '4.90'),
(205, 442, '4.10'),
(205, 514, '4.20'),
(205, 638, '4.10'),
(206, 169, '2.00'),
(206, 313, '4.10'),
(206, 361, '1.80'),
(206, 438, '2.30'),
(206, 480, '5.80'),
(206, 625, '2.30'),
(206, 627, '5.50'),
(206, 631, '4.70'),
(206, 653, '3.50'),
(206, 690, '3.00'),
(206, 737, '4.90'),
(206, 857, '4.60'),
(207, 37, '1.30'),
(207, 54, '3.20'),
(207, 96, '5.20'),
(207, 124, '2.10'),
(207, 196, '2.80'),
(207, 331, '1.70'),
(207, 340, '3.20'),
(207, 382, '5.10'),
(207, 407, '2.30'),
(207, 584, '1.20'),
(207, 664, '5.40'),
(207, 671, '2.40'),
(207, 688, '4.00'),
(207, 711, '2.50'),
(207, 790, '5.80'),
(207, 815, '3.50'),
(207, 877, '3.20'),
(207, 984, '3.20'),
(207, 995, '2.20'),
(208, 225, '5.20'),
(208, 270, '1.80'),
(208, 557, '4.90'),
(208, 641, '3.70'),
(208, 717, '4.50'),
(208, 866, '2.80'),
(209, 74, '4.80'),
(209, 96, '2.80'),
(209, 134, '2.60'),
(209, 160, '1.00'),
(209, 196, '4.50'),
(209, 257, '5.70'),
(209, 282, '1.50'),
(209, 381, '4.10'),
(209, 683, '2.80'),
(209, 832, '4.00'),
(209, 841, '5.20'),
(209, 871, '5.30'),
(209, 884, '1.90'),
(209, 987, '1.70'),
(210, 141, '2.30'),
(210, 383, '4.00'),
(210, 435, '2.80'),
(210, 477, '3.10'),
(210, 504, '1.40'),
(210, 506, '3.40'),
(210, 587, '5.20'),
(210, 804, '2.20'),
(210, 812, '5.80'),
(210, 848, '3.50'),
(210, 990, '1.80'),
(211, 92, '2.10'),
(211, 125, '1.30'),
(211, 211, '5.00'),
(211, 235, '3.50'),
(211, 391, '2.30'),
(211, 558, '1.50'),
(211, 606, '4.70'),
(211, 697, '2.20'),
(211, 725, '3.40'),
(211, 833, '3.90'),
(212, 242, '4.30'),
(212, 434, '5.30'),
(212, 602, '3.90'),
(212, 719, '4.90'),
(212, 730, '4.30'),
(212, 743, '3.60'),
(212, 918, '3.30'),
(212, 979, '2.30'),
(213, 200, '3.60'),
(213, 289, '3.50'),
(213, 343, '3.40'),
(213, 371, '5.00'),
(213, 510, '5.10'),
(213, 544, '3.80'),
(213, 672, '5.60'),
(213, 710, '2.70'),
(213, 721, '1.70'),
(213, 918, '5.70'),
(213, 962, '4.90'),
(214, 66, '3.20'),
(214, 168, '3.40'),
(214, 196, '3.60'),
(214, 305, '5.30'),
(214, 796, '5.40'),
(214, 881, '3.90'),
(214, 962, '1.20'),
(214, 974, '3.50'),
(214, 988, '5.50'),
(215, 38, '3.00'),
(215, 89, '5.80'),
(215, 196, '2.40'),
(215, 256, '5.40'),
(215, 312, '1.10'),
(215, 440, '1.50'),
(215, 538, '1.60'),
(215, 627, '2.50'),
(215, 672, '2.30'),
(215, 753, '4.00'),
(215, 823, '2.20'),
(216, 37, '3.50'),
(216, 63, '2.10'),
(216, 87, '2.80'),
(216, 278, '4.70'),
(216, 390, '1.70'),
(216, 419, '5.30'),
(216, 449, '4.60'),
(216, 526, '3.50'),
(216, 619, '5.80'),
(216, 668, '4.00'),
(216, 880, '4.20'),
(216, 893, '3.60'),
(216, 986, '4.70'),
(217, 51, '1.40'),
(217, 152, '5.00'),
(217, 158, '3.10'),
(217, 313, '5.80'),
(217, 315, '3.20'),
(217, 363, '3.00'),
(217, 405, '2.70'),
(217, 508, '3.70'),
(217, 564, '3.30'),
(217, 658, '4.90'),
(217, 821, '1.10'),
(218, 72, '5.80'),
(218, 150, '2.40'),
(218, 447, '3.00'),
(218, 527, '5.80'),
(218, 549, '1.70'),
(218, 598, '4.50'),
(218, 764, '1.40'),
(218, 814, '3.20'),
(218, 918, '1.20'),
(219, 337, '3.60'),
(219, 352, '5.10'),
(219, 402, '1.50'),
(219, 406, '1.20'),
(219, 757, '1.10'),
(219, 774, '1.20'),
(219, 788, '3.50'),
(219, 976, '3.20'),
(220, 144, '3.80'),
(220, 286, '1.10'),
(220, 293, '1.10'),
(220, 470, '3.10'),
(220, 486, '2.90'),
(220, 691, '3.20'),
(220, 756, '4.10'),
(220, 792, '3.30'),
(220, 818, '2.40'),
(220, 940, '4.30'),
(220, 971, '5.50'),
(221, 179, '4.90'),
(221, 276, '2.10'),
(221, 378, '2.90'),
(221, 476, '2.80'),
(221, 478, '3.80'),
(221, 630, '2.90'),
(221, 717, '3.10'),
(221, 926, '5.20'),
(222, 235, '2.70'),
(222, 291, '3.00'),
(222, 332, '3.00'),
(222, 375, '3.40'),
(222, 605, '5.20'),
(222, 656, '2.30'),
(222, 688, '5.10'),
(222, 715, '1.40'),
(222, 957, '4.30'),
(223, 49, '1.30'),
(223, 58, '2.40'),
(223, 203, '1.80'),
(223, 207, '1.80'),
(223, 245, '4.00'),
(223, 390, '5.60'),
(223, 394, '3.50'),
(223, 501, '3.00'),
(223, 660, '2.20'),
(224, 118, '4.20'),
(224, 180, '1.60'),
(224, 192, '5.10'),
(224, 278, '2.40'),
(224, 308, '4.70'),
(224, 313, '2.40'),
(224, 400, '2.60'),
(224, 457, '5.90'),
(224, 537, '1.10'),
(224, 545, '1.10'),
(224, 684, '2.40'),
(224, 864, '1.10'),
(224, 895, '3.90'),
(224, 935, '4.30'),
(224, 992, '3.60'),
(225, 59, '1.90'),
(225, 96, '3.70'),
(225, 114, '3.90'),
(225, 119, '3.40'),
(225, 335, '3.70'),
(225, 446, '3.80'),
(225, 563, '3.90'),
(225, 613, '1.50'),
(225, 615, '2.40'),
(225, 842, '2.50'),
(226, 23, '5.10'),
(226, 172, '5.70'),
(226, 181, '4.20'),
(226, 223, '4.40'),
(226, 237, '4.00'),
(226, 411, '1.60'),
(226, 484, '4.50'),
(226, 602, '2.70'),
(226, 621, '1.20'),
(226, 765, '2.70'),
(226, 862, '3.30'),
(226, 883, '4.20'),
(226, 941, '3.50'),
(227, 42, '2.10'),
(227, 57, '2.10'),
(227, 154, '2.70'),
(227, 188, '3.90'),
(227, 214, '4.50'),
(227, 244, '1.70'),
(227, 258, '4.30'),
(227, 462, '4.70'),
(227, 491, '2.80'),
(227, 589, '2.10'),
(227, 621, '4.50'),
(227, 665, '2.70'),
(227, 997, '2.20'),
(228, 43, '5.00'),
(228, 228, '5.90'),
(228, 240, '2.20'),
(228, 247, '3.00'),
(228, 256, '1.50'),
(228, 329, '5.00'),
(228, 381, '3.00'),
(228, 438, '4.30'),
(228, 549, '1.10'),
(228, 603, '3.20'),
(228, 783, '4.90'),
(228, 815, '3.20'),
(228, 963, '1.40'),
(229, 217, '3.30'),
(229, 264, '1.30'),
(229, 289, '2.20'),
(229, 320, '3.00'),
(229, 351, '1.30'),
(229, 432, '1.80'),
(229, 511, '4.20'),
(229, 701, '1.30'),
(229, 758, '5.20'),
(229, 866, '5.90'),
(229, 949, '1.30'),
(230, 112, '4.50'),
(230, 179, '5.20'),
(230, 352, '3.60'),
(230, 360, '3.40'),
(230, 366, '3.60'),
(230, 427, '6.00'),
(230, 487, '3.60'),
(230, 533, '2.00'),
(230, 618, '2.80'),
(230, 676, '3.20'),
(230, 750, '5.30'),
(231, 74, '5.00'),
(231, 208, '1.80'),
(231, 309, '4.60'),
(231, 314, '4.30'),
(231, 352, '4.30'),
(231, 356, '3.80'),
(231, 688, '5.40'),
(231, 940, '2.30'),
(232, 80, '5.70'),
(232, 98, '2.40'),
(232, 156, '3.40'),
(232, 193, '3.60'),
(232, 203, '2.60'),
(232, 291, '5.30'),
(232, 386, '4.70'),
(232, 561, '1.70'),
(232, 565, '2.60'),
(232, 583, '4.00'),
(232, 622, '1.60'),
(232, 801, '1.00'),
(232, 960, '1.90'),
(232, 994, '1.70'),
(233, 45, '5.80'),
(233, 337, '4.90'),
(233, 758, '4.70'),
(234, 32, '2.70'),
(234, 36, '5.40'),
(234, 165, '1.20'),
(234, 345, '3.40'),
(234, 375, '4.00'),
(234, 558, '3.50'),
(234, 609, '3.70'),
(234, 662, '1.00'),
(234, 703, '5.70'),
(234, 764, '2.70'),
(234, 912, '3.60'),
(235, 126, '4.70'),
(235, 209, '1.90'),
(235, 402, '1.70'),
(235, 488, '5.00'),
(235, 668, '6.00'),
(235, 683, '4.30'),
(235, 709, '1.60'),
(235, 851, '2.70'),
(236, 59, '3.50'),
(236, 403, '2.10'),
(236, 430, '5.70'),
(236, 489, '5.90'),
(236, 541, '4.00'),
(236, 585, '5.80'),
(236, 637, '3.50'),
(236, 665, '1.50'),
(236, 822, '4.60'),
(236, 831, '5.60'),
(236, 913, '5.10'),
(236, 934, '3.10'),
(236, 944, '3.20'),
(236, 976, '3.50'),
(237, 173, '1.40'),
(237, 242, '2.80'),
(237, 350, '1.00'),
(237, 535, '6.00'),
(237, 546, '1.80'),
(237, 550, '4.00'),
(237, 567, '4.40'),
(237, 589, '4.50'),
(237, 650, '3.90'),
(237, 653, '5.60'),
(237, 781, '3.40'),
(237, 861, '4.90'),
(237, 995, '2.60'),
(238, 31, '4.80'),
(238, 122, '5.70'),
(238, 317, '1.60'),
(238, 429, '5.90'),
(238, 491, '2.60'),
(238, 620, '4.00'),
(238, 680, '3.10'),
(238, 821, '4.70'),
(239, 71, '5.20'),
(239, 113, '1.60'),
(239, 247, '1.00'),
(239, 310, '1.30'),
(239, 402, '1.10'),
(239, 486, '2.40'),
(239, 507, '2.30'),
(239, 719, '5.70'),
(239, 722, '5.80'),
(239, 754, '4.90'),
(239, 925, '1.60'),
(240, 84, '2.30'),
(240, 149, '2.60'),
(240, 273, '5.10'),
(240, 347, '5.00'),
(240, 643, '5.50'),
(240, 887, '2.60'),
(241, 130, '1.10'),
(241, 260, '2.80'),
(241, 280, '5.30'),
(241, 347, '5.10'),
(241, 364, '1.70'),
(241, 436, '5.30'),
(241, 649, '4.30'),
(241, 709, '4.50'),
(241, 714, '5.40'),
(241, 735, '5.60'),
(241, 749, '1.50'),
(242, 148, '5.50'),
(242, 199, '5.80'),
(242, 250, '5.70'),
(242, 366, '5.00'),
(242, 490, '1.30'),
(242, 591, '4.60'),
(242, 692, '1.80'),
(242, 699, '1.90'),
(242, 705, '1.60'),
(242, 874, '2.00'),
(242, 918, '4.60'),
(243, 216, '3.40'),
(243, 237, '3.50'),
(243, 267, '1.40'),
(243, 412, '2.90'),
(243, 445, '1.20'),
(243, 510, '4.50'),
(243, 544, '3.40'),
(243, 629, '6.00'),
(243, 679, '4.70'),
(243, 740, '5.40'),
(243, 791, '5.40'),
(243, 823, '2.70'),
(243, 884, '2.90'),
(243, 980, '2.90'),
(243, 999, '3.50'),
(244, 85, '4.10'),
(244, 190, '2.60'),
(244, 223, '5.30'),
(244, 273, '4.20'),
(244, 287, '5.50'),
(244, 394, '3.40'),
(244, 404, '5.80'),
(244, 695, '2.50'),
(244, 716, '4.70'),
(244, 761, '5.70'),
(244, 869, '4.90'),
(244, 877, '4.30'),
(244, 996, '3.10'),
(245, 31, '1.70'),
(245, 127, '3.50'),
(245, 220, '5.30'),
(245, 327, '3.20'),
(245, 509, '3.10'),
(245, 611, '5.20'),
(245, 627, '1.50'),
(245, 644, '4.70'),
(245, 745, '2.10'),
(245, 825, '1.80'),
(245, 887, '5.60'),
(245, 922, '4.90'),
(245, 924, '5.70'),
(245, 951, '3.30'),
(246, 69, '5.40'),
(246, 123, '3.20'),
(246, 226, '2.10'),
(246, 251, '5.50'),
(246, 369, '1.60'),
(246, 382, '3.20'),
(246, 477, '5.60'),
(246, 516, '2.00'),
(246, 610, '2.00'),
(246, 620, '2.30'),
(246, 760, '4.40'),
(246, 823, '4.10'),
(246, 840, '1.60'),
(246, 864, '3.90'),
(246, 932, '1.20'),
(247, 25, '2.50'),
(247, 53, '4.80'),
(247, 60, '5.30'),
(247, 78, '4.50'),
(247, 133, '1.90'),
(247, 215, '4.80'),
(247, 240, '1.60'),
(247, 324, '5.70'),
(247, 410, '2.20'),
(247, 497, '3.00'),
(247, 560, '5.90'),
(247, 659, '5.10'),
(247, 751, '1.20'),
(247, 991, '4.00'),
(248, 115, '2.20'),
(248, 125, '4.60'),
(248, 413, '5.10'),
(248, 467, '3.50'),
(248, 474, '1.00'),
(248, 512, '5.70'),
(248, 710, '4.20'),
(248, 735, '3.00'),
(248, 829, '5.50'),
(248, 881, '4.80'),
(248, 917, '4.60'),
(248, 970, '2.60'),
(249, 92, '1.40'),
(249, 168, '1.50'),
(249, 203, '4.90'),
(249, 205, '3.60'),
(249, 236, '2.90'),
(249, 364, '3.00'),
(249, 372, '5.50'),
(249, 568, '1.20'),
(249, 602, '2.70'),
(249, 628, '3.40'),
(249, 714, '5.80'),
(249, 721, '2.30'),
(249, 746, '4.10'),
(249, 869, '5.00'),
(249, 943, '1.50'),
(250, 64, '4.40'),
(250, 83, '2.20'),
(250, 101, '3.10'),
(250, 110, '3.20'),
(250, 165, '1.20'),
(250, 296, '5.80'),
(250, 343, '2.70'),
(250, 445, '1.50'),
(250, 558, '5.50'),
(250, 562, '3.80'),
(250, 565, '4.70'),
(250, 585, '1.50'),
(250, 627, '1.80'),
(250, 646, '5.60'),
(250, 652, '3.90'),
(250, 730, '4.10'),
(250, 890, '2.10'),
(250, 898, '4.40'),
(251, 77, '4.40'),
(251, 83, '3.20'),
(251, 92, '1.20'),
(251, 122, '1.30'),
(251, 302, '3.90'),
(251, 307, '5.50'),
(251, 355, '4.60'),
(251, 403, '2.90'),
(251, 471, '2.00'),
(251, 518, '5.50'),
(251, 575, '4.00'),
(251, 676, '1.80'),
(251, 767, '5.10'),
(251, 844, '1.20'),
(251, 855, '4.50'),
(251, 872, '4.60'),
(252, 54, '2.60'),
(252, 60, '1.10'),
(252, 71, '5.40'),
(252, 454, '1.30'),
(252, 584, '4.10'),
(252, 642, '2.90'),
(252, 646, '3.20'),
(253, 59, '4.00'),
(253, 107, '4.70'),
(253, 111, '2.60'),
(253, 163, '3.40'),
(253, 184, '3.30'),
(253, 313, '3.90'),
(253, 652, '1.30'),
(253, 848, '5.70'),
(253, 866, '5.60'),
(253, 880, '5.20'),
(253, 891, '4.80'),
(254, 171, '2.90'),
(254, 277, '1.00'),
(254, 307, '2.70'),
(254, 350, '2.10'),
(254, 365, '2.50'),
(254, 456, '1.40'),
(254, 654, '6.00'),
(254, 673, '5.80'),
(254, 688, '5.90'),
(254, 720, '3.20'),
(254, 762, '5.20'),
(254, 789, '2.20'),
(255, 45, '3.20'),
(255, 279, '1.90'),
(255, 397, '3.20'),
(255, 624, '5.30'),
(255, 697, '4.40'),
(255, 868, '1.70'),
(256, 231, '5.70'),
(256, 286, '4.60'),
(256, 404, '5.00'),
(256, 458, '5.10'),
(256, 477, '2.70'),
(256, 521, '3.90'),
(256, 555, '2.80'),
(256, 579, '1.40'),
(256, 770, '3.70'),
(256, 991, '4.20'),
(257, 91, '4.50'),
(257, 103, '5.60'),
(257, 145, '3.10'),
(257, 177, '2.70'),
(257, 381, '1.10'),
(257, 579, '4.70'),
(257, 831, '1.60'),
(257, 867, '3.50'),
(257, 910, '2.30'),
(257, 991, '2.20'),
(258, 321, '1.50'),
(258, 352, '2.80'),
(258, 395, '4.40'),
(258, 451, '3.30'),
(258, 455, '5.90'),
(258, 589, '2.40'),
(258, 596, '3.10'),
(258, 619, '2.30'),
(258, 938, '3.20'),
(259, 214, '5.10'),
(259, 306, '1.70'),
(259, 315, '4.40'),
(259, 358, '3.00'),
(259, 359, '1.10'),
(259, 421, '4.20'),
(259, 494, '3.30'),
(259, 508, '3.50'),
(259, 523, '2.90'),
(259, 546, '5.20'),
(259, 568, '1.10'),
(259, 681, '4.20'),
(259, 726, '1.30'),
(259, 758, '2.30'),
(259, 936, '1.20'),
(259, 982, '5.70'),
(260, 44, '5.30'),
(260, 62, '3.90'),
(260, 117, '2.20'),
(260, 554, '5.50'),
(260, 824, '3.20'),
(260, 866, '3.40'),
(260, 874, '3.70'),
(261, 105, '2.30'),
(261, 157, '3.70'),
(261, 205, '3.50'),
(261, 311, '3.70'),
(261, 459, '5.90'),
(261, 599, '3.20'),
(261, 602, '3.50'),
(261, 633, '1.70'),
(261, 824, '1.90'),
(261, 826, '3.90'),
(262, 131, '4.70'),
(262, 482, '1.70'),
(263, 92, '4.10'),
(263, 271, '1.40'),
(263, 395, '1.10'),
(263, 457, '1.30'),
(263, 556, '6.00'),
(263, 642, '1.00'),
(263, 704, '3.10'),
(263, 793, '2.70'),
(263, 884, '5.80'),
(263, 967, '2.40'),
(264, 246, '1.90'),
(264, 288, '4.60'),
(264, 465, '4.00'),
(264, 493, '1.50'),
(264, 579, '3.10'),
(264, 644, '1.50'),
(264, 671, '1.80'),
(264, 758, '5.00'),
(265, 133, '2.40'),
(265, 228, '5.70'),
(265, 284, '1.30'),
(265, 393, '3.90'),
(265, 646, '4.60'),
(265, 825, '1.10'),
(265, 933, '2.20'),
(265, 993, '1.20'),
(266, 211, '1.90'),
(266, 500, '4.50'),
(266, 818, '2.80'),
(266, 866, '4.90'),
(266, 945, '5.70'),
(267, 145, '5.10'),
(267, 537, '2.30'),
(267, 593, '2.90'),
(268, 126, '4.00'),
(268, 430, '5.50'),
(268, 566, '4.00'),
(268, 915, '4.00'),
(268, 985, '3.70'),
(269, 39, '2.20'),
(269, 218, '5.30'),
(269, 380, '4.50'),
(269, 395, '3.80'),
(269, 431, '1.20'),
(269, 614, '5.30'),
(269, 693, '6.00'),
(269, 753, '3.20'),
(269, 763, '1.70'),
(269, 837, '2.50'),
(269, 990, '2.00'),
(270, 442, '5.60'),
(270, 742, '5.00'),
(271, 227, '2.90'),
(271, 230, '4.60'),
(271, 343, '5.60'),
(271, 408, '5.70'),
(271, 541, '1.60'),
(271, 588, '1.40'),
(271, 644, '3.70'),
(271, 664, '3.50'),
(272, 30, '2.90'),
(272, 53, '1.30'),
(272, 198, '1.10'),
(272, 203, '4.60'),
(272, 266, '4.40'),
(272, 365, '2.70'),
(272, 604, '3.80'),
(272, 804, '5.80'),
(272, 842, '2.80'),
(272, 990, '3.20'),
(273, 156, '1.20'),
(273, 164, '5.30'),
(273, 299, '3.50'),
(273, 332, '2.90'),
(273, 344, '1.00'),
(273, 353, '1.70'),
(273, 413, '2.40'),
(273, 588, '4.60'),
(273, 627, '1.20'),
(274, 49, '5.90'),
(274, 117, '4.60'),
(274, 240, '2.10'),
(274, 446, '5.30'),
(274, 634, '1.60'),
(274, 768, '3.40'),
(274, 791, '5.00'),
(274, 801, '1.20'),
(274, 802, '5.90'),
(275, 443, '5.40'),
(275, 473, '3.10'),
(275, 589, '4.30'),
(275, 851, '1.60'),
(276, 176, '5.70'),
(276, 237, '5.80'),
(276, 270, '2.40'),
(276, 365, '3.70'),
(276, 393, '2.00'),
(276, 396, '3.20'),
(276, 546, '5.80'),
(276, 553, '4.10'),
(276, 624, '5.60'),
(276, 732, '2.40'),
(276, 739, '2.10'),
(276, 754, '2.90'),
(276, 872, '4.90'),
(277, 311, '3.30'),
(277, 489, '3.40'),
(277, 499, '4.60'),
(277, 566, '6.00'),
(277, 629, '2.60'),
(277, 713, '5.50'),
(277, 714, '4.20'),
(277, 749, '5.60'),
(277, 891, '3.10'),
(277, 922, '3.80'),
(277, 957, '4.90'),
(277, 965, '2.10'),
(278, 72, '4.50'),
(278, 234, '2.30'),
(278, 457, '3.10'),
(278, 509, '4.60'),
(278, 712, '4.10'),
(278, 754, '5.50'),
(278, 796, '4.10'),
(278, 917, '5.90'),
(279, 544, '4.60'),
(279, 601, '3.20'),
(279, 619, '3.80'),
(279, 700, '4.70'),
(279, 831, '4.70'),
(279, 929, '3.90'),
(280, 171, '5.60'),
(280, 320, '2.90'),
(280, 322, '2.10'),
(280, 370, '2.90'),
(280, 402, '4.10'),
(280, 460, '5.70');
INSERT INTO `exam_result` (`exam_id`, `student_id`, `mark`) VALUES
(280, 589, '4.60'),
(280, 602, '4.30'),
(280, 654, '4.30'),
(280, 717, '3.50'),
(280, 793, '3.80'),
(280, 857, '3.10'),
(280, 947, '4.30'),
(280, 974, '4.70'),
(281, 27, '1.90'),
(281, 74, '4.50'),
(281, 364, '5.20'),
(281, 612, '5.30'),
(281, 662, '5.00'),
(281, 671, '5.10'),
(281, 709, '5.50'),
(281, 807, '3.10'),
(281, 881, '1.70'),
(282, 21, '5.10'),
(282, 22, '5.20'),
(282, 64, '4.20'),
(282, 142, '4.70'),
(282, 219, '3.80'),
(282, 304, '2.60'),
(282, 377, '1.90'),
(282, 534, '3.10'),
(282, 591, '4.00'),
(282, 637, '5.00'),
(282, 652, '1.20'),
(282, 712, '3.30'),
(282, 803, '5.90'),
(283, 74, '5.20'),
(283, 142, '1.70'),
(283, 151, '5.90'),
(283, 233, '4.80'),
(283, 280, '4.60'),
(283, 317, '4.40'),
(283, 341, '4.90'),
(283, 402, '3.20'),
(283, 515, '1.10'),
(283, 522, '2.80'),
(283, 557, '2.70'),
(283, 779, '5.50'),
(283, 825, '3.70'),
(284, 33, '1.80'),
(284, 110, '2.30'),
(284, 136, '5.40'),
(284, 165, '3.70'),
(284, 252, '3.60'),
(284, 260, '5.50'),
(284, 271, '4.90'),
(284, 480, '5.90'),
(284, 637, '2.30'),
(284, 957, '2.40'),
(285, 271, '1.50'),
(285, 317, '4.00'),
(285, 344, '3.50'),
(285, 469, '5.60'),
(285, 536, '1.10'),
(285, 586, '5.50'),
(285, 603, '4.30'),
(286, 122, '2.80'),
(286, 135, '5.90'),
(286, 287, '1.10'),
(286, 307, '1.40'),
(286, 316, '5.50'),
(286, 320, '5.80'),
(286, 328, '3.30'),
(286, 339, '1.20'),
(286, 588, '2.70'),
(286, 681, '4.00'),
(286, 821, '4.30'),
(286, 873, '4.90'),
(286, 956, '1.50'),
(287, 55, '2.70'),
(287, 84, '4.40'),
(287, 129, '1.40'),
(287, 198, '1.40'),
(287, 311, '4.60'),
(287, 387, '5.90'),
(287, 510, '1.80'),
(287, 522, '4.20'),
(287, 590, '5.40'),
(287, 807, '4.90'),
(287, 815, '4.20'),
(287, 861, '2.30'),
(287, 879, '4.30'),
(287, 939, '4.40'),
(287, 961, '5.50'),
(288, 283, '4.70'),
(288, 607, '4.80'),
(288, 636, '4.70'),
(288, 899, '3.50'),
(288, 943, '4.30'),
(289, 62, '2.20'),
(289, 213, '1.60'),
(289, 362, '2.70'),
(289, 498, '1.50'),
(289, 555, '1.40'),
(289, 675, '1.40'),
(289, 679, '2.40'),
(289, 798, '1.30'),
(289, 801, '4.60'),
(289, 851, '5.50'),
(289, 906, '2.60'),
(289, 991, '5.30'),
(290, 98, '4.80'),
(290, 347, '3.40'),
(290, 497, '3.10'),
(290, 681, '6.00'),
(290, 722, '1.90'),
(290, 804, '1.10'),
(290, 837, '4.30'),
(291, 41, '5.90'),
(291, 55, '5.10'),
(291, 103, '3.80'),
(291, 162, '1.60'),
(291, 217, '2.80'),
(291, 233, '5.80'),
(291, 512, '4.80'),
(291, 616, '5.90'),
(291, 805, '1.80'),
(291, 828, '5.20'),
(291, 916, '4.30'),
(291, 948, '2.00'),
(292, 62, '2.60'),
(292, 116, '3.00'),
(292, 179, '3.90'),
(292, 444, '4.70'),
(292, 481, '3.50'),
(292, 554, '2.00'),
(292, 630, '3.40'),
(292, 724, '3.10'),
(292, 789, '4.90'),
(292, 824, '4.80'),
(292, 955, '3.70'),
(292, 960, '3.60'),
(293, 53, '4.60'),
(293, 153, '1.80'),
(293, 183, '5.50'),
(293, 199, '1.40'),
(293, 233, '1.30'),
(293, 382, '1.60'),
(293, 488, '1.60'),
(293, 555, '5.40'),
(293, 576, '1.90'),
(293, 677, '5.40'),
(293, 832, '5.40'),
(294, 200, '4.80'),
(294, 312, '3.10'),
(294, 341, '1.40'),
(294, 360, '3.80'),
(294, 410, '4.90'),
(294, 479, '2.20'),
(294, 491, '2.80'),
(294, 549, '5.80'),
(294, 608, '2.70'),
(294, 676, '5.40'),
(294, 735, '2.70'),
(294, 745, '1.30'),
(294, 746, '4.90'),
(295, 415, '5.40'),
(295, 451, '3.10'),
(295, 525, '2.90'),
(295, 814, '1.80'),
(295, 880, '3.90'),
(295, 915, '3.10'),
(296, 83, '4.10'),
(296, 155, '5.80'),
(296, 186, '4.20'),
(296, 188, '6.00'),
(296, 498, '1.50'),
(296, 634, '3.40'),
(296, 693, '5.30'),
(296, 702, '5.30'),
(296, 813, '2.20'),
(297, 40, '1.80'),
(297, 62, '3.70'),
(297, 111, '3.20'),
(297, 370, '2.90'),
(297, 466, '3.20'),
(297, 479, '5.30'),
(297, 643, '1.10'),
(298, 190, '2.90'),
(298, 209, '5.40'),
(298, 374, '1.00'),
(298, 421, '2.40'),
(298, 501, '4.60'),
(298, 529, '1.90'),
(298, 573, '5.10'),
(298, 580, '4.20'),
(298, 887, '5.00'),
(298, 973, '3.40'),
(298, 1000, '2.50'),
(299, 22, '4.20'),
(299, 41, '3.60'),
(299, 88, '4.80'),
(299, 264, '3.40'),
(299, 266, '5.80'),
(299, 294, '2.20'),
(299, 379, '5.80'),
(299, 454, '2.80'),
(299, 606, '1.50'),
(299, 701, '4.80'),
(299, 801, '3.00'),
(299, 868, '6.00'),
(299, 933, '4.60'),
(300, 123, '3.90'),
(300, 143, '2.70'),
(300, 286, '4.00'),
(300, 353, '5.90'),
(300, 409, '1.00'),
(300, 467, '5.90'),
(300, 550, '5.00'),
(300, 641, '2.50'),
(300, 760, '3.90'),
(300, 954, '4.40'),
(301, 106, '1.50'),
(301, 196, '2.20'),
(301, 425, '2.70'),
(301, 476, '2.60'),
(301, 490, '4.40'),
(301, 881, '5.60'),
(301, 894, '3.40'),
(302, 249, '2.20'),
(302, 318, '2.80'),
(302, 723, '3.30'),
(302, 792, '4.90'),
(302, 881, '6.00'),
(302, 944, '2.50'),
(303, 149, '1.10'),
(303, 164, '5.20'),
(303, 304, '5.80'),
(303, 321, '5.50'),
(303, 574, '4.20'),
(303, 987, '5.90'),
(304, 202, '4.20'),
(304, 330, '1.80'),
(304, 421, '4.80'),
(304, 460, '2.10'),
(304, 594, '4.50'),
(304, 783, '5.30'),
(304, 785, '4.00'),
(304, 845, '3.60'),
(304, 909, '5.30'),
(305, 73, '6.00'),
(305, 77, '4.40'),
(305, 83, '4.70'),
(305, 88, '5.40'),
(305, 232, '1.50'),
(305, 263, '5.70'),
(305, 375, '5.00'),
(305, 508, '2.50'),
(305, 592, '3.30'),
(305, 738, '2.10'),
(305, 753, '6.00'),
(305, 789, '4.10'),
(305, 895, '5.80'),
(305, 998, '1.60'),
(306, 240, '3.90'),
(306, 353, '3.10'),
(306, 498, '4.30'),
(306, 526, '1.30'),
(306, 614, '3.30'),
(306, 623, '1.60'),
(306, 624, '4.90'),
(306, 630, '1.40'),
(306, 646, '2.00'),
(306, 903, '4.50'),
(307, 78, '2.80'),
(307, 135, '3.70'),
(307, 232, '3.80'),
(307, 338, '4.70'),
(307, 344, '3.60'),
(307, 350, '2.90'),
(307, 419, '1.90'),
(307, 422, '5.90'),
(307, 448, '2.00'),
(307, 452, '4.50'),
(307, 501, '1.90'),
(307, 616, '1.70'),
(307, 752, '5.60'),
(307, 770, '2.50'),
(307, 785, '3.20'),
(307, 826, '4.50'),
(307, 856, '3.40'),
(307, 960, '1.30'),
(307, 972, '3.00'),
(308, 115, '2.90'),
(308, 220, '2.60'),
(308, 284, '3.30'),
(308, 687, '4.30'),
(308, 761, '5.00'),
(308, 843, '5.10'),
(308, 850, '1.90'),
(308, 976, '4.10'),
(308, 990, '4.40'),
(309, 239, '4.20'),
(309, 315, '1.00'),
(309, 345, '3.40'),
(309, 403, '1.30'),
(309, 549, '2.80'),
(309, 569, '3.20'),
(309, 625, '2.50'),
(309, 747, '3.60'),
(309, 784, '1.30'),
(309, 907, '3.20'),
(309, 968, '3.90'),
(309, 989, '2.10'),
(309, 996, '1.50'),
(310, 50, '1.10'),
(310, 234, '3.80'),
(310, 361, '5.10'),
(310, 553, '1.70'),
(310, 690, '1.60'),
(310, 763, '1.80'),
(310, 804, '2.40'),
(310, 815, '1.40'),
(310, 973, '4.80'),
(311, 126, '1.40'),
(311, 133, '4.00'),
(311, 383, '2.00'),
(311, 436, '1.70'),
(311, 460, '5.90'),
(311, 640, '2.10'),
(311, 688, '4.90'),
(311, 900, '5.70'),
(311, 965, '2.40'),
(312, 37, '5.50'),
(312, 38, '2.70'),
(312, 53, '2.30'),
(312, 165, '4.30'),
(312, 182, '4.30'),
(312, 340, '4.50'),
(312, 482, '1.60'),
(312, 561, '5.00'),
(312, 675, '3.10'),
(312, 684, '2.60'),
(312, 693, '1.10'),
(312, 698, '4.10'),
(312, 965, '2.10'),
(313, 103, '5.60'),
(313, 221, '4.70'),
(313, 296, '3.90'),
(313, 334, '5.40'),
(313, 379, '5.00'),
(313, 406, '1.00'),
(313, 471, '1.10'),
(313, 609, '5.00'),
(313, 799, '5.30'),
(313, 800, '3.90'),
(314, 84, '4.90'),
(314, 93, '1.80'),
(314, 144, '1.80'),
(314, 329, '3.30'),
(314, 484, '4.90'),
(314, 533, '4.40'),
(314, 558, '1.00'),
(314, 566, '5.40'),
(314, 595, '1.90'),
(314, 605, '4.80'),
(314, 638, '5.40'),
(314, 725, '5.50'),
(314, 867, '4.50'),
(315, 27, '1.60'),
(315, 30, '5.90'),
(315, 120, '3.00'),
(315, 176, '5.20'),
(315, 397, '2.10'),
(315, 404, '5.50'),
(315, 413, '5.10'),
(315, 426, '2.10'),
(315, 440, '2.20'),
(315, 553, '4.10'),
(315, 577, '1.40'),
(315, 682, '4.50'),
(315, 705, '3.00'),
(315, 802, '4.60'),
(315, 830, '3.70'),
(315, 850, '1.60'),
(315, 953, '4.00'),
(315, 1000, '5.50'),
(316, 27, '5.40'),
(316, 139, '3.30'),
(316, 210, '4.30'),
(316, 249, '1.80'),
(316, 250, '3.20'),
(316, 310, '4.00'),
(316, 404, '2.40'),
(316, 677, '1.60'),
(316, 819, '3.70'),
(316, 823, '4.80'),
(316, 872, '2.90'),
(317, 172, '1.50'),
(317, 397, '1.80'),
(317, 725, '1.90'),
(317, 739, '1.40'),
(317, 809, '1.80'),
(317, 820, '1.20'),
(317, 871, '2.30'),
(318, 23, '2.90'),
(318, 144, '4.10'),
(318, 167, '3.50'),
(318, 170, '5.80'),
(318, 263, '5.60'),
(318, 398, '3.40'),
(318, 428, '2.80'),
(318, 461, '5.10'),
(318, 506, '5.10'),
(318, 548, '1.80'),
(318, 573, '4.20'),
(318, 576, '1.30'),
(318, 659, '3.00'),
(318, 840, '4.80'),
(319, 243, '2.00'),
(319, 252, '5.50'),
(319, 307, '1.20'),
(319, 438, '1.40'),
(319, 491, '3.20'),
(319, 670, '4.20'),
(319, 726, '5.50'),
(319, 748, '6.00'),
(319, 786, '1.20'),
(319, 853, '5.90'),
(319, 894, '5.90'),
(319, 899, '4.30'),
(319, 934, '5.50'),
(319, 943, '5.20'),
(319, 967, '5.20'),
(320, 55, '3.70'),
(320, 145, '5.40'),
(320, 204, '4.50'),
(320, 210, '2.70'),
(320, 307, '1.70'),
(320, 537, '2.50'),
(320, 596, '4.60'),
(320, 598, '3.10'),
(320, 647, '3.60'),
(320, 794, '2.40'),
(320, 796, '2.00'),
(320, 951, '4.20'),
(320, 992, '2.70'),
(321, 28, '3.40'),
(321, 89, '3.70'),
(321, 278, '1.40'),
(321, 370, '2.30'),
(321, 426, '1.40'),
(321, 592, '4.10'),
(322, 45, '5.20'),
(322, 113, '5.00'),
(322, 137, '5.10'),
(322, 172, '5.40'),
(322, 175, '3.90'),
(322, 277, '2.60'),
(322, 407, '3.70'),
(322, 474, '3.10'),
(322, 505, '3.70'),
(322, 521, '5.00'),
(322, 566, '1.50'),
(322, 626, '4.30'),
(322, 675, '5.20'),
(322, 679, '5.90'),
(322, 687, '3.60'),
(322, 695, '4.60'),
(322, 872, '2.30'),
(323, 433, '1.90'),
(323, 496, '5.70'),
(323, 653, '1.80'),
(323, 656, '2.90'),
(323, 854, '4.60'),
(323, 921, '6.00'),
(323, 924, '3.70'),
(323, 931, '3.30'),
(324, 280, '2.60'),
(324, 316, '5.70'),
(324, 370, '3.30'),
(324, 406, '2.70'),
(324, 465, '3.80'),
(324, 610, '5.50'),
(324, 692, '3.90'),
(324, 869, '1.40'),
(325, 146, '2.50'),
(325, 170, '3.20'),
(325, 242, '5.90'),
(325, 245, '2.30'),
(325, 308, '1.00'),
(325, 393, '2.00'),
(325, 411, '3.40'),
(325, 459, '3.40'),
(325, 567, '5.40'),
(325, 660, '3.40'),
(325, 743, '5.70'),
(325, 845, '4.30'),
(325, 997, '4.50'),
(326, 100, '1.90'),
(326, 154, '1.10'),
(326, 320, '2.00'),
(326, 482, '4.70'),
(326, 538, '2.90'),
(326, 744, '5.70'),
(326, 760, '1.70'),
(326, 762, '2.70'),
(326, 826, '2.10'),
(326, 866, '1.40'),
(326, 945, '2.30'),
(326, 974, '4.30'),
(327, 282, '1.90'),
(327, 868, '3.40'),
(327, 997, '5.10'),
(328, 45, '4.00'),
(328, 101, '3.80'),
(328, 135, '1.90'),
(328, 145, '1.10'),
(328, 236, '1.70'),
(328, 353, '5.30'),
(328, 390, '1.30'),
(328, 487, '5.90'),
(328, 501, '4.00'),
(328, 729, '4.30'),
(328, 968, '4.10'),
(329, 27, '4.50'),
(329, 102, '3.30'),
(329, 361, '4.70'),
(329, 556, '2.80'),
(329, 573, '5.30'),
(329, 748, '5.00'),
(329, 758, '4.30'),
(330, 96, '4.40'),
(330, 203, '3.60'),
(330, 333, '2.00'),
(330, 517, '2.90'),
(330, 576, '5.80'),
(330, 624, '3.70'),
(330, 644, '5.40'),
(330, 933, '4.10'),
(331, 280, '3.20'),
(331, 306, '2.60'),
(331, 438, '1.90'),
(331, 551, '5.20'),
(331, 651, '4.40'),
(331, 710, '4.10'),
(331, 787, '1.60'),
(331, 846, '2.80'),
(331, 862, '1.70'),
(331, 981, '5.60'),
(332, 135, '4.80'),
(332, 164, '4.00'),
(332, 189, '1.60'),
(332, 216, '4.00'),
(332, 377, '2.60'),
(332, 557, '2.60'),
(332, 610, '4.90'),
(332, 725, '3.70'),
(332, 788, '2.20'),
(332, 856, '2.10'),
(332, 872, '2.00'),
(333, 40, '3.20'),
(333, 71, '5.00'),
(333, 72, '5.90'),
(333, 293, '5.10'),
(333, 299, '3.90'),
(333, 374, '3.50'),
(333, 386, '3.20'),
(333, 555, '1.30'),
(333, 658, '2.80'),
(333, 705, '3.70'),
(333, 764, '2.80'),
(333, 873, '5.80'),
(333, 999, '2.20'),
(334, 83, '5.50'),
(334, 162, '4.00'),
(334, 199, '2.40'),
(334, 217, '1.70'),
(334, 224, '1.20'),
(334, 295, '4.50'),
(334, 371, '4.70'),
(334, 555, '4.20'),
(334, 640, '3.70'),
(334, 654, '3.70'),
(334, 789, '2.50'),
(334, 946, '1.80'),
(335, 68, '3.20'),
(335, 108, '5.70'),
(335, 277, '4.40'),
(335, 299, '5.40'),
(335, 397, '3.10'),
(335, 426, '5.60'),
(335, 433, '3.40'),
(335, 650, '2.20'),
(335, 760, '1.20'),
(335, 890, '2.80'),
(335, 911, '4.20'),
(336, 119, '2.50'),
(336, 309, '3.70'),
(336, 548, '5.90'),
(336, 570, '4.70'),
(336, 702, '5.30'),
(336, 753, '1.60'),
(336, 840, '4.60'),
(336, 1000, '5.40'),
(337, 30, '1.00'),
(337, 126, '3.00'),
(337, 196, '1.40'),
(337, 270, '2.40'),
(337, 399, '3.40'),
(337, 580, '1.90'),
(337, 610, '1.90'),
(337, 646, '2.30'),
(337, 695, '3.60'),
(337, 750, '2.70'),
(337, 823, '5.40'),
(337, 862, '4.90'),
(337, 910, '2.30'),
(337, 979, '2.80'),
(337, 984, '4.20'),
(338, 60, '2.90'),
(338, 105, '5.30'),
(338, 240, '3.40'),
(338, 258, '1.70'),
(338, 468, '3.30'),
(338, 493, '2.50'),
(338, 522, '3.20'),
(338, 561, '4.50'),
(338, 619, '5.80'),
(338, 624, '4.60'),
(338, 706, '5.10'),
(338, 814, '5.00'),
(338, 846, '5.00'),
(338, 887, '3.90'),
(338, 935, '5.60'),
(338, 961, '1.10'),
(339, 74, '4.50'),
(339, 116, '3.50'),
(339, 142, '1.10'),
(339, 264, '5.20'),
(339, 333, '3.80'),
(339, 478, '2.80'),
(339, 742, '1.30'),
(339, 758, '3.10'),
(339, 821, '5.30'),
(339, 843, '4.90'),
(340, 35, '5.80'),
(340, 253, '2.60'),
(340, 408, '3.80'),
(340, 437, '3.50'),
(340, 482, '3.60'),
(340, 494, '5.50'),
(340, 516, '3.90'),
(340, 533, '5.50'),
(340, 660, '3.40'),
(340, 737, '5.40'),
(340, 779, '4.00'),
(340, 836, '1.70'),
(340, 845, '3.00'),
(340, 876, '5.90'),
(341, 201, '2.20'),
(341, 304, '2.80'),
(341, 342, '2.70'),
(341, 479, '4.80'),
(341, 582, '4.50'),
(341, 619, '4.20'),
(341, 623, '5.10'),
(341, 748, '3.80'),
(341, 947, '5.10'),
(342, 124, '4.60'),
(342, 126, '4.50'),
(342, 213, '2.40'),
(342, 220, '2.10'),
(342, 357, '5.40'),
(342, 405, '2.10'),
(342, 595, '5.50'),
(342, 630, '5.90'),
(342, 634, '5.10'),
(342, 691, '3.20'),
(342, 774, '6.00'),
(342, 841, '6.00'),
(342, 967, '5.10'),
(343, 105, '4.40'),
(343, 120, '4.40'),
(343, 202, '2.30'),
(343, 203, '1.50'),
(343, 240, '2.40'),
(343, 309, '4.00'),
(343, 321, '5.30'),
(343, 333, '4.90'),
(343, 341, '3.80'),
(343, 351, '3.30'),
(343, 439, '1.10'),
(343, 577, '5.40'),
(343, 607, '1.30'),
(343, 698, '4.40'),
(343, 730, '3.80'),
(343, 737, '5.10'),
(343, 742, '5.40'),
(343, 773, '2.90'),
(343, 955, '3.40'),
(344, 42, '5.60'),
(344, 209, '1.20'),
(344, 266, '5.00'),
(344, 286, '3.00'),
(344, 463, '5.20'),
(344, 478, '2.40'),
(344, 564, '4.50'),
(344, 578, '5.80'),
(344, 631, '2.40'),
(344, 907, '1.70'),
(345, 103, '2.30'),
(345, 234, '1.10'),
(345, 237, '1.40'),
(345, 478, '3.90'),
(345, 570, '3.10'),
(345, 656, '2.90'),
(345, 755, '5.30'),
(345, 765, '5.40'),
(345, 939, '1.90'),
(345, 985, '4.00'),
(345, 993, '1.30'),
(346, 190, '2.30'),
(346, 328, '2.30'),
(346, 965, '3.40'),
(347, 369, '5.40'),
(347, 716, '5.00'),
(348, 99, '4.30'),
(348, 115, '3.90'),
(348, 192, '3.00'),
(348, 228, '5.70'),
(348, 375, '5.90'),
(348, 493, '4.50'),
(348, 536, '3.20'),
(348, 739, '3.50'),
(348, 753, '5.40'),
(348, 974, '5.00'),
(349, 194, '1.20'),
(349, 203, '5.40'),
(349, 205, '1.00'),
(349, 265, '1.00'),
(349, 346, '5.50'),
(349, 393, '5.70'),
(349, 483, '1.20'),
(349, 608, '1.40'),
(349, 619, '3.20'),
(349, 752, '3.70'),
(349, 860, '3.10'),
(350, 81, '4.10'),
(350, 123, '4.20'),
(350, 125, '5.10'),
(350, 135, '4.90'),
(350, 242, '3.10'),
(350, 539, '2.30'),
(350, 566, '4.60'),
(350, 630, '4.20'),
(350, 722, '3.50'),
(350, 766, '3.60'),
(350, 829, '5.50'),
(350, 834, '4.50'),
(351, 426, '3.20'),
(351, 443, '3.90'),
(351, 556, '1.10'),
(351, 672, '3.20'),
(351, 687, '4.00'),
(351, 752, '1.30'),
(351, 805, '1.70'),
(352, 83, '3.90'),
(352, 155, '3.00'),
(352, 268, '3.80'),
(352, 281, '3.40'),
(352, 328, '5.20'),
(352, 333, '1.20'),
(352, 634, '3.40'),
(352, 658, '2.00'),
(352, 741, '4.30'),
(352, 744, '3.20'),
(352, 749, '3.80'),
(352, 809, '5.70'),
(352, 869, '3.90'),
(352, 959, '5.40'),
(353, 63, '2.50'),
(353, 359, '4.90'),
(353, 423, '3.70'),
(353, 465, '1.40'),
(353, 477, '5.70'),
(353, 574, '5.90'),
(353, 655, '3.20'),
(353, 662, '3.40'),
(353, 747, '2.60'),
(353, 803, '5.60'),
(353, 953, '2.80'),
(354, 28, '3.90'),
(354, 51, '4.70'),
(354, 196, '3.60'),
(354, 477, '2.80'),
(354, 553, '4.30'),
(354, 611, '1.30'),
(354, 626, '1.20'),
(354, 682, '3.00'),
(354, 728, '2.90'),
(354, 798, '5.10'),
(355, 177, '1.80'),
(355, 189, '5.40'),
(355, 446, '2.80'),
(355, 645, '4.20'),
(355, 673, '4.20'),
(355, 696, '5.60'),
(355, 839, '4.40'),
(355, 853, '5.30'),
(356, 127, '5.50'),
(356, 260, '2.30'),
(356, 449, '2.30'),
(356, 461, '2.10'),
(356, 499, '5.50'),
(356, 564, '5.00'),
(356, 637, '1.60'),
(356, 679, '3.30'),
(356, 719, '3.60'),
(357, 155, '2.80'),
(357, 349, '4.40'),
(357, 435, '2.40'),
(357, 445, '1.40'),
(357, 507, '1.20'),
(357, 570, '1.60'),
(357, 639, '3.60'),
(357, 698, '3.00'),
(357, 727, '3.50'),
(357, 770, '2.50'),
(357, 969, '5.50'),
(357, 986, '3.60'),
(358, 32, '5.40'),
(358, 71, '2.10'),
(358, 90, '4.70'),
(358, 172, '3.50'),
(358, 445, '4.20'),
(358, 474, '1.40'),
(358, 568, '5.40'),
(358, 639, '1.80'),
(358, 686, '5.10'),
(358, 721, '1.40'),
(359, 452, '2.60'),
(359, 613, '5.60'),
(359, 712, '1.70'),
(359, 770, '1.80'),
(359, 774, '5.50'),
(359, 807, '1.10'),
(359, 846, '2.60'),
(359, 885, '3.40'),
(360, 37, '3.90'),
(360, 94, '3.10'),
(360, 171, '2.20'),
(360, 540, '2.10'),
(360, 597, '3.00'),
(360, 634, '4.30'),
(360, 800, '1.40'),
(360, 965, '1.10'),
(361, 175, '2.10'),
(361, 254, '5.00'),
(361, 290, '5.10'),
(361, 358, '3.10'),
(361, 384, '1.40'),
(361, 412, '6.00'),
(361, 756, '2.70'),
(362, 110, '5.00'),
(362, 117, '1.70'),
(362, 325, '1.00'),
(362, 462, '5.80'),
(362, 655, '1.10'),
(362, 704, '2.50'),
(362, 724, '2.50'),
(362, 748, '1.90'),
(362, 824, '5.10'),
(362, 844, '5.30'),
(362, 972, '5.50'),
(362, 994, '2.10'),
(363, 157, '5.30'),
(363, 495, '1.30'),
(363, 512, '3.40'),
(363, 980, '2.10'),
(364, 127, '2.10'),
(364, 133, '4.40'),
(364, 135, '3.20'),
(364, 157, '2.40'),
(364, 253, '1.70'),
(364, 507, '4.50'),
(364, 601, '4.40'),
(364, 627, '5.70'),
(364, 826, '5.20'),
(364, 844, '1.30'),
(365, 99, '3.40'),
(365, 128, '5.00'),
(365, 142, '3.40'),
(365, 240, '2.90'),
(365, 280, '4.80'),
(365, 306, '2.50'),
(365, 322, '5.80'),
(365, 333, '4.90'),
(365, 383, '1.10'),
(365, 473, '5.50'),
(365, 574, '5.70'),
(365, 816, '3.60'),
(365, 826, '5.40'),
(366, 69, '5.70'),
(366, 244, '1.30'),
(366, 441, '1.90'),
(366, 549, '3.40'),
(366, 575, '3.10'),
(366, 626, '3.50'),
(366, 695, '3.70'),
(366, 757, '2.30'),
(366, 768, '4.40'),
(366, 896, '4.60'),
(366, 959, '2.00'),
(366, 991, '2.70'),
(367, 53, '3.00'),
(367, 68, '2.00'),
(367, 164, '1.30'),
(367, 169, '5.10'),
(367, 192, '3.80'),
(367, 305, '4.30'),
(367, 394, '3.50'),
(367, 400, '5.00'),
(367, 449, '3.20'),
(367, 469, '1.50'),
(367, 484, '1.60'),
(367, 523, '4.80'),
(367, 556, '5.00'),
(367, 589, '1.80'),
(367, 741, '1.50'),
(367, 770, '4.40'),
(367, 841, '3.00'),
(367, 938, '3.30'),
(367, 969, '1.80'),
(368, 81, '5.00'),
(368, 108, '3.90'),
(368, 110, '3.50'),
(368, 124, '4.10'),
(368, 237, '4.00'),
(368, 248, '4.70'),
(368, 307, '5.30'),
(368, 318, '2.50'),
(368, 469, '1.60'),
(368, 703, '2.80'),
(368, 974, '5.70'),
(369, 102, '4.50'),
(369, 176, '3.40'),
(369, 257, '4.50'),
(369, 331, '3.50'),
(369, 346, '4.20'),
(369, 548, '3.60'),
(369, 712, '5.70'),
(369, 773, '5.70'),
(369, 833, '3.40'),
(369, 884, '3.90'),
(369, 890, '3.90'),
(369, 940, '5.90'),
(370, 96, '3.10'),
(370, 108, '5.00'),
(370, 248, '4.80'),
(370, 361, '4.90'),
(370, 372, '3.40'),
(370, 687, '2.00'),
(370, 782, '2.50'),
(370, 832, '1.30'),
(370, 851, '1.40'),
(370, 907, '4.80'),
(371, 136, '2.90'),
(371, 581, '4.20'),
(371, 590, '2.40'),
(371, 819, '3.70'),
(371, 840, '5.50'),
(371, 963, '3.30'),
(371, 989, '2.30'),
(372, 43, '3.70'),
(372, 65, '4.10'),
(372, 76, '5.50'),
(372, 133, '5.90'),
(372, 146, '4.80'),
(372, 459, '3.00'),
(372, 524, '4.70'),
(372, 644, '5.10'),
(372, 664, '3.60'),
(372, 977, '2.70'),
(373, 165, '2.60'),
(373, 175, '3.70'),
(373, 394, '3.00'),
(373, 608, '5.90'),
(373, 718, '3.60'),
(373, 815, '5.60'),
(373, 993, '1.20'),
(374, 50, '3.40'),
(374, 98, '4.10'),
(374, 137, '3.40'),
(374, 150, '3.20'),
(374, 334, '5.80'),
(374, 368, '3.90'),
(374, 418, '3.30'),
(374, 419, '3.50'),
(374, 437, '2.10'),
(374, 542, '5.90'),
(374, 689, '3.30'),
(374, 785, '1.50'),
(374, 858, '2.80'),
(374, 985, '4.40'),
(375, 38, '5.80'),
(375, 74, '2.00'),
(375, 270, '3.10'),
(375, 288, '2.00'),
(375, 293, '4.10'),
(375, 316, '1.70'),
(375, 334, '3.00'),
(375, 570, '2.40'),
(375, 625, '4.00'),
(375, 668, '1.60'),
(375, 992, '5.50'),
(375, 994, '4.10'),
(376, 265, '1.10'),
(376, 307, '2.70'),
(376, 506, '4.60'),
(376, 575, '1.80'),
(376, 596, '1.50'),
(376, 608, '3.10'),
(376, 756, '2.50'),
(377, 351, '4.50'),
(377, 458, '4.50'),
(377, 711, '3.80'),
(377, 798, '3.00'),
(377, 975, '2.50'),
(378, 110, '2.10'),
(378, 243, '5.90'),
(378, 395, '1.90'),
(378, 398, '3.10'),
(378, 538, '5.90'),
(378, 711, '1.10'),
(378, 722, '2.70'),
(378, 747, '1.70'),
(378, 766, '1.70'),
(378, 788, '3.90'),
(378, 800, '4.10'),
(378, 842, '4.20'),
(378, 873, '3.20'),
(379, 83, '1.90'),
(379, 86, '4.60'),
(379, 267, '1.90'),
(379, 304, '2.30'),
(379, 326, '3.50'),
(379, 351, '5.20'),
(379, 376, '4.00'),
(379, 457, '1.40'),
(379, 500, '1.30'),
(379, 722, '5.00'),
(379, 780, '4.10'),
(379, 803, '1.80'),
(379, 877, '1.30'),
(379, 918, '2.40'),
(380, 190, '5.70'),
(380, 193, '4.40'),
(380, 232, '1.80'),
(380, 489, '1.90'),
(380, 525, '5.50'),
(380, 708, '5.80'),
(380, 829, '5.70'),
(380, 889, '5.70'),
(380, 996, '4.00'),
(381, 112, '1.90'),
(381, 148, '2.70'),
(381, 321, '4.40'),
(381, 337, '1.10'),
(381, 373, '4.40'),
(381, 464, '1.10'),
(381, 612, '1.60'),
(381, 765, '1.70'),
(381, 786, '1.20'),
(381, 812, '4.40'),
(381, 974, '5.60'),
(381, 979, '5.00'),
(382, 138, '1.50'),
(382, 158, '5.20'),
(382, 246, '3.80'),
(382, 265, '4.50'),
(382, 284, '2.00'),
(382, 295, '2.00'),
(382, 435, '5.20'),
(382, 646, '1.80'),
(382, 802, '2.10'),
(383, 111, '4.50'),
(383, 138, '1.20'),
(383, 160, '2.00'),
(383, 186, '5.30'),
(383, 222, '2.40'),
(383, 295, '1.90'),
(383, 329, '1.40'),
(383, 372, '3.90'),
(383, 401, '1.10'),
(383, 458, '3.30'),
(383, 470, '3.50'),
(383, 481, '1.60'),
(383, 524, '3.00'),
(383, 555, '3.00'),
(383, 610, '1.00'),
(383, 618, '2.90'),
(383, 818, '3.60'),
(383, 998, '2.00'),
(384, 174, '2.40'),
(384, 223, '3.60'),
(384, 451, '4.50'),
(384, 522, '2.70'),
(384, 745, '3.10'),
(384, 967, '2.20'),
(385, 157, '3.10'),
(385, 197, '1.10'),
(385, 354, '4.80'),
(385, 371, '5.50'),
(385, 728, '2.60'),
(385, 996, '4.70'),
(386, 62, '5.20'),
(386, 99, '4.20'),
(386, 185, '2.80'),
(386, 404, '4.70'),
(386, 450, '2.10'),
(386, 563, '5.10'),
(386, 600, '3.40'),
(386, 636, '5.00'),
(386, 661, '5.50'),
(386, 672, '5.20'),
(386, 730, '1.20'),
(386, 824, '5.50'),
(386, 885, '2.90'),
(386, 893, '3.60'),
(387, 47, '1.90'),
(387, 779, '5.90'),
(388, 145, '3.40'),
(388, 172, '2.20'),
(388, 397, '4.70'),
(388, 419, '4.00'),
(388, 469, '4.50'),
(388, 485, '2.70'),
(388, 523, '1.40'),
(388, 587, '2.70'),
(388, 693, '2.50'),
(388, 721, '4.10'),
(388, 764, '1.10'),
(388, 864, '1.10'),
(388, 873, '1.90'),
(388, 951, '4.10'),
(389, 25, '3.90'),
(389, 47, '2.40'),
(389, 139, '5.90'),
(389, 308, '5.90'),
(389, 385, '2.50'),
(389, 390, '4.60'),
(389, 634, '2.50'),
(389, 640, '4.80'),
(389, 845, '1.30'),
(389, 981, '1.20'),
(390, 360, '2.30'),
(390, 375, '2.00'),
(390, 532, '5.60'),
(390, 547, '4.10'),
(390, 572, '1.40'),
(390, 654, '5.80'),
(390, 666, '4.40'),
(390, 870, '1.70'),
(390, 911, '3.30'),
(390, 994, '2.80'),
(391, 142, '3.40'),
(391, 144, '1.80'),
(391, 162, '3.60'),
(391, 298, '1.30'),
(391, 453, '2.20'),
(391, 491, '4.40'),
(391, 541, '3.50'),
(391, 712, '4.20'),
(391, 861, '4.00'),
(391, 941, '1.60'),
(392, 73, '4.60'),
(392, 92, '3.40'),
(392, 224, '4.40'),
(392, 283, '4.70'),
(392, 440, '1.40'),
(392, 461, '1.20'),
(392, 505, '4.30'),
(392, 542, '4.90'),
(392, 565, '4.90'),
(392, 593, '4.90'),
(392, 842, '5.50'),
(392, 989, '3.20'),
(393, 95, '2.00'),
(393, 168, '4.30'),
(393, 342, '1.50'),
(393, 616, '2.40'),
(393, 775, '2.50'),
(393, 852, '5.30'),
(394, 131, '4.70'),
(394, 256, '1.40'),
(394, 300, '4.90'),
(394, 429, '5.90'),
(394, 463, '4.80'),
(394, 580, '3.60'),
(394, 640, '4.50'),
(394, 709, '3.40'),
(394, 868, '3.50'),
(394, 922, '2.90'),
(394, 927, '4.80'),
(395, 42, '4.30'),
(395, 341, '2.80'),
(395, 408, '2.00'),
(395, 432, '1.30'),
(395, 475, '3.40'),
(395, 606, '3.60'),
(395, 705, '1.10'),
(395, 751, '2.40'),
(395, 914, '1.00'),
(395, 991, '5.60'),
(396, 72, '4.70'),
(396, 183, '2.60'),
(396, 190, '5.50'),
(396, 347, '5.10'),
(396, 427, '1.00'),
(396, 457, '4.10'),
(396, 541, '5.80'),
(396, 590, '4.20'),
(396, 656, '2.60'),
(396, 736, '2.00'),
(396, 832, '5.90'),
(397, 59, '5.90'),
(397, 73, '5.30'),
(397, 218, '2.60'),
(397, 222, '1.90'),
(397, 263, '3.20'),
(397, 447, '1.10'),
(397, 567, '2.70'),
(397, 610, '5.20'),
(397, 636, '5.70'),
(397, 883, '3.00'),
(397, 916, '1.10'),
(397, 955, '2.40'),
(398, 166, '2.20'),
(398, 225, '3.60'),
(398, 324, '4.40'),
(398, 833, '4.40'),
(399, 58, '3.70'),
(399, 309, '5.40'),
(399, 345, '4.50'),
(399, 397, '5.70'),
(399, 447, '1.90'),
(399, 469, '5.40'),
(399, 470, '1.60'),
(399, 499, '1.80'),
(399, 503, '5.00'),
(399, 571, '4.60'),
(399, 586, '5.70'),
(399, 690, '3.20'),
(399, 873, '3.50'),
(399, 996, '4.80'),
(400, 42, '1.70'),
(400, 123, '3.60'),
(400, 370, '4.30'),
(400, 616, '3.30'),
(400, 629, '4.40'),
(400, 664, '4.30'),
(400, 871, '5.40'),
(401, 215, '3.90'),
(401, 312, '2.50'),
(401, 664, '3.20'),
(401, 671, '2.50'),
(401, 738, '2.80'),
(401, 882, '5.20'),
(402, 53, '1.70'),
(402, 91, '1.50'),
(402, 104, '4.80'),
(402, 164, '6.00'),
(402, 171, '3.00'),
(402, 236, '4.10'),
(402, 244, '4.10'),
(402, 251, '1.60'),
(402, 291, '4.20'),
(402, 439, '5.30'),
(402, 542, '3.30'),
(402, 585, '1.60'),
(402, 606, '5.00'),
(402, 710, '3.60'),
(402, 725, '2.00'),
(403, 70, '5.00'),
(403, 97, '5.10'),
(403, 178, '4.70'),
(403, 220, '3.00'),
(403, 246, '4.70'),
(403, 289, '4.50'),
(403, 296, '5.80'),
(403, 312, '1.60'),
(403, 343, '3.10'),
(403, 344, '3.40'),
(403, 502, '2.20'),
(403, 544, '3.10'),
(403, 578, '1.80'),
(403, 741, '4.10'),
(403, 789, '5.90'),
(403, 984, '4.70'),
(404, 54, '1.50'),
(404, 115, '6.00'),
(404, 195, '3.20'),
(404, 201, '5.90'),
(404, 247, '3.00'),
(404, 279, '4.60'),
(404, 284, '4.20'),
(404, 374, '1.60'),
(404, 584, '2.70'),
(405, 26, '4.30'),
(405, 83, '3.30'),
(405, 119, '4.20'),
(405, 199, '3.50'),
(405, 534, '1.60'),
(405, 558, '5.80'),
(405, 562, '4.60'),
(405, 576, '4.80'),
(405, 614, '2.60'),
(405, 649, '5.10'),
(405, 684, '2.80'),
(405, 702, '1.80'),
(405, 837, '4.30'),
(405, 872, '5.30'),
(405, 877, '2.90'),
(405, 946, '4.80'),
(406, 72, '2.20'),
(406, 92, '4.70'),
(406, 98, '3.60'),
(406, 184, '5.20'),
(406, 253, '3.70'),
(406, 317, '1.30'),
(406, 402, '5.60'),
(406, 454, '4.50'),
(406, 481, '2.20'),
(406, 500, '1.80'),
(406, 706, '1.40'),
(406, 787, '2.20'),
(406, 852, '4.20'),
(406, 945, '2.90'),
(406, 967, '5.50'),
(407, 67, '3.00'),
(407, 76, '3.20'),
(407, 109, '5.60'),
(407, 465, '2.30'),
(408, 170, '5.70'),
(408, 302, '3.50'),
(408, 320, '4.20'),
(408, 323, '1.50'),
(408, 479, '4.50'),
(408, 588, '4.00'),
(408, 641, '5.70'),
(408, 688, '3.80'),
(409, 90, '5.20'),
(409, 93, '2.70'),
(409, 131, '2.30'),
(409, 191, '5.80'),
(409, 230, '1.10'),
(409, 285, '4.40'),
(409, 306, '1.20'),
(409, 587, '3.40'),
(409, 633, '2.40'),
(409, 726, '4.50'),
(409, 733, '2.40'),
(409, 804, '6.00'),
(409, 805, '6.00'),
(409, 949, '3.70'),
(409, 957, '4.70'),
(410, 168, '4.10'),
(410, 283, '5.40'),
(410, 284, '2.30'),
(410, 472, '4.30'),
(410, 513, '2.70'),
(410, 570, '1.40'),
(410, 590, '3.10'),
(410, 717, '3.40'),
(410, 825, '3.50'),
(410, 931, '3.70'),
(410, 992, '3.80'),
(411, 38, '6.00'),
(411, 125, '5.10'),
(411, 131, '3.20'),
(411, 218, '2.90'),
(411, 314, '4.10'),
(411, 418, '4.40'),
(411, 483, '4.30'),
(411, 630, '1.30'),
(411, 655, '5.20'),
(411, 735, '2.60'),
(411, 756, '5.10'),
(411, 801, '1.60'),
(411, 994, '1.30'),
(412, 194, '2.10'),
(412, 200, '2.20'),
(412, 308, '5.20'),
(412, 346, '3.80'),
(412, 450, '2.40'),
(412, 463, '3.90'),
(412, 500, '2.90'),
(412, 509, '5.30'),
(412, 551, '1.30'),
(412, 635, '2.20'),
(412, 715, '3.80'),
(412, 727, '2.90'),
(412, 741, '1.80'),
(413, 379, '5.00'),
(413, 449, '4.30'),
(413, 478, '2.70'),
(413, 518, '2.90'),
(413, 560, '3.50'),
(413, 617, '4.60'),
(413, 773, '3.90'),
(413, 926, '5.20'),
(413, 976, '4.50'),
(414, 80, '5.50'),
(414, 194, '5.20'),
(414, 211, '1.40'),
(414, 287, '5.10'),
(414, 294, '3.70'),
(414, 409, '5.60'),
(414, 426, '2.90'),
(414, 478, '3.80'),
(414, 515, '4.60'),
(414, 520, '4.40'),
(414, 638, '4.40'),
(414, 671, '3.50'),
(414, 948, '3.50'),
(415, 43, '6.00'),
(415, 132, '4.10'),
(415, 166, '1.70'),
(415, 227, '3.60'),
(415, 322, '5.50'),
(415, 465, '2.00'),
(415, 517, '1.10'),
(415, 690, '1.40'),
(415, 707, '3.50'),
(415, 986, '5.50'),
(416, 34, '3.60'),
(416, 36, '4.40'),
(416, 167, '3.20'),
(416, 186, '1.60'),
(416, 188, '4.30'),
(416, 224, '2.10'),
(416, 250, '3.80'),
(416, 255, '2.80'),
(416, 360, '4.80'),
(416, 408, '5.10'),
(416, 661, '3.50'),
(416, 689, '1.80'),
(416, 766, '5.60'),
(416, 810, '4.00'),
(417, 45, '5.50'),
(417, 47, '5.80'),
(417, 216, '6.00'),
(417, 408, '3.50'),
(417, 527, '2.00'),
(417, 606, '2.60'),
(417, 773, '4.00'),
(417, 818, '1.20'),
(417, 939, '2.50'),
(418, 79, '5.40'),
(418, 102, '1.80'),
(418, 105, '1.50'),
(418, 139, '2.70'),
(418, 182, '1.10'),
(418, 343, '4.40'),
(418, 400, '3.10'),
(418, 433, '5.70'),
(418, 479, '4.00'),
(418, 646, '3.50'),
(418, 713, '4.70'),
(418, 832, '2.80'),
(419, 68, '4.40'),
(419, 250, '2.10'),
(419, 512, '1.80'),
(419, 589, '3.10'),
(419, 718, '2.30'),
(419, 779, '3.70'),
(419, 805, '4.00'),
(419, 821, '2.00'),
(419, 832, '1.70'),
(419, 879, '5.40'),
(419, 896, '5.00'),
(419, 919, '2.70'),
(419, 982, '1.20'),
(420, 101, '3.50'),
(420, 112, '4.30'),
(420, 139, '3.40'),
(420, 169, '3.60'),
(420, 238, '2.10'),
(420, 285, '1.80'),
(420, 292, '3.10'),
(420, 317, '4.70'),
(420, 320, '5.90'),
(420, 652, '3.30'),
(420, 683, '4.90'),
(420, 726, '3.80'),
(420, 767, '2.20'),
(420, 868, '4.20'),
(421, 41, '4.20'),
(421, 116, '1.40'),
(421, 121, '2.20'),
(421, 310, '1.50'),
(421, 367, '3.40'),
(421, 385, '4.70'),
(421, 491, '5.60'),
(421, 533, '4.90'),
(421, 554, '3.80'),
(421, 696, '1.60'),
(421, 763, '3.60'),
(421, 853, '5.10'),
(421, 959, '2.30'),
(422, 54, '4.80'),
(422, 109, '3.70'),
(422, 138, '3.20'),
(422, 259, '4.30'),
(422, 292, '1.30'),
(422, 357, '3.00'),
(422, 413, '2.40'),
(422, 456, '1.30'),
(422, 536, '2.80'),
(422, 551, '1.70'),
(422, 561, '3.70'),
(422, 598, '5.30'),
(422, 604, '2.90'),
(422, 832, '2.00'),
(422, 921, '1.10'),
(423, 29, '2.50'),
(423, 77, '2.80'),
(423, 298, '4.30'),
(423, 412, '3.40'),
(423, 448, '5.20'),
(423, 582, '2.60'),
(423, 585, '1.70'),
(423, 683, '3.90'),
(423, 783, '1.40'),
(423, 807, '3.70'),
(424, 63, '2.30'),
(424, 99, '1.30'),
(424, 105, '3.20'),
(424, 130, '2.00'),
(424, 248, '5.50'),
(424, 305, '3.20'),
(424, 530, '5.80'),
(424, 686, '3.40'),
(424, 738, '2.00'),
(424, 762, '2.50'),
(424, 902, '2.80'),
(425, 25, '2.20'),
(425, 105, '2.30'),
(425, 118, '1.70'),
(425, 134, '1.80'),
(425, 244, '4.30'),
(425, 270, '3.70'),
(425, 715, '1.90'),
(425, 796, '1.00'),
(425, 900, '1.80'),
(426, 27, '2.60'),
(426, 105, '3.50'),
(426, 131, '3.40'),
(426, 209, '4.10'),
(426, 214, '4.80'),
(426, 307, '5.20'),
(426, 463, '5.50'),
(426, 589, '4.30'),
(426, 594, '2.90'),
(426, 633, '5.90'),
(426, 647, '3.20'),
(426, 719, '5.70'),
(426, 745, '2.50'),
(426, 755, '4.40'),
(426, 762, '5.00'),
(426, 799, '4.80'),
(426, 925, '4.40'),
(427, 90, '4.00'),
(427, 354, '3.30'),
(427, 422, '2.20'),
(427, 431, '5.70'),
(427, 522, '3.30'),
(427, 527, '3.90'),
(427, 536, '4.30'),
(427, 757, '2.70'),
(427, 784, '5.40'),
(427, 819, '2.20'),
(427, 864, '5.90'),
(427, 893, '1.00'),
(427, 952, '3.40'),
(427, 998, '5.10'),
(428, 116, '4.00'),
(428, 211, '5.10'),
(428, 341, '5.50'),
(428, 347, '2.10'),
(428, 373, '5.00'),
(428, 399, '5.70'),
(428, 580, '5.10'),
(428, 643, '3.50'),
(428, 745, '5.80'),
(428, 873, '4.40'),
(429, 234, '2.30'),
(429, 257, '5.50'),
(429, 387, '1.70'),
(429, 392, '1.10'),
(429, 403, '2.30'),
(429, 460, '5.80'),
(429, 511, '2.90'),
(429, 627, '4.20'),
(429, 998, '5.40'),
(430, 80, '2.30'),
(430, 269, '5.60'),
(430, 455, '2.90'),
(430, 578, '5.90'),
(430, 865, '2.50'),
(431, 70, '3.50'),
(431, 97, '3.80'),
(431, 179, '3.50'),
(431, 213, '3.70'),
(431, 277, '2.10'),
(431, 381, '6.00'),
(431, 391, '2.70'),
(431, 521, '5.90'),
(431, 524, '1.50'),
(431, 598, '2.30'),
(431, 600, '4.30'),
(431, 772, '3.00'),
(431, 807, '4.30'),
(431, 826, '3.20'),
(431, 845, '1.70'),
(431, 884, '4.10'),
(431, 895, '3.00'),
(431, 960, '2.50'),
(432, 42, '5.40'),
(432, 105, '5.90'),
(432, 298, '3.60'),
(432, 352, '3.20'),
(432, 388, '2.60'),
(432, 659, '1.70'),
(432, 830, '1.00'),
(433, 22, '1.10'),
(433, 70, '4.70'),
(433, 156, '2.20'),
(433, 245, '3.10'),
(433, 422, '4.20'),
(433, 528, '4.20'),
(433, 574, '1.40'),
(433, 740, '3.30'),
(433, 755, '2.20'),
(433, 764, '2.90'),
(433, 781, '3.30'),
(434, 153, '5.90'),
(434, 197, '4.10'),
(434, 221, '4.00'),
(434, 226, '4.20'),
(434, 421, '1.50'),
(434, 441, '4.10'),
(434, 446, '1.80'),
(434, 533, '4.40'),
(434, 570, '3.50'),
(434, 704, '2.50'),
(434, 742, '1.40'),
(434, 767, '3.50'),
(434, 902, '5.20'),
(434, 909, '3.40'),
(434, 917, '3.60'),
(434, 968, '5.70'),
(435, 70, '4.20'),
(435, 97, '3.00'),
(435, 162, '1.10'),
(435, 665, '5.10'),
(435, 703, '4.80'),
(435, 832, '5.60'),
(435, 950, '1.70'),
(436, 112, '1.60'),
(436, 314, '1.00'),
(436, 325, '2.80'),
(436, 327, '2.60'),
(436, 619, '4.50'),
(436, 624, '4.90'),
(436, 716, '5.30'),
(437, 234, '4.80'),
(437, 320, '4.00'),
(437, 380, '4.20'),
(437, 423, '4.40'),
(437, 454, '2.50'),
(437, 471, '4.10'),
(437, 632, '3.40'),
(437, 713, '5.20'),
(437, 810, '3.90'),
(437, 827, '1.30'),
(437, 887, '5.80'),
(438, 136, '2.30'),
(438, 263, '5.30'),
(438, 273, '3.00'),
(438, 298, '2.90'),
(438, 338, '4.30'),
(438, 665, '4.30'),
(438, 672, '5.30'),
(438, 844, '1.30'),
(438, 876, '3.40'),
(438, 910, '2.60'),
(438, 930, '1.70'),
(438, 963, '1.70'),
(439, 58, '4.00'),
(439, 273, '2.80'),
(439, 432, '1.70'),
(439, 534, '4.90'),
(439, 593, '3.40'),
(439, 643, '1.70'),
(439, 674, '2.20'),
(439, 861, '5.60'),
(440, 158, '2.60'),
(440, 203, '2.80'),
(440, 229, '1.10'),
(440, 342, '1.10'),
(440, 393, '1.90'),
(440, 597, '2.10'),
(440, 686, '3.30'),
(440, 711, '4.70'),
(440, 756, '5.90'),
(440, 779, '5.30'),
(440, 816, '1.70'),
(441, 29, '5.10'),
(441, 131, '3.70'),
(441, 172, '3.40'),
(441, 289, '1.30'),
(441, 368, '5.30'),
(441, 621, '3.60'),
(441, 683, '1.70'),
(441, 737, '1.50'),
(441, 810, '4.60'),
(441, 848, '5.90'),
(441, 867, '2.00'),
(442, 59, '5.10'),
(442, 159, '4.90'),
(442, 286, '2.10'),
(442, 303, '2.70'),
(442, 350, '4.70'),
(442, 370, '3.70'),
(442, 379, '5.90'),
(442, 449, '2.00'),
(442, 457, '5.90'),
(442, 802, '2.70'),
(442, 804, '1.10'),
(442, 942, '3.70'),
(443, 187, '1.00'),
(443, 276, '3.70'),
(443, 397, '1.90'),
(443, 398, '1.90'),
(443, 432, '2.10'),
(443, 459, '1.40'),
(443, 515, '2.90'),
(443, 663, '4.90'),
(443, 786, '3.50'),
(443, 816, '2.80'),
(443, 823, '3.10'),
(444, 44, '4.80'),
(444, 83, '5.10'),
(444, 109, '3.30'),
(444, 167, '3.00'),
(444, 589, '4.60'),
(444, 595, '5.20'),
(444, 614, '3.70'),
(444, 653, '3.40'),
(444, 700, '4.10'),
(444, 780, '3.60'),
(445, 150, '5.70'),
(445, 219, '5.00'),
(445, 297, '1.40'),
(445, 355, '4.30'),
(445, 604, '2.50'),
(445, 661, '4.10'),
(445, 757, '1.90'),
(445, 871, '4.70'),
(445, 968, '1.00'),
(446, 28, '4.60'),
(446, 40, '4.50'),
(446, 161, '4.90'),
(446, 305, '5.20'),
(446, 378, '3.30'),
(446, 681, '5.30'),
(446, 895, '1.50'),
(446, 952, '5.10'),
(446, 959, '2.70'),
(447, 51, '1.80'),
(447, 146, '5.50'),
(447, 253, '2.10'),
(447, 338, '5.60'),
(447, 397, '2.60'),
(447, 563, '5.20'),
(447, 674, '5.20'),
(447, 779, '4.30'),
(447, 947, '2.40'),
(447, 978, '1.40'),
(448, 236, '5.80'),
(448, 417, '4.90'),
(449, 116, '1.60'),
(449, 230, '5.90'),
(449, 451, '1.80'),
(449, 584, '4.40'),
(449, 606, '5.00'),
(449, 693, '5.80'),
(449, 750, '3.10'),
(449, 770, '2.10'),
(449, 790, '2.20'),
(449, 912, '3.60'),
(449, 991, '1.50'),
(450, 83, '1.50'),
(450, 115, '4.60'),
(450, 314, '3.80'),
(450, 343, '3.70'),
(450, 366, '2.60'),
(450, 432, '5.20'),
(450, 508, '5.60'),
(450, 630, '3.80'),
(450, 652, '5.40'),
(450, 678, '5.10'),
(450, 773, '2.90'),
(450, 951, '4.60'),
(451, 292, '4.80'),
(451, 527, '1.30'),
(451, 622, '2.60'),
(451, 662, '4.60'),
(451, 714, '4.20'),
(451, 718, '3.60'),
(451, 756, '3.90'),
(451, 796, '1.60'),
(451, 951, '3.90'),
(452, 50, '2.70'),
(452, 163, '6.00'),
(452, 230, '5.10'),
(452, 272, '1.10'),
(452, 281, '5.90'),
(452, 312, '5.50'),
(452, 317, '1.50'),
(452, 486, '1.90'),
(452, 530, '5.50'),
(452, 736, '4.90'),
(452, 780, '5.90'),
(452, 808, '3.00'),
(452, 910, '2.90'),
(452, 980, '5.70'),
(453, 62, '1.40'),
(453, 76, '3.40'),
(453, 113, '2.20'),
(453, 157, '5.00'),
(453, 270, '1.20'),
(453, 373, '2.50'),
(453, 396, '5.30'),
(453, 469, '5.70'),
(453, 534, '5.50'),
(453, 803, '2.30'),
(453, 845, '1.50'),
(453, 937, '2.00'),
(454, 87, '4.00'),
(454, 90, '2.20'),
(454, 428, '2.80'),
(454, 523, '3.80'),
(454, 596, '3.70'),
(454, 608, '3.90'),
(454, 740, '4.90'),
(454, 756, '3.10'),
(454, 866, '5.10'),
(454, 961, '4.90'),
(455, 51, '4.50'),
(455, 77, '2.60'),
(455, 134, '1.90'),
(455, 190, '4.60'),
(455, 243, '3.20'),
(455, 444, '5.20'),
(455, 570, '5.30'),
(455, 693, '1.60'),
(455, 774, '5.90'),
(456, 35, '5.80'),
(456, 143, '5.70'),
(456, 152, '1.50'),
(456, 348, '4.40'),
(456, 375, '2.70'),
(456, 384, '1.20'),
(456, 389, '4.90'),
(456, 401, '1.50'),
(456, 546, '5.10'),
(456, 725, '5.10'),
(456, 744, '5.00'),
(456, 794, '5.20'),
(456, 934, '5.40'),
(456, 998, '2.60'),
(457, 49, '5.40'),
(457, 74, '1.70'),
(457, 130, '1.80'),
(457, 168, '5.30'),
(457, 179, '5.10'),
(457, 230, '5.80'),
(457, 260, '2.90'),
(457, 314, '2.50'),
(457, 425, '4.20'),
(457, 442, '5.00'),
(457, 497, '1.90'),
(457, 759, '1.20'),
(457, 881, '2.10'),
(457, 909, '3.70'),
(457, 930, '4.60'),
(458, 61, '5.50'),
(458, 89, '3.60'),
(458, 138, '5.60'),
(458, 326, '4.70'),
(458, 356, '2.30'),
(458, 527, '3.90'),
(458, 556, '2.40'),
(458, 607, '3.60'),
(458, 633, '1.40'),
(458, 668, '3.10'),
(458, 686, '5.30'),
(458, 705, '5.00'),
(458, 715, '2.60'),
(458, 838, '3.40'),
(458, 877, '2.00'),
(458, 966, '2.60'),
(459, 225, '5.20'),
(459, 266, '1.70'),
(459, 475, '4.40'),
(459, 563, '2.10'),
(459, 757, '1.40'),
(459, 785, '4.10'),
(460, 67, '5.10'),
(460, 114, '4.80'),
(460, 241, '5.00'),
(460, 292, '3.10'),
(460, 545, '3.30'),
(460, 698, '5.00'),
(460, 722, '5.30'),
(460, 897, '1.60'),
(461, 90, '4.70'),
(461, 126, '5.60'),
(461, 131, '3.40'),
(461, 349, '1.20'),
(461, 383, '3.40'),
(461, 441, '4.20'),
(461, 443, '1.00'),
(461, 522, '2.20'),
(461, 636, '4.40'),
(461, 840, '5.00'),
(461, 878, '1.80'),
(461, 981, '3.00'),
(462, 47, '4.50'),
(462, 155, '3.10'),
(462, 207, '1.60'),
(462, 229, '5.50'),
(462, 335, '2.30'),
(462, 343, '2.70'),
(462, 553, '3.00'),
(462, 776, '4.00'),
(462, 841, '4.60'),
(462, 875, '3.90'),
(462, 993, '3.30'),
(463, 352, '3.70'),
(463, 627, '2.30'),
(463, 699, '1.70'),
(463, 707, '4.80'),
(463, 720, '2.90'),
(463, 749, '5.80'),
(463, 894, '1.70'),
(463, 913, '4.40'),
(463, 976, '4.80'),
(464, 154, '2.30'),
(464, 161, '3.50'),
(464, 240, '3.90'),
(464, 289, '2.00'),
(464, 416, '4.00'),
(464, 567, '4.60'),
(464, 709, '3.70'),
(464, 865, '3.80'),
(465, 146, '4.70'),
(465, 531, '3.80'),
(465, 615, '5.30'),
(465, 856, '3.40'),
(465, 884, '3.60'),
(465, 923, '3.20'),
(466, 56, '1.90'),
(466, 319, '5.20'),
(466, 358, '3.00'),
(466, 409, '2.40'),
(466, 437, '2.50'),
(466, 559, '4.70'),
(466, 567, '1.30'),
(466, 647, '1.60'),
(466, 684, '1.90'),
(466, 713, '5.60'),
(467, 37, '4.80'),
(467, 102, '2.00'),
(467, 109, '2.40'),
(467, 214, '2.40'),
(467, 445, '2.00'),
(467, 560, '2.30'),
(467, 607, '4.80'),
(467, 715, '2.70'),
(467, 742, '2.50'),
(467, 780, '1.10'),
(467, 899, '3.60'),
(467, 916, '1.90'),
(467, 952, '5.40'),
(468, 78, '5.20'),
(468, 353, '3.00'),
(468, 559, '4.20'),
(468, 726, '5.30'),
(468, 806, '2.40'),
(468, 871, '2.00'),
(468, 959, '3.70'),
(469, 74, '5.70'),
(469, 284, '5.90'),
(469, 538, '4.90'),
(469, 630, '4.80'),
(469, 911, '3.30'),
(469, 988, '2.90'),
(470, 137, '4.30'),
(470, 233, '1.30'),
(470, 498, '5.20'),
(470, 902, '1.70'),
(470, 993, '5.90'),
(471, 39, '1.10'),
(471, 161, '5.00'),
(471, 252, '4.50'),
(471, 460, '1.30'),
(471, 504, '2.40'),
(471, 652, '5.30'),
(471, 670, '5.00'),
(471, 775, '2.10'),
(471, 845, '3.90'),
(471, 970, '4.50'),
(472, 69, '1.10'),
(472, 145, '2.40'),
(472, 149, '3.80'),
(472, 303, '4.70'),
(472, 388, '3.00'),
(472, 450, '1.70'),
(472, 716, '4.80'),
(472, 853, '1.30'),
(472, 973, '5.80'),
(473, 161, '6.00'),
(473, 169, '1.60'),
(473, 201, '1.30'),
(473, 287, '1.80'),
(473, 376, '2.30'),
(473, 928, '5.10'),
(474, 145, '5.30'),
(474, 332, '3.00'),
(474, 343, '4.50'),
(474, 526, '5.00'),
(474, 692, '1.90'),
(474, 772, '3.70'),
(474, 824, '3.30'),
(474, 877, '3.60'),
(474, 965, '5.50'),
(475, 143, '2.00'),
(475, 145, '1.10'),
(475, 168, '2.00'),
(475, 195, '4.60'),
(475, 324, '4.00'),
(475, 346, '5.20'),
(475, 424, '3.90'),
(475, 432, '4.00'),
(475, 537, '4.50'),
(475, 569, '3.50'),
(475, 615, '1.80'),
(475, 810, '3.80'),
(475, 816, '1.00'),
(475, 910, '4.80'),
(476, 301, '4.70'),
(476, 325, '4.10'),
(476, 510, '2.00'),
(476, 658, '3.90'),
(476, 678, '1.90'),
(476, 707, '5.70'),
(476, 792, '5.10'),
(476, 838, '3.00'),
(476, 840, '4.90'),
(476, 844, '2.30'),
(476, 851, '4.60'),
(476, 876, '3.20'),
(476, 916, '1.50'),
(477, 78, '1.80'),
(477, 147, '1.80'),
(477, 204, '2.10'),
(477, 307, '2.30'),
(477, 350, '3.40'),
(477, 515, '4.70'),
(477, 526, '5.00'),
(477, 762, '5.50'),
(477, 772, '2.40'),
(477, 780, '2.30'),
(477, 800, '4.50'),
(477, 902, '1.70'),
(478, 57, '4.30'),
(478, 63, '3.60'),
(478, 87, '1.60'),
(478, 451, '4.40'),
(478, 538, '4.40'),
(478, 736, '5.00'),
(478, 825, '5.80'),
(478, 856, '3.10'),
(479, 51, '2.40'),
(479, 107, '5.10'),
(479, 315, '5.00'),
(479, 476, '3.80'),
(479, 491, '1.80'),
(479, 753, '3.60'),
(480, 35, '1.60'),
(480, 64, '3.50'),
(480, 317, '3.20'),
(480, 365, '4.80'),
(480, 369, '1.30'),
(480, 569, '2.10'),
(480, 618, '4.30'),
(480, 624, '3.40'),
(480, 629, '4.90'),
(480, 634, '3.10'),
(480, 675, '2.50'),
(480, 742, '5.00'),
(480, 907, '5.70'),
(480, 958, '1.80'),
(481, 26, '4.10'),
(481, 126, '1.40'),
(481, 132, '4.40'),
(481, 162, '3.00'),
(481, 315, '1.10'),
(481, 331, '1.90'),
(481, 359, '3.00'),
(481, 498, '1.30'),
(481, 624, '5.70'),
(481, 754, '2.40'),
(482, 137, '1.40'),
(482, 159, '5.50'),
(482, 201, '3.70'),
(482, 203, '3.90'),
(482, 228, '5.60'),
(482, 279, '5.30'),
(482, 369, '2.10'),
(482, 559, '5.30'),
(482, 868, '4.70'),
(482, 902, '1.90'),
(483, 87, '2.80'),
(483, 151, '4.30'),
(483, 345, '3.00'),
(483, 360, '1.30'),
(483, 507, '3.60'),
(483, 649, '4.50'),
(483, 746, '5.80'),
(483, 773, '1.70'),
(483, 812, '1.60'),
(483, 861, '5.90'),
(483, 869, '5.20'),
(483, 984, '3.30'),
(484, 27, '1.40'),
(484, 171, '2.70'),
(484, 237, '3.80'),
(484, 277, '3.10'),
(484, 487, '5.70'),
(484, 570, '4.00'),
(484, 865, '2.30'),
(484, 899, '4.80'),
(484, 906, '5.10'),
(484, 922, '5.90'),
(484, 956, '4.30'),
(485, 30, '4.70'),
(485, 69, '1.90'),
(485, 78, '5.20'),
(485, 215, '4.60'),
(485, 307, '1.80'),
(485, 338, '2.00'),
(485, 432, '1.80'),
(485, 495, '5.30'),
(485, 636, '1.30'),
(485, 725, '3.30'),
(485, 748, '2.20'),
(485, 761, '2.90'),
(485, 836, '2.90'),
(485, 878, '3.70'),
(485, 903, '4.80'),
(485, 962, '3.00'),
(485, 966, '2.10'),
(485, 981, '1.50'),
(486, 146, '4.90'),
(486, 212, '2.80'),
(486, 251, '1.70'),
(486, 290, '3.40'),
(486, 349, '1.00'),
(486, 369, '4.10'),
(486, 404, '2.60'),
(486, 447, '2.00'),
(486, 460, '2.40'),
(486, 526, '1.50'),
(486, 547, '5.10'),
(486, 632, '1.60'),
(486, 679, '4.00'),
(486, 698, '4.80'),
(486, 843, '4.20'),
(486, 922, '2.30'),
(486, 935, '2.10'),
(486, 938, '4.40'),
(486, 939, '5.30'),
(487, 125, '2.40'),
(487, 286, '4.50'),
(487, 324, '4.90'),
(487, 427, '5.50'),
(487, 448, '4.10'),
(487, 450, '2.50'),
(487, 492, '4.50'),
(487, 619, '3.90'),
(487, 710, '2.40'),
(487, 825, '1.80'),
(487, 928, '5.60'),
(488, 127, '4.20'),
(488, 131, '5.80'),
(488, 152, '2.10'),
(488, 326, '3.60'),
(488, 328, '2.10'),
(488, 583, '2.30'),
(488, 637, '4.40'),
(488, 710, '3.60'),
(488, 821, '2.70'),
(488, 924, '2.20'),
(489, 153, '3.30'),
(489, 163, '3.00'),
(489, 225, '3.20'),
(489, 301, '1.50'),
(489, 351, '3.70'),
(489, 459, '2.50'),
(489, 495, '3.10'),
(489, 677, '2.60'),
(489, 778, '5.60'),
(489, 821, '4.30'),
(489, 892, '4.60'),
(489, 982, '4.40'),
(490, 217, '2.50'),
(490, 459, '3.90'),
(490, 461, '1.80'),
(490, 537, '5.80'),
(490, 579, '1.10'),
(490, 672, '2.20'),
(490, 821, '4.80'),
(490, 949, '4.00'),
(490, 960, '5.30'),
(490, 984, '4.60'),
(491, 230, '1.10'),
(491, 307, '4.20'),
(491, 311, '1.30'),
(491, 361, '3.20'),
(491, 449, '3.10'),
(491, 482, '3.70'),
(491, 513, '2.30'),
(491, 610, '1.80'),
(491, 836, '6.00'),
(491, 986, '5.80'),
(492, 148, '3.50'),
(492, 167, '4.00'),
(492, 383, '1.90'),
(492, 601, '3.50'),
(492, 611, '1.40'),
(492, 619, '2.00'),
(492, 795, '5.80'),
(492, 810, '5.20'),
(492, 849, '2.60'),
(492, 913, '2.70'),
(493, 66, '4.10'),
(493, 206, '2.30'),
(493, 314, '2.40'),
(493, 684, '4.90'),
(493, 775, '2.50'),
(493, 839, '5.90'),
(493, 843, '1.10'),
(494, 91, '4.60'),
(494, 126, '3.50'),
(494, 132, '5.00'),
(494, 239, '5.40'),
(494, 481, '1.50'),
(494, 494, '3.90'),
(494, 675, '2.90'),
(494, 680, '3.80'),
(495, 42, '3.00'),
(495, 75, '5.20'),
(495, 134, '5.90'),
(495, 163, '1.10'),
(495, 252, '5.50'),
(495, 334, '2.70'),
(495, 496, '1.80'),
(495, 529, '4.40'),
(495, 569, '3.30'),
(495, 624, '5.10'),
(495, 727, '2.50'),
(495, 756, '3.50'),
(495, 778, '3.30'),
(495, 903, '3.30'),
(495, 917, '4.20'),
(495, 922, '5.50'),
(495, 957, '1.50'),
(496, 73, '4.10'),
(496, 170, '3.50'),
(496, 238, '3.30'),
(496, 265, '5.80'),
(496, 353, '5.80'),
(496, 647, '5.40'),
(496, 737, '1.20'),
(496, 813, '3.10'),
(496, 948, '5.90'),
(496, 960, '5.70'),
(497, 96, '1.90'),
(497, 178, '4.30'),
(497, 216, '2.80'),
(497, 281, '5.00'),
(497, 291, '2.30'),
(497, 374, '1.30'),
(497, 388, '1.30'),
(497, 558, '5.00'),
(497, 665, '5.70'),
(497, 700, '3.50'),
(497, 727, '3.50'),
(497, 862, '4.40'),
(497, 875, '5.60'),
(497, 901, '3.00'),
(498, 449, '5.80'),
(498, 462, '3.70'),
(498, 491, '3.20'),
(498, 658, '1.20'),
(498, 763, '1.30'),
(498, 879, '4.80'),
(499, 265, '2.30'),
(499, 293, '1.70'),
(499, 385, '3.60'),
(499, 397, '2.90'),
(499, 468, '3.00'),
(499, 555, '2.80'),
(499, 740, '1.70'),
(499, 770, '5.30'),
(499, 816, '2.70'),
(499, 829, '4.20'),
(499, 846, '2.10'),
(499, 900, '1.70'),
(499, 990, '2.70'),
(499, 998, '5.40'),
(500, 61, '2.70'),
(500, 175, '2.90'),
(500, 234, '5.90'),
(500, 246, '2.20'),
(500, 286, '4.40'),
(500, 427, '1.40'),
(500, 599, '2.10'),
(500, 660, '3.60'),
(500, 668, '2.00'),
(500, 730, '1.80'),
(500, 779, '4.10'),
(500, 826, '4.20'),
(500, 893, '5.10');

-- --------------------------------------------------------

--
-- Table structure for table `school`
--

CREATE TABLE `school` (
  `school_id` bigint(20) UNSIGNED NOT NULL,
  `schoolname` varchar(45) NOT NULL,
  `number` int(11) NOT NULL,
  `street` varchar(45) NOT NULL,
  `city_id` bigint(20) UNSIGNED NOT NULL
) ENGINE=InnoDB DEFAULT CHARSET=latin1;

--
-- Dumping data for table `school`
--

INSERT INTO `school` (`school_id`, `schoolname`, `number`, `street`, `city_id`) VALUES
(1, 'Terry-Hartmann', 5, 'Gerald', 1),
(2, 'Carroll Group', 32, 'Merchant', 2),
(3, 'Block, Will and MacGyver', 184, 'Sullivan', 3),
(4, 'Rosenbaum Group', 29, 'Meadow Ridge', 4),
(5, 'Moore, Bins and Murphy', 52146, 'Glacier Hill', 5);

-- --------------------------------------------------------

--
-- Table structure for table `student`
--

CREATE TABLE `student` (
  `student_id` bigint(20) UNSIGNED NOT NULL,
  `user_id` bigint(20) UNSIGNED NOT NULL
) ENGINE=InnoDB DEFAULT CHARSET=latin1;

--
-- Dumping data for table `student`
--

INSERT INTO `student` (`student_id`, `user_id`) VALUES
(21, 21),
(22, 22),
(23, 23),
(24, 24),
(25, 25),
(26, 26),
(27, 27),
(28, 28),
(29, 29),
(30, 30),
(31, 31),
(32, 32),
(33, 33),
(34, 34),
(35, 35),
(36, 36),
(37, 37),
(38, 38),
(39, 39),
(40, 40),
(41, 41),
(42, 42),
(43, 43),
(44, 44),
(45, 45),
(46, 46),
(47, 47),
(48, 48),
(49, 49),
(50, 50),
(51, 51),
(52, 52),
(53, 53),
(54, 54),
(55, 55),
(56, 56),
(57, 57),
(58, 58),
(59, 59),
(60, 60),
(61, 61),
(62, 62),
(63, 63),
(64, 64),
(65, 65),
(66, 66),
(67, 67),
(68, 68),
(69, 69),
(70, 70),
(71, 71),
(72, 72),
(73, 73),
(74, 74),
(75, 75),
(76, 76),
(77, 77),
(78, 78),
(79, 79),
(80, 80),
(81, 81),
(82, 82),
(83, 83),
(84, 84),
(85, 85),
(86, 86),
(87, 87),
(88, 88),
(89, 89),
(90, 90),
(91, 91),
(92, 92),
(93, 93),
(94, 94),
(95, 95),
(96, 96),
(97, 97),
(98, 98),
(99, 99),
(100, 100),
(101, 101),
(102, 102),
(103, 103),
(104, 104),
(105, 105),
(106, 106),
(107, 107),
(108, 108),
(109, 109),
(110, 110),
(111, 111),
(112, 112),
(113, 113),
(114, 114),
(115, 115),
(116, 116),
(117, 117),
(118, 118),
(119, 119),
(120, 120),
(121, 121),
(122, 122),
(123, 123),
(124, 124),
(125, 125),
(126, 126),
(127, 127),
(128, 128),
(129, 129),
(130, 130),
(131, 131),
(132, 132),
(133, 133),
(134, 134),
(135, 135),
(136, 136),
(137, 137),
(138, 138),
(139, 139),
(140, 140),
(141, 141),
(142, 142),
(143, 143),
(144, 144),
(145, 145),
(146, 146),
(147, 147),
(148, 148),
(149, 149),
(150, 150),
(151, 151),
(152, 152),
(153, 153),
(154, 154),
(155, 155),
(156, 156),
(157, 157),
(158, 158),
(159, 159),
(160, 160),
(161, 161),
(162, 162),
(163, 163),
(164, 164),
(165, 165),
(166, 166),
(167, 167),
(168, 168),
(169, 169),
(170, 170),
(171, 171),
(172, 172),
(173, 173),
(174, 174),
(175, 175),
(176, 176),
(177, 177),
(178, 178),
(179, 179),
(180, 180),
(181, 181),
(182, 182),
(183, 183),
(184, 184),
(185, 185),
(186, 186),
(187, 187),
(188, 188),
(189, 189),
(190, 190),
(191, 191),
(192, 192),
(193, 193),
(194, 194),
(195, 195),
(196, 196),
(197, 197),
(198, 198),
(199, 199),
(200, 200),
(201, 201),
(202, 202),
(203, 203),
(204, 204),
(205, 205),
(206, 206),
(207, 207),
(208, 208),
(209, 209),
(210, 210),
(211, 211),
(212, 212),
(213, 213),
(214, 214),
(215, 215),
(216, 216),
(217, 217),
(218, 218),
(219, 219),
(220, 220),
(221, 221),
(222, 222),
(223, 223),
(224, 224),
(225, 225),
(226, 226),
(227, 227),
(228, 228),
(229, 229),
(230, 230),
(231, 231),
(232, 232),
(233, 233),
(234, 234),
(235, 235),
(236, 236),
(237, 237),
(238, 238),
(239, 239),
(240, 240),
(241, 241),
(242, 242),
(243, 243),
(244, 244),
(245, 245),
(246, 246),
(247, 247),
(248, 248),
(249, 249),
(250, 250),
(251, 251),
(252, 252),
(253, 253),
(254, 254),
(255, 255),
(256, 256),
(257, 257),
(258, 258),
(259, 259),
(260, 260),
(261, 261),
(262, 262),
(263, 263),
(264, 264),
(265, 265),
(266, 266),
(267, 267),
(268, 268),
(269, 269),
(270, 270),
(271, 271),
(272, 272),
(273, 273),
(274, 274),
(275, 275),
(276, 276),
(277, 277),
(278, 278),
(279, 279),
(280, 280),
(281, 281),
(282, 282),
(283, 283),
(284, 284),
(285, 285),
(286, 286),
(287, 287),
(288, 288),
(289, 289),
(290, 290),
(291, 291),
(292, 292),
(293, 293),
(294, 294),
(295, 295),
(296, 296),
(297, 297),
(298, 298),
(299, 299),
(300, 300),
(301, 301),
(302, 302),
(303, 303),
(304, 304),
(305, 305),
(306, 306),
(307, 307),
(308, 308),
(309, 309),
(310, 310),
(311, 311),
(312, 312),
(313, 313),
(314, 314),
(315, 315),
(316, 316),
(317, 317),
(318, 318),
(319, 319),
(320, 320),
(321, 321),
(322, 322),
(323, 323),
(324, 324),
(325, 325),
(326, 326),
(327, 327),
(328, 328),
(329, 329),
(330, 330),
(331, 331),
(332, 332),
(333, 333),
(334, 334),
(335, 335),
(336, 336),
(337, 337),
(338, 338),
(339, 339),
(340, 340),
(341, 341),
(342, 342),
(343, 343),
(344, 344),
(345, 345),
(346, 346),
(347, 347),
(348, 348),
(349, 349),
(350, 350),
(351, 351),
(352, 352),
(353, 353),
(354, 354),
(355, 355),
(356, 356),
(357, 357),
(358, 358),
(359, 359),
(360, 360),
(361, 361),
(362, 362),
(363, 363),
(364, 364),
(365, 365),
(366, 366),
(367, 367),
(368, 368),
(369, 369),
(370, 370),
(371, 371),
(372, 372),
(373, 373),
(374, 374),
(375, 375),
(376, 376),
(377, 377),
(378, 378),
(379, 379),
(380, 380),
(381, 381),
(382, 382),
(383, 383),
(384, 384),
(385, 385),
(386, 386),
(387, 387),
(388, 388),
(389, 389),
(390, 390),
(391, 391),
(392, 392),
(393, 393),
(394, 394),
(395, 395),
(396, 396),
(397, 397),
(398, 398),
(399, 399),
(400, 400),
(401, 401),
(402, 402),
(403, 403),
(404, 404),
(405, 405),
(406, 406),
(407, 407),
(408, 408),
(409, 409),
(410, 410),
(411, 411),
(412, 412),
(413, 413),
(414, 414),
(415, 415),
(416, 416),
(417, 417),
(418, 418),
(419, 419),
(420, 420),
(421, 421),
(422, 422),
(423, 423),
(424, 424),
(425, 425),
(426, 426),
(427, 427),
(428, 428),
(429, 429),
(430, 430),
(431, 431),
(432, 432),
(433, 433),
(434, 434),
(435, 435),
(436, 436),
(437, 437),
(438, 438),
(439, 439),
(440, 440),
(441, 441),
(442, 442),
(443, 443),
(444, 444),
(445, 445),
(446, 446),
(447, 447),
(448, 448),
(449, 449),
(450, 450),
(451, 451),
(452, 452),
(453, 453),
(454, 454),
(455, 455),
(456, 456),
(457, 457),
(458, 458),
(459, 459),
(460, 460),
(461, 461),
(462, 462),
(463, 463),
(464, 464),
(465, 465),
(466, 466),
(467, 467),
(468, 468),
(469, 469),
(470, 470),
(471, 471),
(472, 472),
(473, 473),
(474, 474),
(475, 475),
(476, 476),
(477, 477),
(478, 478),
(479, 479),
(480, 480),
(481, 481),
(482, 482),
(483, 483),
(484, 484),
(485, 485),
(486, 486),
(487, 487),
(488, 488),
(489, 489),
(490, 490),
(491, 491),
(492, 492),
(493, 493),
(494, 494),
(495, 495),
(496, 496),
(497, 497),
(498, 498),
(499, 499),
(500, 500),
(501, 501),
(502, 502),
(503, 503),
(504, 504),
(505, 505),
(506, 506),
(507, 507),
(508, 508),
(509, 509),
(510, 510),
(511, 511),
(512, 512),
(513, 513),
(514, 514),
(515, 515),
(516, 516),
(517, 517),
(518, 518),
(519, 519),
(520, 520),
(521, 521),
(522, 522),
(523, 523),
(524, 524),
(525, 525),
(526, 526),
(527, 527),
(528, 528),
(529, 529),
(530, 530),
(531, 531),
(532, 532),
(533, 533),
(534, 534),
(535, 535),
(536, 536),
(537, 537),
(538, 538),
(539, 539),
(540, 540),
(541, 541),
(542, 542),
(543, 543),
(544, 544),
(545, 545),
(546, 546),
(547, 547),
(548, 548),
(549, 549),
(550, 550),
(551, 551),
(552, 552),
(553, 553),
(554, 554),
(555, 555),
(556, 556),
(557, 557),
(558, 558),
(559, 559),
(560, 560),
(561, 561),
(562, 562),
(563, 563),
(564, 564),
(565, 565),
(566, 566),
(567, 567),
(568, 568),
(569, 569),
(570, 570),
(571, 571),
(572, 572),
(573, 573),
(574, 574),
(575, 575),
(576, 576),
(577, 577),
(578, 578),
(579, 579),
(580, 580),
(581, 581),
(582, 582),
(583, 583),
(584, 584),
(585, 585),
(586, 586),
(587, 587),
(588, 588),
(589, 589),
(590, 590),
(591, 591),
(592, 592),
(593, 593),
(594, 594),
(595, 595),
(596, 596),
(597, 597),
(598, 598),
(599, 599),
(600, 600),
(601, 601),
(602, 602),
(603, 603),
(604, 604),
(605, 605),
(606, 606),
(607, 607),
(608, 608),
(609, 609),
(610, 610),
(611, 611),
(612, 612),
(613, 613),
(614, 614),
(615, 615),
(616, 616),
(617, 617),
(618, 618),
(619, 619),
(620, 620),
(621, 621),
(622, 622),
(623, 623),
(624, 624),
(625, 625),
(626, 626),
(627, 627),
(628, 628),
(629, 629),
(630, 630),
(631, 631),
(632, 632),
(633, 633),
(634, 634),
(635, 635),
(636, 636),
(637, 637),
(638, 638),
(639, 639),
(640, 640),
(641, 641),
(642, 642),
(643, 643),
(644, 644),
(645, 645),
(646, 646),
(647, 647),
(648, 648),
(649, 649),
(650, 650),
(651, 651),
(652, 652),
(653, 653),
(654, 654),
(655, 655),
(656, 656),
(657, 657),
(658, 658),
(659, 659),
(660, 660),
(661, 661),
(662, 662),
(663, 663),
(664, 664),
(665, 665),
(666, 666),
(667, 667),
(668, 668),
(669, 669),
(670, 670),
(671, 671),
(672, 672),
(673, 673),
(674, 674),
(675, 675),
(676, 676),
(677, 677),
(678, 678),
(679, 679),
(680, 680),
(681, 681),
(682, 682),
(683, 683),
(684, 684),
(685, 685),
(686, 686),
(687, 687),
(688, 688),
(689, 689),
(690, 690),
(691, 691),
(692, 692),
(693, 693),
(694, 694),
(695, 695),
(696, 696),
(697, 697),
(698, 698),
(699, 699),
(700, 700),
(701, 701),
(702, 702),
(703, 703),
(704, 704),
(705, 705),
(706, 706),
(707, 707),
(708, 708),
(709, 709),
(710, 710),
(711, 711),
(712, 712),
(713, 713),
(714, 714),
(715, 715),
(716, 716),
(717, 717),
(718, 718),
(719, 719),
(720, 720),
(721, 721),
(722, 722),
(723, 723),
(724, 724),
(725, 725),
(726, 726),
(727, 727),
(728, 728),
(729, 729),
(730, 730),
(731, 731),
(732, 732),
(733, 733),
(734, 734),
(735, 735),
(736, 736),
(737, 737),
(738, 738),
(739, 739),
(740, 740),
(741, 741),
(742, 742),
(743, 743),
(744, 744),
(745, 745),
(746, 746),
(747, 747),
(748, 748),
(749, 749),
(750, 750),
(751, 751),
(752, 752),
(753, 753),
(754, 754),
(755, 755),
(756, 756),
(757, 757),
(758, 758),
(759, 759),
(760, 760),
(761, 761),
(762, 762),
(763, 763),
(764, 764),
(765, 765),
(766, 766),
(767, 767),
(768, 768),
(769, 769),
(770, 770),
(771, 771),
(772, 772),
(773, 773),
(774, 774),
(775, 775),
(776, 776),
(777, 777),
(778, 778),
(779, 779),
(780, 780),
(781, 781),
(782, 782),
(783, 783),
(784, 784),
(785, 785),
(786, 786),
(787, 787),
(788, 788),
(789, 789),
(790, 790),
(791, 791),
(792, 792),
(793, 793),
(794, 794),
(795, 795),
(796, 796),
(797, 797),
(798, 798),
(799, 799),
(800, 800),
(801, 801),
(802, 802),
(803, 803),
(804, 804),
(805, 805),
(806, 806),
(807, 807),
(808, 808),
(809, 809),
(810, 810),
(811, 811),
(812, 812),
(813, 813),
(814, 814),
(815, 815),
(816, 816),
(817, 817),
(818, 818),
(819, 819),
(820, 820),
(821, 821),
(822, 822),
(823, 823),
(824, 824),
(825, 825),
(826, 826),
(827, 827),
(828, 828),
(829, 829),
(830, 830),
(831, 831),
(832, 832),
(833, 833),
(834, 834),
(835, 835),
(836, 836),
(837, 837),
(838, 838),
(839, 839),
(840, 840),
(841, 841),
(842, 842),
(843, 843),
(844, 844),
(845, 845),
(846, 846),
(847, 847),
(848, 848),
(849, 849),
(850, 850),
(851, 851),
(852, 852),
(853, 853),
(854, 854),
(855, 855),
(856, 856),
(857, 857),
(858, 858),
(859, 859),
(860, 860),
(861, 861),
(862, 862),
(863, 863),
(864, 864),
(865, 865),
(866, 866),
(867, 867),
(868, 868),
(869, 869),
(870, 870),
(871, 871),
(872, 872),
(873, 873),
(874, 874),
(875, 875),
(876, 876),
(877, 877),
(878, 878),
(879, 879),
(880, 880),
(881, 881),
(882, 882),
(883, 883),
(884, 884),
(885, 885),
(886, 886),
(887, 887),
(888, 888),
(889, 889),
(890, 890),
(891, 891),
(892, 892),
(893, 893),
(894, 894),
(895, 895),
(896, 896),
(897, 897),
(898, 898),
(899, 899),
(900, 900),
(901, 901),
(902, 902),
(903, 903),
(904, 904),
(905, 905),
(906, 906),
(907, 907),
(908, 908),
(909, 909),
(910, 910),
(911, 911),
(912, 912),
(913, 913),
(914, 914),
(915, 915),
(916, 916),
(917, 917),
(918, 918),
(919, 919),
(920, 920),
(921, 921),
(922, 922),
(923, 923),
(924, 924),
(925, 925),
(926, 926),
(927, 927),
(928, 928),
(929, 929),
(930, 930),
(931, 931),
(932, 932),
(933, 933),
(934, 934),
(935, 935),
(936, 936),
(937, 937),
(938, 938),
(939, 939),
(940, 940),
(941, 941),
(942, 942),
(943, 943),
(944, 944),
(945, 945),
(946, 946),
(947, 947),
(948, 948),
(949, 949),
(950, 950),
(951, 951),
(952, 952),
(953, 953),
(954, 954),
(955, 955),
(956, 956),
(957, 957),
(958, 958),
(959, 959),
(960, 960),
(961, 961),
(962, 962),
(963, 963),
(964, 964),
(965, 965),
(966, 966),
(967, 967),
(968, 968),
(969, 969),
(970, 970),
(971, 971),
(972, 972),
(973, 973),
(974, 974),
(975, 975),
(976, 976),
(977, 977),
(978, 978),
(979, 979),
(980, 980),
(981, 981),
(982, 982),
(983, 983),
(984, 984),
(985, 985),
(986, 986),
(987, 987),
(988, 988),
(989, 989),
(990, 990),
(991, 991),
(992, 992),
(993, 993),
(994, 994),
(995, 995),
(996, 996),
(997, 997),
(998, 998),
(999, 999),
(1000, 1000);

-- --------------------------------------------------------

--
-- Table structure for table `subject`
--

CREATE TABLE `subject` (
  `subject_id` bigint(20) UNSIGNED NOT NULL,
  `name` varchar(50) NOT NULL
) ENGINE=InnoDB DEFAULT CHARSET=latin1;

--
-- Dumping data for table `subject`
--

INSERT INTO `subject` (`subject_id`, `name`) VALUES
(9, 'Audi'),
(4, 'Chevrolet'),
(2, 'Daewoo'),
(10, 'Dodge'),
(8, 'Ford'),
(1, 'Jaguar'),
(7, 'Mazda'),
(5, 'Mitsubishi'),
(3, 'Suzuki'),
(6, 'Toyota');

-- --------------------------------------------------------

--
-- Table structure for table `teacher`
--

CREATE TABLE `teacher` (
  `teacher_id` bigint(20) UNSIGNED NOT NULL,
  `user_id` bigint(20) UNSIGNED NOT NULL
) ENGINE=InnoDB DEFAULT CHARSET=latin1;

--
-- Dumping data for table `teacher`
--

INSERT INTO `teacher` (`teacher_id`, `user_id`) VALUES
(6, 6),
(7, 7),
(8, 8),
(9, 9),
(10, 10),
(11, 11),
(12, 12),
(13, 13),
(14, 14),
(15, 15),
(16, 16),
(17, 17),
(18, 18),
(19, 19),
(20, 20),
(21, 21),
(22, 22),
(23, 23),
(24, 24),
(25, 25);

-- --------------------------------------------------------

--
-- Table structure for table `teacher_class_subject`
--

CREATE TABLE `teacher_class_subject` (
  `teacher_id` bigint(20) UNSIGNED NOT NULL,
  `class_id` bigint(20) UNSIGNED NOT NULL,
  `subject_id` bigint(20) UNSIGNED NOT NULL
) ENGINE=InnoDB DEFAULT CHARSET=latin1;

--
-- Dumping data for table `teacher_class_subject`
--

INSERT INTO `teacher_class_subject` (`teacher_id`, `class_id`, `subject_id`) VALUES
(6, 3, 1),
(6, 6, 8),
(6, 7, 6),
(6, 8, 4),
(6, 10, 8),
(6, 11, 1),
(6, 17, 3),
(6, 17, 4),
(6, 19, 1),
(6, 24, 10),
(6, 32, 8),
(6, 34, 10),
(6, 35, 5),
(6, 36, 1),
(6, 37, 3),
(6, 38, 5),
(6, 39, 4),
(7, 13, 3),
(7, 15, 9),
(7, 17, 10),
(7, 18, 10),
(7, 24, 10),
(7, 35, 5),
(7, 39, 2),
(7, 40, 4),
(8, 1, 9),
(8, 2, 8),
(8, 3, 8),
(8, 4, 9),
(8, 14, 3),
(8, 18, 1),
(8, 19, 3),
(8, 25, 10),
(8, 26, 8),
(8, 28, 10),
(8, 29, 8),
(8, 30, 5),
(8, 34, 6),
(8, 36, 1),
(8, 36, 4),
(8, 36, 7),
(8, 38, 2),
(8, 38, 7),
(9, 3, 4),
(9, 13, 6),
(9, 19, 2),
(9, 22, 10),
(9, 23, 4),
(9, 23, 9),
(9, 25, 6),
(9, 30, 5),
(9, 34, 10),
(9, 37, 5),
(9, 38, 9),
(9, 39, 7),
(10, 1, 5),
(10, 4, 4),
(10, 5, 2),
(10, 9, 7),
(10, 12, 2),
(10, 16, 9),
(10, 19, 3),
(10, 20, 7),
(10, 20, 8),
(10, 23, 3),
(10, 28, 8),
(10, 30, 1),
(10, 30, 10),
(10, 37, 10),
(10, 40, 10),
(11, 20, 5),
(11, 29, 1),
(11, 31, 2),
(11, 37, 1),
(11, 37, 2),
(11, 39, 2),
(12, 9, 8),
(12, 9, 10),
(12, 13, 3),
(12, 18, 8),
(12, 20, 2),
(12, 23, 8),
(12, 27, 10),
(12, 28, 1),
(12, 28, 5),
(12, 34, 4),
(12, 35, 4),
(12, 37, 2),
(12, 39, 4),
(13, 2, 6),
(13, 3, 8),
(13, 5, 8),
(13, 6, 2),
(13, 11, 6),
(13, 13, 3),
(13, 19, 2),
(13, 21, 10),
(13, 22, 3),
(13, 27, 10),
(13, 28, 6),
(13, 33, 7),
(13, 35, 10),
(13, 37, 8),
(13, 39, 4),
(14, 3, 8),
(14, 7, 8),
(14, 11, 4),
(14, 26, 6),
(14, 28, 6),
(14, 30, 1),
(14, 30, 6),
(14, 30, 9),
(14, 32, 7),
(14, 32, 10),
(14, 33, 8),
(14, 34, 8),
(14, 36, 10),
(15, 5, 4),
(15, 7, 6),
(15, 9, 6),
(15, 11, 9),
(15, 12, 10),
(15, 14, 1),
(15, 16, 8),
(15, 31, 7),
(15, 33, 4),
(15, 34, 5),
(15, 37, 1),
(16, 1, 5),
(16, 3, 2),
(16, 4, 6),
(16, 5, 5),
(16, 9, 8),
(16, 13, 5),
(16, 26, 8),
(16, 28, 10),
(16, 31, 3),
(16, 36, 1),
(17, 10, 10),
(17, 12, 10),
(17, 17, 8),
(17, 23, 10),
(17, 35, 7),
(18, 2, 5),
(18, 2, 7),
(18, 5, 3),
(18, 7, 3),
(18, 14, 3),
(18, 16, 9),
(18, 18, 8),
(18, 20, 8),
(18, 28, 1),
(18, 28, 7),
(18, 29, 9),
(18, 33, 2),
(18, 34, 5),
(18, 36, 8),
(18, 38, 5),
(19, 5, 3),
(19, 9, 9),
(19, 12, 8),
(19, 15, 6),
(19, 18, 1),
(19, 21, 8),
(19, 25, 9),
(19, 28, 8),
(19, 34, 7),
(19, 35, 9),
(19, 38, 2),
(19, 38, 6),
(20, 5, 7),
(20, 9, 2),
(20, 14, 8),
(20, 22, 6),
(20, 38, 4),
(20, 38, 6),
(20, 39, 3),
(21, 2, 2),
(21, 12, 4),
(21, 15, 4),
(21, 16, 7),
(21, 17, 1),
(21, 18, 10),
(21, 20, 10),
(21, 22, 8),
(21, 24, 7),
(21, 26, 10),
(21, 36, 8),
(21, 37, 1),
(22, 6, 7),
(22, 10, 7),
(22, 12, 2),
(22, 12, 9),
(22, 13, 1),
(22, 14, 5),
(22, 18, 5),
(22, 21, 8),
(22, 30, 6),
(22, 32, 1),
(22, 38, 1),
(23, 12, 3),
(23, 19, 8),
(23, 21, 9),
(23, 22, 6),
(23, 24, 9),
(23, 25, 4),
(23, 29, 8),
(23, 36, 6),
(23, 37, 5),
(23, 38, 3),
(23, 39, 6),
(24, 3, 2),
(24, 3, 3),
(24, 10, 8),
(24, 11, 8),
(24, 20, 6),
(24, 25, 8),
(25, 8, 8),
(25, 16, 2),
(25, 17, 6),
(25, 20, 9),
(25, 22, 2),
(25, 23, 7),
(25, 24, 3),
(25, 25, 1),
(25, 34, 3),
(25, 34, 8),
(25, 34, 9);

-- --------------------------------------------------------

--
-- Table structure for table `user`
--

CREATE TABLE `user` (
  `user_id` bigint(20) UNSIGNED NOT NULL,
  `firstname` varchar(45) NOT NULL,
  `lastname` varchar(45) NOT NULL,
  `username` varchar(45) NOT NULL,
  `number` int(11) NOT NULL,
  `street` varchar(45) NOT NULL,
  `city_id` bigint(20) UNSIGNED NOT NULL,
  `password` varchar(1000) NOT NULL
) ENGINE=InnoDB DEFAULT CHARSET=latin1;

--
-- Dumping data for table `user`
--

INSERT INTO `user` (`user_id`, `firstname`, `lastname`, `username`, `number`, `street`, `city_id`, `password`) VALUES
(1, 'Phillis', 'Loding', 'ploding0', 4, 'Longview', 3, 'WEREtItOko7P'),
(2, 'Flossie', 'Radish', 'fradish1', 53696, 'Lake View', 1, 'Ui3hM54'),
(3, 'Smith', 'Yacob', 'syacob2', 90, 'Sloan', 3, 'hY62i6Ixeay'),
(4, 'Dorris', 'McAnellye', 'dmcanellye3', 6487, 'Farmco', 4, 'YsPZrxV'),
(5, 'Annabell', 'Thick', 'athick4', 6, 'Carberry', 4, 'CpYPSR'),
(6, 'Nari', 'De-Ville', 'ndeville5', 356, 'Spenser', 4, 'uvIVmk'),
(7, 'Merle', 'Bewley', 'mbewley6', 33, 'Sundown', 2, 'A7ZZivIqZ'),
(8, 'Giff', 'Vickors', 'gvickors7', 770, 'Onsgard', 3, 'xdFXN1'),
(9, 'Gordie', 'Duplan', 'gduplan8', 2111, 'Golf View', 5, 'GV75Ue5P'),
(10, 'Christie', 'Viegas', 'cviegas9', 7506, 'Corben', 2, 'xmzR9S95'),
(11, 'Brynne', 'Martinek', 'bmartineka', 30423, 'Maple Wood', 5, 'VBEUG3cp'),
(12, 'Lora', 'Wescott', 'lwescottb', 1, 'Graceland', 1, 'RJhxYk4'),
(13, 'Nanny', 'Bratcher', 'nbratcherc', 97156, 'Artisan', 2, 'WsYXN99Xajz'),
(14, 'Demetre', 'Mattek', 'dmattekd', 4, 'Old Gate', 5, '4MvUHS'),
(15, 'Yelena', 'Addie', 'yaddiee', 17, 'Blackbird', 1, 'RlMdPr'),
(16, 'Daniele', 'Speere', 'dspeeref', 616, 'Spohn', 4, 'RL2F9ew'),
(17, 'Felix', 'Witter', 'fwitterg', 575, 'Fuller', 2, 'kSnPwisjmv2s'),
(18, 'Pauly', 'Strangeway', 'pstrangewayh', 6, 'Harper', 3, 'S5tBWg1iX'),
(19, 'Kahlil', 'Colson', 'kcolsoni', 1061, 'Roth', 4, 'DUk8LwTT4B'),
(20, 'Olympie', 'Copper', 'ocopperj', 87096, 'Amoth', 2, 'qzrTG6'),
(21, 'Dorena', 'Syrie', 'dsyriek', 7466, 'Quincy', 5, 'CCPBcC4eWpVj'),
(22, 'Padraic', 'Buckthought', 'pbuckthoughtl', 5, 'Sutteridge', 2, '59QMKn'),
(23, 'Max', 'Doog', 'mdoogm', 869, 'Meadow Valley', 3, 'agyb5aO'),
(24, 'Alasdair', 'Martinho', 'amartinhon', 9, 'Center', 2, 'D1xDGS'),
(25, 'Debbi', 'Folomin', 'dfolomino', 9706, 'Charing Cross', 3, '8jNX0rAR2hR'),
(26, 'Beitris', 'Cathel', 'bcathelp', 8389, 'New Castle', 1, 'LYxAECUAtk'),
(27, 'Cecil', 'Allsobrook', 'callsobrookq', 82, 'Mallory', 3, 'xtlWhlRPC'),
(28, 'Cristi', 'Lembke', 'clembker', 638, 'Moland', 5, 'aPF3qQWBkJqq'),
(29, 'Shirlene', 'Clemont', 'sclemonts', 35, 'Gulseth', 5, 'xrygzvoN5v'),
(30, 'Christian', 'O\'Brogan', 'cobrogant', 380, 'Westridge', 2, 'Bt9QBB'),
(31, 'Dode', 'Oakes', 'doakesu', 7563, 'Blackbird', 1, 'h9gK7Zx1LxyS'),
(32, 'Teddie', 'Reddell', 'treddellv', 5144, 'Pleasure', 3, 'jGivEkB'),
(33, 'Gregg', 'Capitano', 'gcapitanow', 36704, 'Jackson', 2, 'WMQOW7k7a5'),
(34, 'Valerie', 'Drinkall', 'vdrinkallx', 3095, 'Mariners Cove', 3, 'Ie7d2Tov'),
(35, 'Brandi', 'Denes', 'bdenesy', 8, 'Harper', 5, 'AvUdfze'),
(36, 'Chelsae', 'Pecht', 'cpechtz', 1157, 'Gerald', 4, '5BDoSPmpSQ'),
(37, 'Liv', 'Dowman', 'ldowman10', 357, 'Lillian', 2, 'W3ax2xj'),
(38, 'Thorvald', 'Feldstein', 'tfeldstein11', 13, 'Farwell', 3, 'bfivEs04TD'),
(39, 'Ileane', 'Caro', 'icaro12', 46, 'Grasskamp', 4, '4rYDJLtEK'),
(40, 'Igor', 'Breslin', 'ibreslin13', 67830, 'Moulton', 1, 'eRVAR5hWM'),
(41, 'Retha', 'MacGorley', 'rmacgorley14', 93, 'Lawn', 5, '8KKjfL9ev79B'),
(42, 'Tabatha', 'Albery', 'talbery15', 836, 'Atwood', 4, 'AHfP5Fps'),
(43, 'Petrina', 'Culver', 'pculver16', 752, 'Mallard', 3, 'DY3A1szBDYB'),
(44, 'Libbie', 'Lyons', 'llyons17', 9756, 'Ridge Oak', 2, '9wsvMnuy'),
(45, 'Wrennie', 'Robilliard', 'wrobilliard18', 89672, 'Hooker', 1, 'bysrwLpofJK'),
(46, 'Eddi', 'Carnew', 'ecarnew19', 24283, 'Thackeray', 3, 'jjtdLa'),
(47, 'Simone', 'Myner', 'smyner1a', 73, 'Clyde Gallagher', 3, 'BUPn2kPz'),
(48, 'Gawain', 'Spon', 'gspon1b', 68551, 'Donald', 4, 'zBnrPTJtTA'),
(49, 'Eugen', 'Cluley', 'ecluley1c', 8, 'Brickson Park', 3, 'rv5r2Nm9'),
(50, 'Andrej', 'Beall', 'abeall1d', 3, 'Fremont', 5, '9uQ3EoTZrk'),
(51, 'Hoyt', 'Salzburg', 'hsalzburg1e', 261, 'Hudson', 2, 'ggA93v5Yu'),
(52, 'Constantino', 'Breit', 'cbreit1f', 2, 'Crescent Oaks', 2, 'pEMGpQF2'),
(53, 'Kerr', 'Moncur', 'kmoncur1g', 40005, 'Buhler', 3, 'zI9sILL'),
(54, 'Gwenora', 'Curnow', 'gcurnow1h', 821, 'Westridge', 5, 'IWYgW8'),
(55, 'Alvina', 'Kleinzweig', 'akleinzweig1i', 21372, 'Mandrake', 2, 'Ss7fIR0Z'),
(56, 'Lyndel', 'Rudolfer', 'lrudolfer1j', 43396, 'Hanover', 5, 'eTpWDKjcFS'),
(57, 'Merola', 'MacAlpyne', 'mmacalpyne1k', 6, 'Lukken', 2, 'jZ6qbJuiXjRQ'),
(58, 'Naoma', 'Hurdedge', 'nhurdedge1l', 21448, 'Veith', 5, '9YtBwhswDh'),
(59, 'Dur', 'Hallgath', 'dhallgath1m', 174, 'Mayfield', 1, 'njh0kSRXF'),
(60, 'Myranda', 'Stainson', 'mstainson1n', 36, 'Summer Ridge', 2, 'Zjc6es3CcftU'),
(61, 'Huey', 'Madeley', 'hmadeley1o', 9454, 'Upham', 4, 'exZsfUefe'),
(62, 'Roda', 'Brockington', 'rbrockington1p', 7, 'Lighthouse Bay', 3, '6LI8Fvh'),
(63, 'Cortie', 'Russ', 'cruss1q', 193, 'Kim', 3, '6kFBPcZO'),
(64, 'Rozella', 'Jugging', 'rjugging1r', 32, 'Tony', 1, 'g8583CE'),
(65, 'Jarrett', 'Gowling', 'jgowling1s', 10, 'Blackbird', 5, 'ZXwPAz9M3zZ'),
(66, 'Kimmie', 'Keen', 'kkeen1t', 22777, 'Shasta', 3, 'mwbttdMt'),
(67, 'Madel', 'Adamoli', 'madamoli1u', 2, 'Pearson', 2, 'bNewgIW'),
(68, 'Allie', 'Lesaunier', 'alesaunier1v', 4, 'Crest Line', 2, 'Y7oVTjFeAzRk'),
(69, 'Burlie', 'Weigh', 'bweigh1w', 8164, 'Porter', 3, 'C9ieE2'),
(70, 'Margarethe', 'Degoe', 'mdegoe1x', 46716, 'Buell', 3, 'GokY5cgpmhJq'),
(71, 'Cesaro', 'Fairlamb', 'cfairlamb1y', 742, 'Talmadge', 4, 'EaJr3Narje3S'),
(72, 'Arel', 'Screach', 'ascreach1z', 1737, 'Village Green', 5, 'gLLgYk7pbi'),
(73, 'Aila', 'Jovey', 'ajovey20', 9, 'Northview', 3, '727SEM6qh'),
(74, 'Adlai', 'Stopps', 'astopps21', 79984, 'Village', 4, 'umF4FX'),
(75, 'Angeli', 'Penddreth', 'apenddreth22', 35090, 'Mariners Cove', 4, '3BLhPm'),
(76, 'Candice', 'Heindrich', 'cheindrich23', 200, 'Crest Line', 1, 'zrmAJzLeJ'),
(77, 'Stinky', 'Lambkin', 'slambkin24', 2, 'Sherman', 3, 'tLDn85iq'),
(78, 'Dalston', 'Goodbur', 'dgoodbur25', 57838, 'Arapahoe', 5, 'xxbJae6Zso'),
(79, 'Enid', 'Bodega', 'ebodega26', 4, 'Melrose', 3, 'NO6Mt4Aci'),
(80, 'Mycah', 'Huckerby', 'mhuckerby27', 53630, 'Mosinee', 3, 'ee2qZefPJd'),
(81, 'Gerhardine', 'Mityukov', 'gmityukov28', 87, 'Acker', 3, '0e3Pyb'),
(82, 'Alanna', 'Streight', 'astreight29', 83, 'Starling', 5, '5pPNQB9J4'),
(83, 'Claudio', 'O\'Rourke', 'corourke2a', 836, 'Barnett', 1, 'aue7xwz'),
(84, 'Lanny', 'Bedlington', 'lbedlington2b', 16, 'Kings', 5, '06Hwf5Xvdr'),
(85, 'Velvet', 'de Mendoza', 'vdemendoza2c', 70, 'Sugar', 1, 'DhBH5Db'),
(86, 'Devy', 'Coogan', 'dcoogan2d', 2516, 'Hoepker', 2, 'fMSOHBT'),
(87, 'Sal', 'Brandom', 'sbrandom2e', 803, 'Scoville', 2, '1X4MJiRxku'),
(88, 'Royal', 'Yusupov', 'ryusupov2f', 4792, 'Pine View', 1, 'i636srPxtdT'),
(89, 'Devy', 'Pascow', 'dpascow2g', 24735, 'David', 5, 'Fso23wlBPlN9'),
(90, 'Alane', 'Aizic', 'aaizic2h', 530, 'Blackbird', 1, 'LwdnS9X9Eu2'),
(91, 'Rosie', 'McNee', 'rmcnee2i', 427, 'Dryden', 1, '9BIzxZWkQF2'),
(92, 'Blair', 'Prestwich', 'bprestwich2j', 67, 'Miller', 1, 'ZTusiN2BvRr6'),
(93, 'Jens', 'Varren', 'jvarren2k', 27225, 'Scoville', 5, 'YxwsUpD'),
(94, 'Ardelia', 'Pinnijar', 'apinnijar2l', 18, 'Columbus', 3, 'IJ0KleXM'),
(95, 'Dorita', 'Dacke', 'ddacke2m', 713, '3rd', 2, 'MJYCHHn0eyg'),
(96, 'Karee', 'Romera', 'kromera2n', 310, 'Westend', 1, '6Yaadboo'),
(97, 'Trumann', 'Findlay', 'tfindlay2o', 64826, 'Vidon', 2, 'PIy0Dq'),
(98, 'Sascha', 'Yeend', 'syeend2p', 9, 'Prairie Rose', 1, 'kkgXPeM'),
(99, 'Carmela', 'Jermey', 'cjermey2q', 4552, 'Spaight', 3, '1j1rA2paB'),
(100, 'Hermie', 'Dottridge', 'hdottridge2r', 454, 'Golden Leaf', 4, 'imYIP3tuqp'),
(101, 'Irving', 'Padson', 'ipadson2s', 1220, 'Green Ridge', 2, 'OzOcoupYC'),
(102, 'Barde', 'O\'Mohun', 'bomohun2t', 1633, 'Tomscot', 4, 'bXsxs0b'),
(103, 'Elinore', 'Holyland', 'eholyland2u', 47, 'Hooker', 4, 'xd8nO4H2'),
(104, 'Abbe', 'Chomicz', 'achomicz2v', 69, 'Mallard', 1, '6uTN1gnt'),
(105, 'Haskel', 'Fullard', 'hfullard2w', 7, 'Drewry', 3, 'v4YjGrJflqsv'),
(106, 'Eugenius', 'Orae', 'eorae2x', 733, 'Meadow Vale', 4, 'O5DGImW'),
(107, 'Kariotta', 'Buske', 'kbuske2y', 0, 'Crownhardt', 4, 'j4dReT0'),
(108, 'Ravi', 'Extill', 'rextill2z', 886, 'Oakridge', 4, 'QO12GG'),
(109, 'Jacynth', 'Stutter', 'jstutter30', 9, 'Kropf', 3, 'KG3rNSiG'),
(110, 'Ashbey', 'Wallworke', 'awallworke31', 3, 'Shasta', 1, '3dhon1v4BIuo'),
(111, 'Natala', 'Allbut', 'nallbut32', 5193, 'Mendota', 2, '5R5V6ZIXPM'),
(112, 'Edin', 'Hundey', 'ehundey33', 70, 'Boyd', 5, 'CL9uBxnaB'),
(113, 'Devy', 'Grimshaw', 'dgrimshaw34', 50736, 'Caliangt', 3, 'PmxxPkq'),
(114, 'Maxy', 'Manklow', 'mmanklow35', 93164, 'Mayfield', 2, 'TU6Aah0IhNNR'),
(115, 'Kerianne', 'Firks', 'kfirks36', 69566, 'Ronald Regan', 5, 'qCOBNxK5L'),
(116, 'Marcus', 'Borless', 'mborless37', 7906, 'Arapahoe', 2, 'llnftJap'),
(117, 'Terra', 'Bentje', 'tbentje38', 2, 'Novick', 4, 'hYWbyz'),
(118, 'Laney', 'Goaks', 'lgoaks39', 32879, 'Old Shore', 4, 'JyAg9eH'),
(119, 'Brittan', 'Templeman', 'btempleman3a', 6791, '6th', 1, 'CoaBEW'),
(120, 'Gery', 'Hofton', 'ghofton3b', 51215, 'Elmside', 3, 'FvbR0TP'),
(121, 'Cristabel', 'Dubock', 'cdubock3c', 7152, 'International', 4, 'Znp8tA3su'),
(122, 'Crissie', 'Salerno', 'csalerno3d', 187, 'Corben', 5, 'q2KAtoVeLt01'),
(123, 'Major', 'Alliston', 'malliston3e', 68402, 'Blue Bill Park', 4, '1w4A9duej'),
(124, 'Phaedra', 'Bullers', 'pbullers3f', 146, 'Kipling', 1, 'F1JQRUnqx'),
(125, 'Mahala', 'Clac', 'mclac3g', 4, 'Independence', 1, 'qeoe3tngq8'),
(126, 'Koressa', 'Biffin', 'kbiffin3h', 25, 'Blaine', 1, 'hyBM5j3mzMMi'),
(127, 'Yalonda', 'Ivanovic', 'yivanovic3i', 6995, 'Manufacturers', 1, 'SFyX1R'),
(128, 'Bordy', 'Gocher', 'bgocher3j', 33, 'Cody', 3, 'o9KfECd5RlrC'),
(129, 'Glenine', 'Code', 'gcode3k', 764, 'Green Ridge', 2, 'gOW4MMrHHp6'),
(130, 'Sammy', 'Brandle', 'sbrandle3l', 1622, 'Hagan', 5, 't3CX78Im'),
(131, 'Kahaleel', 'Marcinkowski', 'kmarcinkowski3m', 61290, 'Stoughton', 2, 'ZwLLXUFR'),
(132, 'Gaston', 'Airey', 'gairey3n', 3032, 'Sheridan', 5, 'qD5pxcKTZq'),
(133, 'Lilith', 'Elderkin', 'lelderkin3o', 9109, 'Badeau', 3, 'eolUjnNCMDWY'),
(134, 'Carolus', 'Shead', 'cshead3p', 91399, 'Waywood', 5, 'CyG4Ub'),
(135, 'Georgia', 'Lloyds', 'glloyds3q', 80, 'Surrey', 5, 'tnraiK2HK'),
(136, 'Hill', 'Shapira', 'hshapira3r', 162, 'Judy', 4, 'ULUlFSj9Y2'),
(137, 'Ly', 'Sweetland', 'lsweetland3s', 996, 'Westerfield', 4, 'GLnlIq3Tf'),
(138, 'Alvira', 'Vodden', 'avodden3t', 98114, 'High Crossing', 1, 'GXsL806U0E'),
(139, 'Putnem', 'Chimenti', 'pchimenti3u', 59, 'Merry', 3, 'v6tT38X'),
(140, 'Paquito', 'Demchen', 'pdemchen3v', 4, 'Packers', 5, '5img4kBBVis'),
(141, 'Ruprecht', 'Southall', 'rsouthall3w', 7, 'Hermina', 3, 't4V8VKQ'),
(142, 'Netti', 'Ragate', 'nragate3x', 151, 'Oakridge', 5, 'GhTj4iJFgPXv'),
(143, 'Corbie', 'Greenig', 'cgreenig3y', 8795, 'Banding', 1, '1V6kxCqZ'),
(144, 'Derry', 'Ponsford', 'dponsford3z', 15, 'Dawn', 5, '3Op7O0Wd0eY'),
(145, 'Yolanthe', 'Bache', 'ybache40', 25033, 'Grayhawk', 5, 'qy1eE2Nt8'),
(146, 'Brittni', 'Cammiemile', 'bcammiemile41', 7836, 'Stephen', 4, '10KVZmIbCZip'),
(147, 'Desirae', 'Ickov', 'dickov42', 98850, 'Independence', 3, 'CRJctsS2Q7N'),
(148, 'Bartholomeo', 'Mazzilli', 'bmazzilli43', 5, 'Forest Run', 1, '5pa8tRfi1F9H'),
(149, 'Gusella', 'Treby', 'gtreby44', 837, 'Monument', 1, 'OsjEBe5Kxd'),
(150, 'Korie', 'Todman', 'ktodman45', 9, 'Messerschmidt', 1, 'NVM1OTlxtt'),
(151, 'Karlik', 'Sudron', 'ksudron46', 69, 'Independence', 1, 'wUon1zJZlP0'),
(152, 'Natty', 'Bragg', 'nbragg47', 33990, 'Buhler', 5, '20GHWw1y4'),
(153, 'Kellyann', 'Reide', 'kreide48', 18976, 'Sloan', 1, 'TmY7F6tpi'),
(154, 'Nikita', 'Sands-Allan', 'nsandsallan49', 5, 'Barby', 5, '5gepHjy6ay'),
(155, 'Dorry', 'Sulman', 'dsulman4a', 60176, 'Loeprich', 4, 'yuUaNEmLqFOT'),
(156, 'Rosabel', 'Sevitt', 'rsevitt4b', 42855, 'Shoshone', 5, 'Z1JQA24wjWWg'),
(157, 'Jo', 'McAllister', 'jmcallister4c', 25350, 'Macpherson', 5, 'mVCMw7GSAzOa'),
(158, 'Gayleen', 'Sarll', 'gsarll4d', 1555, 'Buena Vista', 5, 'yxl93x'),
(159, 'Tedi', 'Bum', 'tbum4e', 4469, 'Troy', 1, 'pt5llWtUJ'),
(160, 'Allen', 'Schlagman', 'aschlagman4f', 719, 'Duke', 3, '4FJ5p3'),
(161, 'Nadine', 'Tayt', 'ntayt4g', 8, 'Clove', 3, '03fLZRRR'),
(162, 'Angeli', 'Dorkin', 'adorkin4h', 87523, 'Hansons', 1, 'CaWf4Dfa0OD'),
(163, 'Teodora', 'Liven', 'tliven4i', 76, 'Hayes', 1, '94sj8YKQqo'),
(164, 'Sonnnie', 'Klich', 'sklich4j', 1, 'Superior', 5, 'wGrpk4'),
(165, 'Nomi', 'Burvill', 'nburvill4k', 6, 'Brickson Park', 2, 'IpxGdTXrJCP'),
(166, 'Vilhelmina', 'Upston', 'vupston4l', 1, 'Morningstar', 1, 'yAyQMWJfk'),
(167, 'Delmor', 'Manna', 'dmanna4m', 3864, 'Stephen', 5, 'Bjm4zGcTxED'),
(168, 'Paco', 'Esson', 'pesson4n', 97, 'Meadow Vale', 5, 'V686oc7tZu'),
(169, 'Willem', 'Burgher', 'wburgher4o', 3763, 'Dexter', 5, 'ckEH0Mv4SwX'),
(170, 'Iver', 'Bilovsky', 'ibilovsky4p', 3253, 'Browning', 1, 'yRlAJVNx'),
(171, 'Carin', 'Place', 'cplace4q', 35, 'Portage', 1, 'I26nfZ'),
(172, 'Joete', 'Cowterd', 'jcowterd4r', 150, 'Utah', 3, 'evuuxKbH'),
(173, 'Bendite', 'Allpress', 'ballpress4s', 9619, 'Superior', 1, '01oypG3'),
(174, 'Salomone', 'Watman', 'swatman4t', 30, 'Pankratz', 2, 'OuWC2sIgwvS'),
(175, 'Araldo', 'Butson', 'abutson4u', 4, 'Arrowood', 1, 'JkVuE8CUw1'),
(176, 'Seline', 'Soars', 'ssoars4v', 93, 'Waxwing', 5, 'ue6wjgLX'),
(177, 'Granthem', 'Dullingham', 'gdullingham4w', 64, 'Gina', 1, 'a9dGmC9bA'),
(178, 'Gabriel', 'Gebbe', 'ggebbe4x', 41795, 'Sullivan', 4, 'bearmgvzp'),
(179, 'Munroe', 'MacGown', 'mmacgown4y', 2, 'Crescent Oaks', 1, 'nSf7hP'),
(180, 'Gabie', 'Blasik', 'gblasik4z', 1, 'Warbler', 3, 'R4zZHDY8tMAq'),
(181, 'Demetris', 'Ireson', 'direson50', 22523, 'Sachtjen', 5, '8JkOqT'),
(182, 'Jessa', 'Cockrill', 'jcockrill51', 38, 'Brentwood', 2, 'c7QG6iTCzYFf'),
(183, 'Loralie', 'Angerstein', 'langerstein52', 8097, 'Reinke', 2, 'BcHUcAzhL'),
(184, 'Gussie', 'Crippin', 'gcrippin53', 9523, 'Bunting', 5, 'v8cWa0l'),
(185, 'Gael', 'Leroy', 'gleroy54', 3, 'Heath', 4, 'jYOkW3W'),
(186, 'Leroi', 'Rattery', 'lrattery55', 80233, 'Hansons', 5, 'RQ5AF4ETnfDH'),
(187, 'Shel', 'Larose', 'slarose56', 31, 'International', 5, 'Okwxboo0OIv'),
(188, 'Woodie', 'Braunton', 'wbraunton57', 2638, 'Mayfield', 2, 'gQ0licb'),
(189, 'Siusan', 'Itzkovwitch', 'sitzkovwitch58', 8623, 'Jackson', 2, 'PKEgda'),
(190, 'Raphaela', 'Thickin', 'rthickin59', 888, 'Jay', 4, '2ghdrJ7'),
(191, 'Lorenzo', 'Gawith', 'lgawith5a', 5, 'Ramsey', 5, 'zeumxjapf'),
(192, 'Brigitte', 'Edgcombe', 'bedgcombe5b', 9833, 'Fallview', 2, 'TAAXMxJiu'),
(193, 'Saba', 'Tunn', 'stunn5c', 707, 'Crowley', 4, 'fNwZLbrYmDt'),
(194, 'Chloette', 'Holde', 'cholde5d', 8277, 'Commercial', 2, 'm8j8spG7S'),
(195, 'Giffy', 'MacDirmid', 'gmacdirmid5e', 94, 'Weeping Birch', 4, 'pkkK4RLnWuTN'),
(196, 'Nester', 'Grenter', 'ngrenter5f', 789, 'Coolidge', 1, 'oWgqcB'),
(197, 'Lauryn', 'Laviss', 'llaviss5g', 43808, 'Northland', 1, 'OS6GbMWfszO'),
(198, 'Shirley', 'Addington', 'saddington5h', 460, 'Mcbride', 3, 'zrhEUykU'),
(199, 'Theadora', 'Jeste', 'tjeste5i', 5211, 'Northfield', 2, 'fxrfhvFB2J'),
(200, 'Thaddeus', 'Folland', 'tfolland5j', 44492, 'Goodland', 4, 'IQ5Wd5KhgQ'),
(201, 'Carlynn', 'Budgen', 'cbudgen5k', 57, 'Cordelia', 2, 'YZbx83mkMXQ'),
(202, 'Karly', 'Jeskin', 'kjeskin5l', 2342, 'Coleman', 2, 'bVC2HVClmb'),
(203, 'Hilario', 'Gath', 'hgath5m', 2594, 'Redwing', 5, '5z25rMaNU'),
(204, 'Phyllida', 'Enocksson', 'penocksson5n', 9, 'Jenna', 3, 'kdCAs4S2'),
(205, 'Raye', 'Bradfield', 'rbradfield5o', 16, 'Mccormick', 3, 'zHw2w7O'),
(206, 'Constance', 'Overnell', 'covernell5p', 31, 'Talisman', 5, 'otIVNkwY'),
(207, 'Brand', 'Drohan', 'bdrohan5q', 85037, 'Petterle', 4, 'bwXKlh'),
(208, 'Linet', 'Luchetti', 'lluchetti5r', 9, 'Moose', 2, '3kRu1pXyIrpw'),
(209, 'Niel', 'Stive', 'nstive5s', 7844, 'Doe Crossing', 1, 'JlURvQhoYh'),
(210, 'Odilia', 'Le Houx', 'olehoux5t', 315, 'Lillian', 2, '9mzQA1kBQeU'),
(211, 'Archaimbaud', 'MacPhee', 'amacphee5u', 3, 'Iowa', 2, 'yE69Cx40K'),
(212, 'Riane', 'Headington', 'rheadington5v', 0, 'Logan', 1, 'GlEf5qAnmae'),
(213, 'Cort', 'Andryushin', 'candryushin5w', 81, 'Waubesa', 2, 'hzaW7iY5'),
(214, 'Sharon', 'Acklands', 'sacklands5x', 350, 'Clarendon', 4, 'fQmTAb'),
(215, 'Wolfie', 'Spurdens', 'wspurdens5y', 8, 'Transport', 2, 'BCtLOO1kgmL6'),
(216, 'Cosimo', 'Duligall', 'cduligall5z', 33125, 'Graceland', 2, 'k6301Yc87'),
(217, 'Burgess', 'Dunsmore', 'bdunsmore60', 533, 'Gina', 4, 'dzXKvN'),
(218, 'Lillis', 'Badman', 'lbadman61', 55, 'Meadow Vale', 3, 'HGHpEr'),
(219, 'Jone', 'Huxley', 'jhuxley62', 30, 'Eagan', 4, '5EpaTe'),
(220, 'Lotti', 'Kettridge', 'lkettridge63', 692, 'Reinke', 2, '0EWyNsqAqQ97'),
(221, 'Maribelle', 'Kassman', 'mkassman64', 3765, 'Little Fleur', 3, 'vqapEEKYiYg'),
(222, 'Madelin', 'Thirlaway', 'mthirlaway65', 8915, 'Dovetail', 3, 'JuD5Q8ch0pwu'),
(223, 'Aida', 'Jordon', 'ajordon66', 8531, 'Golf View', 3, 'jxIhfVnom'),
(224, 'Madalena', 'Semiras', 'msemiras67', 71741, 'Jana', 4, 'jaltQgHkidv9'),
(225, 'Valentia', 'Yonnie', 'vyonnie68', 4018, 'Division', 4, 'wxPJQJ'),
(226, 'Ives', 'Garci', 'igarci69', 10774, 'Namekagon', 1, 'UGJp7SUK'),
(227, 'Ive', 'Laybourn', 'ilaybourn6a', 18, 'Havey', 4, 'q6wcpJYe'),
(228, 'Anica', 'Yosselevitch', 'ayosselevitch6b', 5, 'Vidon', 3, 'LPw5AZQ'),
(229, 'Roi', 'Dymond', 'rdymond6c', 8, 'Wayridge', 3, 'T6kOQuI2'),
(230, 'Hyatt', 'Neeves', 'hneeves6d', 104, 'Vernon', 1, '9W3bTC'),
(231, 'Cynthia', 'Teek', 'cteek6e', 12, 'Dawn', 1, '0VCiEcF'),
(232, 'Brew', 'Bailes', 'bbailes6f', 97, 'Dwight', 3, '4yEiV8Qt5x'),
(233, 'Abby', 'Rosbottom', 'arosbottom6g', 1, 'Bashford', 1, '3O9OIaisBm'),
(234, 'Jermaine', 'Eyer', 'jeyer6h', 50, 'Cottonwood', 1, 'frG2roBv'),
(235, 'Marin', 'Zannuto', 'mzannuto6i', 5273, 'Mitchell', 3, 'uhJlUFDDObm'),
(236, 'Ingar', 'Crone', 'icrone6j', 42009, 'Trailsway', 3, 'I2o3gYqr'),
(237, 'Oliy', 'Dorrity', 'odorrity6k', 32448, 'Fallview', 3, 'JDW7F3'),
(238, 'Sharlene', 'Thunnerclef', 'sthunnerclef6l', 608, 'Hanson', 1, 'L04vjTL'),
(239, 'Pandora', 'Morsom', 'pmorsom6m', 1420, 'Pleasure', 4, 'QfBCeKppY'),
(240, 'Clio', 'Mattioli', 'cmattioli6n', 39, 'Beilfuss', 1, 'UUCJyi44RGX'),
(241, 'Dukey', 'Woodbridge', 'dwoodbridge6o', 8, 'Springview', 1, 's6JjLIAHYBCi'),
(242, 'Cherianne', 'Landrick', 'clandrick6p', 94, 'Hayes', 2, 'iSlPE0Nw'),
(243, 'Kerry', 'Dorkin', 'kdorkin6q', 2, 'Kennedy', 5, 'N6pD2iSmDZ'),
(244, 'Lorelei', 'Ramel', 'lramel6r', 0, 'Bartillon', 4, 'Ttxok0UM3W4'),
(245, 'Cathleen', 'Fesby', 'cfesby6s', 55, 'Red Cloud', 3, 'zA0Bfn'),
(246, 'Manfred', 'Skrzynski', 'mskrzynski6t', 15276, 'Kinsman', 5, 'VkxBqmqf'),
(247, 'Massimo', 'Kilian', 'mkilian6u', 67, 'Thierer', 3, '0F1CEpgo3L'),
(248, 'Mikey', 'Brahms', 'mbrahms6v', 12, 'Melrose', 2, 'xuz66uVfKCU'),
(249, 'Win', 'Hrus', 'whrus6w', 71, 'Vidon', 5, 'rKCoL4qo'),
(250, 'Mar', 'Uc', 'muc6x', 2824, 'Ramsey', 1, 'InJVHo7io'),
(251, 'Merlina', 'Brayne', 'mbrayne6y', 72, 'Green Ridge', 5, 'ydtmHZo'),
(252, 'Richy', 'Cullotey', 'rcullotey6z', 6, 'Namekagon', 5, 'uEjL9SP'),
(253, 'Fawnia', 'Parr', 'fparr70', 4, 'Nevada', 3, 'fvWpbwEa'),
(254, 'Marline', 'Dealy', 'mdealy71', 5, 'Reinke', 2, 'WCb9KHnrwzs'),
(255, 'Sybil', 'Pinare', 'spinare72', 3140, 'Sherman', 2, 'uOOZHg19a6Z'),
(256, 'Meggi', 'Beswell', 'mbeswell73', 67037, 'Mcbride', 1, 'msHIvoX'),
(257, 'Lawrence', 'Tinton', 'ltinton74', 5372, 'Russell', 2, 'OaFlvt'),
(258, 'Gertruda', 'Weatherley', 'gweatherley75', 325, 'Anderson', 3, '3hPqgMkOVOP1'),
(259, 'Emery', 'McGurgan', 'emcgurgan76', 6, 'Gina', 3, 'eaASXI6'),
(260, 'Baryram', 'Gockelen', 'bgockelen77', 10, 'Nancy', 4, 'CAnaHQfLZP2a'),
(261, 'Adams', 'Scrowson', 'ascrowson78', 45, 'Morningstar', 2, '9pYImvsjox'),
(262, 'Kendre', 'Donohoe', 'kdonohoe79', 18, '6th', 5, '4r9fAzjlS'),
(263, 'Rip', 'Couchman', 'rcouchman7a', 11600, 'Waywood', 5, 'XdrPW777FhN'),
(264, 'Bernie', 'Wateridge', 'bwateridge7b', 3, '5th', 1, 'YEB6hc'),
(265, 'Amby', 'Rowler', 'arowler7c', 403, 'Melody', 3, 'LYPhoF'),
(266, 'Mariette', 'Croyser', 'mcroyser7d', 2320, 'Dexter', 2, 'CPf53fCnJ6A'),
(267, 'Saba', 'Glaister', 'sglaister7e', 970, 'Eastlawn', 2, 'NgvjJXC3a0A'),
(268, 'Gabi', 'Treadaway', 'gtreadaway7f', 23641, 'Butternut', 4, 's3tBqPA81'),
(269, 'Cary', 'Fierman', 'cfierman7g', 78178, 'Grover', 2, 'O24hq9Y0i4pw'),
(270, 'Dave', 'Stanlick', 'dstanlick7h', 48190, 'Hanson', 1, 'fjJm9Ji'),
(271, 'Cecilia', 'Venart', 'cvenart7i', 43237, 'Westport', 1, 'lp2Ro5'),
(272, 'Kimbra', 'Connealy', 'kconnealy7j', 8, 'Grasskamp', 5, 'WdKDw4C'),
(273, 'Gertruda', 'Denington', 'gdenington7k', 8024, 'Division', 3, '5RkyQbzrc'),
(274, 'Tonye', 'Ruter', 'truter7l', 55, '5th', 1, 'sWTVgDxO8Vt'),
(275, 'Pearl', 'Tremmil', 'ptremmil7m', 72455, 'Hanover', 2, 'WHjIduNAJpAN'),
(276, 'Christopher', 'Isgate', 'cisgate7n', 906, 'Commercial', 4, 'TdhcdJj'),
(277, 'Deeann', 'Tesmond', 'dtesmond7o', 59166, 'Melody', 2, 'e6LXJFq'),
(278, 'Lonnie', 'Krzysztof', 'lkrzysztof7p', 5133, 'Kipling', 3, 'OcZNU8hEoxnY'),
(279, 'Aeriel', 'Lissemore', 'alissemore7q', 22, 'Superior', 2, '0JexmL'),
(280, 'Shalna', 'Ebbin', 'sebbin7r', 173, 'Summit', 2, 'usbf5LNLjzzQ'),
(281, 'Lynette', 'Ticic', 'lticic7s', 37264, 'Tomscot', 2, 'VFxCA2LM'),
(282, 'Leta', 'Kilborn', 'lkilborn7t', 41, 'Londonderry', 4, 'C4qSkGI'),
(283, 'Devlin', 'Doone', 'ddoone7u', 588, 'Hoffman', 1, '9ozUyCyE'),
(284, 'Camella', 'Skerritt', 'cskerritt7v', 3863, 'Loeprich', 5, 'N3TbXXKr'),
(285, 'Ezequiel', 'Give', 'egive7w', 8364, 'Westend', 5, '7oPU4aX'),
(286, 'Rickert', 'Shepton', 'rshepton7x', 5, 'Clemons', 5, 'fBXYWZ'),
(287, 'Regan', 'Roll', 'rroll7y', 3, 'Delaware', 5, 'vdsTt1iC7'),
(288, 'Eddie', 'Agates', 'eagates7z', 1441, 'Westerfield', 3, '0HBPCJZnzMZT'),
(289, 'Reider', 'Stockton', 'rstockton80', 7, 'Randy', 5, 'CDazyyBYKYzw'),
(290, 'Darrick', 'Waslin', 'dwaslin81', 8, 'Buena Vista', 1, 'hzWB1HyWB11B'),
(291, 'Carma', 'Lucey', 'clucey82', 14, 'Walton', 5, 'uvLKX3q'),
(292, 'Cyrus', 'Roberts', 'croberts83', 3526, 'Bluejay', 1, 'hWgsAkQ'),
(293, 'Ari', 'Sparshott', 'asparshott84', 58, 'Eagle Crest', 4, 'vF670EcKLnZW'),
(294, 'Cyrill', 'Jerrand', 'cjerrand85', 25893, 'Linden', 1, 'uaJDTE48'),
(295, 'Faydra', 'Bertwistle', 'fbertwistle86', 1, 'Milwaukee', 5, 'eUNC8ZNfPDS'),
(296, 'Rosemarie', 'Caddens', 'rcaddens87', 1, 'Debra', 3, 'g18LhoZJ'),
(297, 'Abie', 'Gullyes', 'agullyes88', 5, 'Riverside', 3, 'VajxrtO'),
(298, 'Linzy', 'Skyrm', 'lskyrm89', 96, 'Canary', 3, 'qCgKonyry6'),
(299, 'Rosalinde', 'Ernshaw', 'rernshaw8a', 369, 'High Crossing', 2, 'Ox1fLFsn9hT'),
(300, 'Nico', 'Marcos', 'nmarcos8b', 0, 'Manufacturers', 2, 'BrpBQflbgyJ'),
(301, 'Harris', 'Jennison', 'hjennison8c', 50312, 'Warbler', 5, 'SA2YJ4akUzk'),
(302, 'Deck', 'Darbyshire', 'ddarbyshire8d', 75, 'Schiller', 4, 'hnA9s5yJdw'),
(303, 'Druci', 'Mulder', 'dmulder8e', 92058, 'Cordelia', 3, 'DXRDOu3l'),
(304, 'Micky', 'Lennox', 'mlennox8f', 6, 'Grasskamp', 4, 'AhEp4MTiaF'),
(305, 'Derwin', 'Skipsea', 'dskipsea8g', 759, 'Nevada', 1, 'B2bya7nH5'),
(306, 'Findlay', 'Baldwin', 'fbaldwin8h', 65, 'Anniversary', 1, '1xOOrcIFJHNE'),
(307, 'Roseann', 'Peerman', 'rpeerman8i', 36961, 'Warbler', 1, 'jU7nc7'),
(308, 'Tommy', 'Renad', 'trenad8j', 7, 'Lindbergh', 3, 'jndvvu0'),
(309, 'Demetre', 'Nand', 'dnand8k', 88017, 'Annamark', 2, '9uhQsj'),
(310, 'Adelheid', 'Haszard', 'ahaszard8l', 79, 'Veith', 4, 'ICs4Co7'),
(311, 'Grantley', 'Doodson', 'gdoodson8m', 18634, 'Sunfield', 4, '5xz2zbQEDWK'),
(312, 'Ermentrude', 'Lace', 'elace8n', 27177, 'Northview', 4, 'xdxR7qm9hxfX'),
(313, 'Emilia', 'Rudwell', 'erudwell8o', 12166, 'Banding', 5, 'cHyKNq'),
(314, 'Zia', 'Waterhouse', 'zwaterhouse8p', 97694, 'Sutherland', 3, '4WubGcbOd9'),
(315, 'Lonee', 'Brame', 'lbrame8q', 99, 'Fieldstone', 2, '4Zb9Cevj3T'),
(316, 'Josiah', 'Ivashnikov', 'jivashnikov8r', 503, 'Melrose', 2, 'k3HCUsdUnUg'),
(317, 'Claude', 'Parysiak', 'cparysiak8s', 15159, 'Victoria', 4, 'CVfA3H4l'),
(318, 'Henrik', 'Ongin', 'hongin8t', 21, 'Green', 4, 'Jd4qsJUhJHa'),
(319, 'Helyn', 'Deneve', 'hdeneve8u', 4, 'Kedzie', 3, '1x6ewWB82l'),
(320, 'Sterling', 'Darnbrook', 'sdarnbrook8v', 78667, 'Tony', 3, 'x5zOfyAbEKJ'),
(321, 'Carlin', 'Kehri', 'ckehri8w', 1, 'Onsgard', 4, 'ERQXm5'),
(322, 'Toni', 'Dominick', 'tdominick8x', 79722, 'Di Loreto', 4, 'F2rYgkHGD9'),
(323, 'Manon', 'Greve', 'mgreve8y', 3, 'Utah', 2, 'DUccZb8Y16i5'),
(324, 'Gill', 'Audsley', 'gaudsley8z', 8, 'Cascade', 2, 'pBOuZHGVw9D'),
(325, 'Ivan', 'Audley', 'iaudley90', 59659, 'Monument', 2, 'qz1cri'),
(326, 'Dulcine', 'Triggs', 'dtriggs91', 55, 'Brown', 2, 'IfE9nm04w6U'),
(327, 'Jenny', 'Lightwing', 'jlightwing92', 23957, 'Old Shore', 4, '1ntuL7xLQ'),
(328, 'Avivah', 'Menhci', 'amenhci93', 3, 'School', 2, 'Mss7AW8o5S'),
(329, 'Lurlene', 'Ewins', 'lewins94', 185, 'Dottie', 4, 'CjQTOY2uU'),
(330, 'Cyrille', 'Milhench', 'cmilhench95', 91412, 'Manitowish', 2, 'hum5Pt'),
(331, 'Wini', 'Zaniolini', 'wzaniolini96', 970, 'Chinook', 2, 'soTGFR'),
(332, 'Virgie', 'Pollitt', 'vpollitt97', 2829, 'Pleasure', 5, 'WcxElHFmb'),
(333, 'Darnell', 'Simka', 'dsimka98', 8, 'Troy', 5, 'ckxOJveYHC'),
(334, 'Herby', 'Capey', 'hcapey99', 45842, 'Springview', 1, 'eoF1Uqg'),
(335, 'Freddy', 'Rabbitt', 'frabbitt9a', 2037, 'International', 4, 'bO5L4LMlK'),
(336, 'Sibylla', 'Goodey', 'sgoodey9b', 334, 'Mcguire', 2, 'qx6JuU'),
(337, 'Celene', 'Dahlberg', 'cdahlberg9c', 534, 'Delaware', 2, '25UJT0tw'),
(338, 'Sukey', 'Fortun', 'sfortun9d', 16, 'Barnett', 2, '4NVfO8gQ'),
(339, 'Jodie', 'Wickmann', 'jwickmann9e', 474, 'Troy', 2, 'yRIGP9'),
(340, 'Dianna', 'Mingard', 'dmingard9f', 11, 'Fairfield', 1, '8lbcKS'),
(341, 'Marquita', 'Blasgen', 'mblasgen9g', 159, 'Linden', 2, '6WPc9sl'),
(342, 'Jarrad', 'Tracey', 'jtracey9h', 53, 'High Crossing', 3, 'wlSjyrc'),
(343, 'Chelsea', 'Swains', 'cswains9i', 1880, 'Packers', 2, 'dnuHBZk91UY'),
(344, 'Alisun', 'Meco', 'ameco9j', 2, 'Bluejay', 1, 'q41RsLN'),
(345, 'Ida', 'Fuzzey', 'ifuzzey9k', 2736, 'Basil', 3, 'AUrBBM'),
(346, 'Sarge', 'Devereux', 'sdevereux9l', 74967, 'Red Cloud', 2, 'tkG9Zzp'),
(347, 'Magdalene', 'Allington', 'mallington9m', 6, 'Victoria', 4, 'R43Mby'),
(348, 'Ellwood', 'Flanaghan', 'eflanaghan9n', 976, 'Autumn Leaf', 2, 'Ik3a14Y5v'),
(349, 'Connie', 'Pietesch', 'cpietesch9o', 7775, 'Prentice', 4, '5CjBScxfYBk'),
(350, 'Eran', 'Tylor', 'etylor9p', 815, 'Shopko', 1, 'eDnwMTZH5h'),
(351, 'Tuesday', 'Rulf', 'trulf9q', 83, 'Stone Corner', 1, 'unTkvQp'),
(352, 'Jeralee', 'Heild', 'jheild9r', 61, 'Mockingbird', 3, 'aRf544V'),
(353, 'Arley', 'Heath', 'aheath9s', 4, 'Namekagon', 3, '04FrApHsKGZ'),
(354, 'Maureene', 'Scamadine', 'mscamadine9t', 80211, 'Meadow Ridge', 1, 'r3Lw14'),
(355, 'Lynnett', 'Murch', 'lmurch9u', 9, 'Shopko', 2, 'fLQAEP'),
(356, 'Bronson', 'Le Brum', 'blebrum9v', 7, 'Sycamore', 2, 'pwj6KB6rC5tc'),
(357, 'Doralin', 'Cullinane', 'dcullinane9w', 9045, 'Melrose', 1, 'LG3e326'),
(358, 'Errick', 'Blagdon', 'eblagdon9x', 943, 'Hanson', 3, 'JH1xh6H66dA8'),
(359, 'Shelley', 'Broz', 'sbroz9y', 91202, 'Arrowood', 4, 'BQRGnSE'),
(360, 'Joanne', 'McGuire', 'jmcguire9z', 395, 'Rowland', 1, 'Ir4HytEB7Eu'),
(361, 'Cesya', 'Mathan', 'cmathana0', 4, 'Pierstorff', 3, 'yEefwE'),
(362, 'Jean', 'Spight', 'jspighta1', 42798, 'Sommers', 5, 'SjEV2IFyn'),
(363, 'Derek', 'Westley', 'dwestleya2', 309, 'Johnson', 3, 'tJOm6OQrGQv'),
(364, 'Birgit', 'Rappaport', 'brappaporta3', 42, 'Bashford', 2, '5JRqDqp'),
(365, 'Gasper', 'Strand', 'gstranda4', 77671, 'Chinook', 4, 'xzokJ7xY4pU5'),
(366, 'Stewart', 'Meeland', 'smeelanda5', 62, 'Waxwing', 1, 'cma5zbX'),
(367, 'Bent', 'Bromidge', 'bbromidgea6', 948, 'Merchant', 1, 'a8yJ9f'),
(368, 'Mikel', 'Muzzi', 'mmuzzia7', 9697, 'Sunbrook', 1, 'dI1BlRP'),
(369, 'Eba', 'Bernardt', 'ebernardta8', 61375, 'Walton', 3, 'K0I4wLC7Rm'),
(370, 'Timoteo', 'Kenlin', 'tkenlina9', 98934, 'Farwell', 4, 'RS3gMqIJH2i'),
(371, 'Townie', 'Crowcher', 'tcrowcheraa', 2207, 'Dennis', 1, '0T1cjc58r'),
(372, 'Sarina', 'Brattan', 'sbrattanab', 23088, 'Rutledge', 5, 'fePngMJCIINg'),
(373, 'Susie', 'Wiltsher', 'swiltsherac', 57985, 'Caliangt', 3, 'CZYYqJBPXOXa'),
(374, 'Paulie', 'Budibent', 'pbudibentad', 4153, 'Tomscot', 2, 'BanBoT'),
(375, 'Eldon', 'O\' Meara', 'eomearaae', 554, 'Macpherson', 4, '3GPXLlk'),
(376, 'Lebbie', 'Shorten', 'lshortenaf', 663, 'Mendota', 3, 'sNNV0iWbWfOF'),
(377, 'Thaxter', 'Newiss', 'tnewissag', 7, 'Wayridge', 4, 'zYCZEl'),
(378, 'Tasia', 'Grigorkin', 'tgrigorkinah', 889, 'Monica', 4, 'yPOBGaziY'),
(379, 'Burnaby', 'Darnbrough', 'bdarnbroughai', 9088, 'Sauthoff', 2, '0Wh8ITyKZJ99'),
(380, 'Lanny', 'MacCarrane', 'lmaccarraneaj', 3, 'American Ash', 5, 'pQfaUyMjb2'),
(381, 'Traci', 'Hull', 'thullak', 768, 'Porter', 4, 'ZEsQ6K'),
(382, 'Lari', 'Fandrich', 'lfandrichal', 58003, 'Monument', 2, 'nGEbdaJ'),
(383, 'Titos', 'Nash', 'tnasham', 104, 'Iowa', 2, 'eoVSFEx'),
(384, 'Allix', 'Taggett', 'ataggettan', 133, 'La Follette', 5, 'FdpOKUyniGy5'),
(385, 'Ebonee', 'Crush', 'ecrushao', 1221, 'Arapahoe', 2, '56Q72zUw'),
(386, 'Blythe', 'Grumell', 'bgrumellap', 3295, 'Village Green', 4, 'M25wEFmMQDLZ'),
(387, 'Karolina', 'Royston', 'kroystonaq', 400, 'Oak', 3, 'dVtwe0e58Ln'),
(388, 'Jackelyn', 'Nolan', 'jnolanar', 75, 'Arrowood', 5, 'C03Sc8xMoz0'),
(389, 'Karyl', 'Beesley', 'kbeesleyas', 1, 'Bayside', 5, 'ovlcxBb5w2J'),
(390, 'Astra', 'De Hooge', 'adehoogeat', 5378, 'Canary', 4, '4lmAHCvWLNHd'),
(391, 'Mozes', 'Anyon', 'manyonau', 4, 'Loeprich', 4, '2hgP8b1q'),
(392, 'Nellie', 'Livingston', 'nlivingstonav', 3681, 'Fordem', 2, 'cTsj3vW5xWa'),
(393, 'Esmaria', 'Biglin', 'ebiglinaw', 476, 'Jenifer', 3, 'ArWVRlR'),
(394, 'Laney', 'MacAne', 'lmacaneax', 88, 'Sage', 3, 'DeffBrznp3z'),
(395, 'Andrea', 'Lubomirski', 'alubomirskiay', 34, 'Gerald', 5, 'XXDvZ4Ux'),
(396, 'Minne', 'Creus', 'mcreusaz', 71010, 'Anzinger', 2, 'cMhZzGNen'),
(397, 'Rivalee', 'Marchment', 'rmarchmentb0', 514, 'Vahlen', 2, 'PwNk7D'),
(398, 'Bethanne', 'Ivanchov', 'bivanchovb1', 20, 'Main', 5, 'xJXsBK'),
(399, 'Maddalena', 'Puttan', 'mputtanb2', 9, 'Reindahl', 4, 'DfTDnz5'),
(400, 'Anthiathia', 'Marusik', 'amarusikb3', 80995, 'American Ash', 1, 'SvWxd89'),
(401, 'Cesare', 'Meriton', 'cmeritonb4', 5295, 'Fremont', 5, 'KPbcp4e4'),
(402, 'Liam', 'Ferebee', 'lferebeeb5', 2, 'Laurel', 4, 'GFKHAU1i'),
(403, 'Wendeline', 'Toy', 'wtoyb6', 58850, 'Pawling', 5, '3GSIHgr'),
(404, 'Arielle', 'Janauschek', 'ajanauschekb7', 670, 'Hallows', 1, 'onJVFz0K'),
(405, 'Berti', 'Turpin', 'bturpinb8', 448, 'Badeau', 4, 'xZoq9zF'),
(406, 'Quintina', 'Southers', 'qsouthersb9', 50922, 'Crest Line', 3, 'SpSCFhonmpHL'),
(407, 'Delmar', 'Kroll', 'dkrollba', 3, 'Waywood', 2, 'FOxov7S3CO'),
(408, 'Gerardo', 'Gauchier', 'ggauchierbb', 30, 'Hoffman', 5, '2EKOp8xYfgsn'),
(409, 'Corly', 'Matyushkin', 'cmatyushkinbc', 6461, 'Oak', 2, 'B5XciK6'),
(410, 'Emory', 'Proppers', 'eproppersbd', 32240, 'Sundown', 5, 'saLox1Uq4uiT'),
(411, 'Leodora', 'Giacomelli', 'lgiacomellibe', 9, 'Pierstorff', 4, 'ePcyudrHKE'),
(412, 'Shannan', 'Jeakins', 'sjeakinsbf', 4, 'Grim', 2, 'gAWKdrXNAsgk'),
(413, 'Wright', 'Burchatt', 'wburchattbg', 30, 'Surrey', 2, 'Y0iSm7opYx'),
(414, 'Maryjane', 'Worrell', 'mworrellbh', 7773, 'Montana', 3, 'YodLa0k6ll'),
(415, 'Trixi', 'Scarsbrooke', 'tscarsbrookebi', 177, 'Eastwood', 4, 'ROTvGM3XmKj'),
(416, 'Rosalind', 'Dallaghan', 'rdallaghanbj', 60, 'Mesta', 3, '3dqsLUkjOM'),
(417, 'Geno', 'Imlock', 'gimlockbk', 95, 'Amoth', 4, 'qoBvHKjVDKg'),
(418, 'Augustin', 'Congreave', 'acongreavebl', 2772, 'Sunbrook', 5, 'wZ26uE0c'),
(419, 'Patsy', 'Durno', 'pdurnobm', 7, 'Monument', 2, 'yaCuhZ4fi9'),
(420, 'Annora', 'Abys', 'aabysbn', 0, 'Schiller', 3, 'g3iYYO'),
(421, 'Sibel', 'Dodell', 'sdodellbo', 75950, 'Thierer', 3, '4ZlT5S'),
(422, 'Shirleen', 'Kadd', 'skaddbp', 196, 'Golf Course', 5, '0G584li'),
(423, 'Hannah', 'Biggadike', 'hbiggadikebq', 845, 'Di Loreto', 3, '1k3yPlea'),
(424, 'Barrett', 'Schofield', 'bschofieldbr', 4, 'Mayer', 3, 'TwUiNWhkKQQ'),
(425, 'Arlene', 'Naldrett', 'analdrettbs', 11, 'Oriole', 3, '0mBlYk'),
(426, 'Analise', 'Stanyer', 'astanyerbt', 93724, 'Ruskin', 5, 'pEGuuuR'),
(427, 'Debee', 'Ghelarducci', 'dghelarduccibu', 21, 'Menomonie', 5, 'AlOdyuoKIP'),
(428, 'Ilysa', 'Woolliams', 'iwoolliamsbv', 264, 'Lake View', 5, 'Ycp2kjll'),
(429, 'Ardis', 'Stockings', 'astockingsbw', 50428, '6th', 4, 'pdOVfu1Vc'),
(430, 'Tommie', 'Cribbott', 'tcribbottbx', 578, 'Lawn', 1, 'XVeB3iYn0g'),
(431, 'Gayleen', 'De Roos', 'gderoosby', 51642, 'Harbort', 1, 'AnlrxR'),
(432, 'Ernie', 'Umney', 'eumneybz', 3, 'Crownhardt', 3, 't0K0p140iwm'),
(433, 'Dorotea', 'Lovemore', 'dlovemorec0', 98518, 'Kenwood', 2, 'QYJuno58Ssm'),
(434, 'Shanna', 'Kearle', 'skearlec1', 16, 'Fallview', 5, 'UFBzoqNU'),
(435, 'Rorke', 'Bartos', 'rbartosc2', 44, 'Dottie', 2, 'JPaBxN4qw'),
(436, 'Rhody', 'Redd', 'rreddc3', 7, 'Blaine', 5, 'gWDKnW4'),
(437, 'Birgit', 'Lydiatt', 'blydiattc4', 1, 'Maple', 4, 'ld3HRY9H2e'),
(438, 'Elizabeth', 'Hedan', 'ehedanc5', 6, 'Moulton', 3, '7sxarRl'),
(439, 'Allyce', 'Van Haeften', 'avanhaeftenc6', 105, 'Graceland', 1, '1t3zY5kZ'),
(440, 'Brynne', 'Castleton', 'bcastletonc7', 385, 'Eliot', 1, 'Q2xxYsfF'),
(441, 'Sheela', 'Dungee', 'sdungeec8', 173, 'Schurz', 2, '9MRSnjHs'),
(442, 'Alane', 'Burfield', 'aburfieldc9', 86666, 'Cody', 4, '3DNzfDeTpN'),
(443, 'Serena', 'Bannester', 'sbannesterca', 0, 'Leroy', 2, 'JeJAon5P'),
(444, 'Milzie', 'Firsby', 'mfirsbycb', 9, 'Iowa', 5, 'zzt0D6Gby'),
(445, 'Robby', 'Lyngsted', 'rlyngstedcc', 4959, 'Elka', 1, 'o63DYkrwxp'),
(446, 'Gisella', 'Coursor', 'gcoursorcd', 51426, 'Manitowish', 3, 'rOs3MWA43XO'),
(447, 'Jo ann', 'Snary', 'jsnaryce', 193, 'Susan', 4, 'Fa2dY8'),
(448, 'Laurice', 'LaBastida', 'llabastidacf', 837, 'Summit', 4, 'DS3zNIv'),
(449, 'Olympe', 'Philipsson', 'ophilipssoncg', 5493, 'Tony', 4, '2qEJ8ZChvuN'),
(450, 'Roxane', 'Ebden', 'rebdench', 7890, 'Roth', 4, 'uj9tTHVPPTkS'),
(451, 'Ethan', 'Skews', 'eskewsci', 3, 'Marcy', 5, 'PxW9pvWW'),
(452, 'Beatrice', 'MacCosty', 'bmaccostycj', 73970, 'Grover', 4, 'UCZ3BG'),
(453, 'Donetta', 'Thonason', 'dthonasonck', 70, 'Gulseth', 2, 'vzLAoffYfgyX'),
(454, 'Nathanil', 'Gilkes', 'ngilkescl', 3, 'Dryden', 4, 'n2ImeKCxNJ'),
(455, 'Violette', 'Dumsday', 'vdumsdaycm', 16, 'Holmberg', 3, 'S6wdlrNfvfP'),
(456, 'Carlye', 'Hoggins', 'chogginscn', 91016, 'Brentwood', 2, 'FbfH2S8IAa'),
(457, 'Cara', 'Bullent', 'cbullentco', 8, 'Bashford', 5, 'isZnPx'),
(458, 'Miller', 'Paolo', 'mpaolocp', 985, 'Onsgard', 4, 'WyldbgSD4'),
(459, 'May', 'Crackett', 'mcrackettcq', 87322, 'Chinook', 1, 'qA8LA7XIvG'),
(460, 'Penny', 'Bunkle', 'pbunklecr', 5775, 'Parkside', 5, 'juklLNMJ'),
(461, 'Micki', 'Galiford', 'mgalifordcs', 16, 'Jana', 5, 'ke0tWQ'),
(462, 'Flora', 'Stell', 'fstellct', 2833, 'Schurz', 2, '6UIrsW'),
(463, 'Cacilie', 'Catterall', 'ccatterallcu', 84, 'Russell', 4, '3unXbH3qx'),
(464, 'Jobie', 'McGinney', 'jmcginneycv', 7545, 'Clove', 5, 'eElZZCbvb'),
(465, 'Bobbye', 'Chinnock', 'bchinnockcw', 847, 'Dakota', 5, 'nOBp9Klb'),
(466, 'Margaux', 'Hartman', 'mhartmancx', 4233, 'Crownhardt', 2, 'ba6qUEqMouMk'),
(467, 'Jeff', 'Betser', 'jbetsercy', 4254, 'Forest Run', 5, 'ctXW9e'),
(468, 'Padgett', 'Donaldson', 'pdonaldsoncz', 3084, 'Clemons', 5, '8aX3xYxvcjF'),
(469, 'Marie', 'Marchington', 'mmarchingtond0', 58064, 'Longview', 1, 'JY0F6gfL'),
(470, 'Barbe', 'Adamovsky', 'badamovskyd1', 755, 'Glendale', 2, '1VDF3LSy'),
(471, 'Teirtza', 'Meeus', 'tmeeusd2', 94545, 'Moulton', 4, 'KswHtP'),
(472, 'Darell', 'Lack', 'dlackd3', 7647, 'Blue Bill Park', 4, 'QNsmJ3JK7I'),
(473, 'Doyle', 'Dibbe', 'ddibbed4', 660, 'Anderson', 4, 'eBCzVDnNTXF'),
(474, 'Cynthia', 'Redemile', 'credemiled5', 263, 'Boyd', 1, 'CKCTjOrpilt'),
(475, 'Doro', 'McNeilley', 'dmcneilleyd6', 980, 'Thierer', 5, '87A88IU'),
(476, 'Berri', 'Scamerdine', 'bscamerdined7', 713, 'Chinook', 3, 'McN4zx'),
(477, 'Fianna', 'Bartleet', 'fbartleetd8', 67857, 'Trailsway', 1, 'cshfVJ5Jq'),
(478, 'Bunnie', 'Dowbiggin', 'bdowbiggind9', 450, 'Manley', 5, 'e6LBHhfvS'),
(479, 'Baryram', 'Bullough', 'bbulloughda', 11, 'Shasta', 1, 'C6LTMb4E'),
(480, 'Nester', 'Rickhuss', 'nrickhussdb', 2957, 'Manufacturers', 4, 'WjoVuCA'),
(481, 'Hendrika', 'Beetham', 'hbeethamdc', 84, 'Welch', 2, 'Za54GbQs'),
(482, 'Boonie', 'Bullerwell', 'bbullerwelldd', 91204, 'Kim', 2, '7IUEfWV09wYq'),
(483, 'Lindy', 'Lile', 'llilede', 1, 'Mayfield', 1, 'Zle1vJw'),
(484, 'Janeta', 'Doerren', 'jdoerrendf', 63859, 'Rieder', 3, '2fbn4qYf'),
(485, 'Rand', 'Saggs', 'rsaggsdg', 0, 'Saint Paul', 5, 'fS3NZDLPMu'),
(486, 'Shayne', 'Croughan', 'scroughandh', 37290, 'Boyd', 2, 'BGE5IAAfd6du'),
(487, 'Wolfgang', 'Strippling', 'wstripplingdi', 4412, 'Killdeer', 5, 'mpr9W30'),
(488, 'Zarla', 'Pinder', 'zpinderdj', 38676, 'Riverside', 3, 'tv7ZNv5M0it'),
(489, 'Vidovik', 'Fitzer', 'vfitzerdk', 30160, 'Bartillon', 4, '78V0L6u'),
(490, 'Barbabra', 'Osband', 'bosbanddl', 22, 'Lake View', 5, 'o5X09ZTQEe'),
(491, 'Harris', 'Tombleson', 'htomblesondm', 712, 'Mitchell', 3, 'v7bquL'),
(492, 'Welsh', 'Rehme', 'wrehmedn', 68, 'Bunting', 4, 'g3PXEFJq'),
(493, 'Rowe', 'Danilewicz', 'rdanilewiczdo', 71468, 'Killdeer', 3, 'o7vE2E'),
(494, 'Morganica', 'Lyfe', 'mlyfedp', 59, 'Shoshone', 5, 'OLZS3r'),
(495, 'Fonzie', 'Chalmers', 'fchalmersdq', 45, 'Vermont', 3, 'j8cwnuZZmWF'),
(496, 'Hagan', 'Raycroft', 'hraycroftdr', 9, 'Sauthoff', 1, 'vCtZYnu'),
(497, 'Simon', 'Surgood', 'ssurgoodds', 0, 'Glendale', 1, 'fJXJuchm19N'),
(498, 'Rayna', 'Townsley', 'rtownsleydt', 598, 'Fairview', 5, 'qySk3o'),
(499, 'Sholom', 'Deshorts', 'sdeshortsdu', 714, 'Portage', 2, 'tvRZTm'),
(500, 'Tait', 'De Ambrosis', 'tdeambrosisdv', 37, 'Monument', 1, 'W2vLGmn'),
(501, 'Mary', 'Sowersby', 'msowersbydw', 82559, 'Westport', 3, 'It7LIdw7Qxb'),
(502, 'Carmencita', 'Pankettman', 'cpankettmandx', 36178, 'Vermont', 4, 'n2xaIa2voW'),
(503, 'Lila', 'Paur', 'lpaurdy', 54220, 'Rockefeller', 1, 'FNltxRz'),
(504, 'Benn', 'Benditt', 'bbendittdz', 7419, 'Esch', 4, 'Qs8jYBvhE'),
(505, 'Lester', 'Crosfeld', 'lcrosfelde0', 22, 'Mitchell', 2, 'TWzcz0Wsdd'),
(506, 'Carr', 'Chisman', 'cchismane1', 2645, 'Raven', 4, 'mi2KuMFu'),
(507, 'Beck', 'Oboy', 'boboye2', 828, 'Montana', 2, 'MW73PTYpfJjj'),
(508, 'Matias', 'Kindon', 'mkindone3', 113, 'New Castle', 2, 'VEuKAA8V0TE'),
(509, 'Tann', 'Areles', 'tarelese4', 4586, 'Tennyson', 1, 'eCkalfgS'),
(510, 'Sasha', 'Frew', 'sfrewe5', 90, 'Duke', 1, 'kVsJP9Zjr9J'),
(511, 'Shina', 'Bartalini', 'sbartalinie6', 4186, 'Bellgrove', 3, '3dKFNSE7G'),
(512, 'Pammi', 'McBayne', 'pmcbaynee7', 191, 'Londonderry', 4, 'UVnaLo'),
(513, 'Helen-elizabeth', 'Mowson', 'hmowsone8', 62070, 'Comanche', 3, 'E7UcDPlV'),
(514, 'Edsel', 'Broomer', 'ebroomere9', 2895, 'Scoville', 4, 'lG6weHJmIdO'),
(515, 'Fiona', 'Artin', 'fartinea', 6, 'Di Loreto', 4, 'QnGIisKm'),
(516, 'Lari', 'Drust', 'ldrusteb', 4, 'Brickson Park', 1, 'f7vaHxv'),
(517, 'Bartel', 'Brazear', 'bbrazearec', 276, 'Eliot', 3, 'Qzt6Uo'),
(518, 'Kore', 'Inge', 'kingeed', 95, 'Londonderry', 2, 'skGWyKk9ZSX'),
(519, 'Sheila', 'Phillot', 'sphillotee', 83, 'Monica', 4, 'WXe9lERj3PQ'),
(520, 'Nikita', 'Antoniewski', 'nantoniewskief', 46677, 'Bellgrove', 4, 'CfhbtlHNE'),
(521, 'Raquel', 'Bellas', 'rbellaseg', 72, 'Northridge', 3, 'QJsJa4GF9XVD'),
(522, 'Pearline', 'Lissemore', 'plissemoreeh', 9, 'Logan', 1, '6WbsT6EQdUuB'),
(523, 'Bill', 'Gomersall', 'bgomersallei', 82, 'Oakridge', 3, 'wH9RiAzj'),
(524, 'Freda', 'Blackaller', 'fblackallerej', 30, 'Homewood', 5, 'CxTfaN5Nm8YM'),
(525, 'Brucie', 'Scritch', 'bscritchek', 61531, 'Maywood', 5, 'PCOfhnu9Qq5T'),
(526, 'Winston', 'Oliveira', 'woliveirael', 6251, 'School', 5, 'wKYSdwX'),
(527, 'Claretta', 'Iori', 'cioriem', 95737, 'Myrtle', 4, 'HjmBB2lrF'),
(528, 'Jacobo', 'Falcus', 'jfalcusen', 21, 'Pleasure', 5, 'SZlS1Ym'),
(529, 'Micheline', 'Behling', 'mbehlingeo', 6, 'Nancy', 3, '652M6S'),
(530, 'Adena', 'Blader', 'abladerep', 10, 'Maple Wood', 1, 'LSzDQo'),
(531, 'Francklyn', 'Muckloe', 'fmuckloeeq', 2190, 'American', 5, 'K9wJaT'),
(532, 'Druci', 'Hanham', 'dhanhamer', 105, 'Carpenter', 4, '1uc0fb'),
(533, 'Jennilee', 'Squibbes', 'jsquibbeses', 5154, 'Talisman', 5, 'wXCzyGw1'),
(534, 'Garik', 'Wapple', 'gwappleet', 93, 'Lotheville', 1, '4AhaT1w'),
(535, 'Timothea', 'Gawthrop', 'tgawthropeu', 79, 'Northfield', 5, 'cTLAVvhUAMU'),
(536, 'Arthur', 'Fuidge', 'afuidgeev', 11892, 'Waywood', 5, 'KBy90rI6'),
(537, 'Karalynn', 'Twatt', 'ktwattew', 4, 'Corscot', 1, 'jOfm9fE3'),
(538, 'Lavena', 'Avrashin', 'lavrashinex', 4723, 'Garrison', 5, '77coZvNbQYJ'),
(539, 'Peter', 'Longhi', 'plonghiey', 3045, 'Myrtle', 4, 'hRVQ0i7'),
(540, 'Ravi', 'Tander', 'rtanderez', 9, 'Delaware', 3, '6OWw7hf'),
(541, 'Prentiss', 'Izakson', 'pizaksonf0', 231, 'Dayton', 2, 'SXwJz3DFc'),
(542, 'Quillan', 'Matussov', 'qmatussovf1', 5, 'Dwight', 1, '9ENmmBhbBVA'),
(543, 'Lauree', 'Sines', 'lsinesf2', 5269, 'Mitchell', 1, 'H7mXdHsHBF'),
(544, 'Bill', 'Hoppner', 'bhoppnerf3', 4, 'Morrow', 3, 'F9xEb4OMX'),
(545, 'Saloma', 'Bitcheno', 'sbitchenof4', 84, 'Sullivan', 2, 'VLsRnjxIq'),
(546, 'Tabbi', 'McLanachan', 'tmclanachanf5', 78710, 'Nova', 1, 'dFy3CXEI'),
(547, 'Lyn', 'Tangye', 'ltangyef6', 5, 'Wayridge', 4, 'Zpy7rT'),
(548, 'Justino', 'Wilflinger', 'jwilflingerf7', 4699, 'Mallard', 4, 'Dk92UW4pCc'),
(549, 'Maureen', 'Herkess', 'mherkessf8', 78, 'Pennsylvania', 2, 'RJXtNDiqp'),
(550, 'Marigold', 'Ryrie', 'mryrief9', 20549, 'Comanche', 2, 'EEWMmJi5fZc'),
(551, 'Emelia', 'Pentercost', 'epentercostfa', 475, 'Little Fleur', 2, 'baVm23gZKWki'),
(552, 'Broderic', 'Karlmann', 'bkarlmannfb', 2, 'Becker', 4, 'r4En2SsW'),
(553, 'Eunice', 'Panons', 'epanonsfc', 1729, 'Judy', 2, 'XvoWikiuXGfW'),
(554, 'Wait', 'MacCafferky', 'wmaccafferkyfd', 0, 'Browning', 3, '0ghbLJc'),
(555, 'Jillian', 'Lindeberg', 'jlindebergfe', 28, 'Harper', 1, 'okEqvJgz4dWd'),
(556, 'Neddy', 'Simmers', 'nsimmersff', 9, 'Hoard', 4, 'QmNzYxH'),
(557, 'Casey', 'Gaggen', 'cgaggenfg', 62, 'Shoshone', 2, 'yrksKqSCS'),
(558, 'Starr', 'Martynov', 'smartynovfh', 5291, 'Bobwhite', 1, 'oYNi898N6gEw'),
(559, 'Francine', 'Penniell', 'fpenniellfi', 72, 'Knutson', 1, '33Ubr3yO'),
(560, 'Gwenora', 'McSporrin', 'gmcsporrinfj', 81712, 'International', 3, 'XlXweGpjMF'),
(561, 'Kathryne', 'Bignall', 'kbignallfk', 8745, 'Florence', 1, 'nWRiIbesg'),
(562, 'Baxy', 'Bowart', 'bbowartfl', 5019, 'Coleman', 3, 'nzCetN'),
(563, 'Karina', 'MacDwyer', 'kmacdwyerfm', 45, 'Farwell', 1, 'AISjyFdp9T'),
(564, 'Mellisent', 'Froggatt', 'mfroggattfn', 939, 'Twin Pines', 2, 'OPdDRwOa'),
(565, 'Juliette', 'Bankhurst', 'jbankhurstfo', 37, 'Saint Paul', 5, 'xA3VCaWmOttF'),
(566, 'Katlin', 'Springthorpe', 'kspringthorpefp', 12, 'Upham', 1, 'RbPsen5'),
(567, 'Gwenneth', 'Loncaster', 'gloncasterfq', 7, 'Grasskamp', 3, 'yA6qcgObsy'),
(568, 'Tedmund', 'Madeley', 'tmadeleyfr', 7, 'Arapahoe', 1, 'CAiRgtp1Cw9'),
(569, 'Lewes', 'Chesshyre', 'lchesshyrefs', 3773, '4th', 3, 'XXyLrjqgom8V'),
(570, 'Berky', 'Poles', 'bpolesft', 3919, 'Raven', 1, 'YR5UuSP1Cr'),
(571, 'Wainwright', 'Hellings', 'whellingsfu', 21, 'Thackeray', 5, 'JwRpkb0F4NN'),
(572, 'Cristionna', 'Pawsey', 'cpawseyfv', 47879, 'Northview', 1, 'IACmYGFOq'),
(573, 'Ludovico', 'Pechet', 'lpechetfw', 522, 'Marquette', 5, 'O8t0TsIdnCmi'),
(574, 'Victoria', 'Smogur', 'vsmogurfx', 5975, 'Eggendart', 3, 'daRmzsyIZZy8'),
(575, 'Emlynne', 'Docherty', 'edochertyfy', 0, 'Green', 1, '59jmrCNvKbe5'),
(576, 'Karine', 'Sycamore', 'ksycamorefz', 1, 'Caliangt', 3, 'A0YiadK'),
(577, 'Marcie', 'Lethbridge', 'mlethbridgeg0', 9152, 'Emmet', 3, 'aMQxI8RltWg5'),
(578, 'Roberto', 'MacWhirter', 'rmacwhirterg1', 83, 'Dexter', 4, '3qwTXlDhtR'),
(579, 'William', 'Schwandermann', 'wschwandermanng2', 16, 'Ramsey', 5, 'tksgs5QiKe'),
(580, 'Allister', 'Vinden', 'avindeng3', 7081, 'Sage', 5, 'X8fXxAF8'),
(581, 'Denise', 'Dahlback', 'ddahlbackg4', 79032, 'Warbler', 1, 'mlCesocOKz'),
(582, 'Marnia', 'Decent', 'mdecentg5', 98099, 'Myrtle', 5, 'NPIqesVfSwf'),
(583, 'Enrichetta', 'Meaney', 'emeaneyg6', 6, 'Dayton', 3, 'dsQNMyqB'),
(584, 'Weider', 'Greep', 'wgreepg7', 91663, 'Rusk', 4, '01dHYygDDd3'),
(585, 'Kailey', 'Jeandin', 'kjeanding8', 5, 'Twin Pines', 5, 'uOmTtqMy09GQ'),
(586, 'Sharona', 'Sewley', 'ssewleyg9', 1002, 'Charing Cross', 4, 'pBEpu7yAb'),
(587, 'Euphemia', 'Feighney', 'efeighneyga', 76345, 'Oriole', 3, 'FGH2uVNZ40'),
(588, 'Karol', 'Ripon', 'kripongb', 66, 'Nelson', 1, 'cVsfJDhlswr'),
(589, 'Bari', 'Whybrow', 'bwhybrowgc', 719, 'Northview', 4, 'GFPz2GFH3Y'),
(590, 'Alica', 'Trice', 'atricegd', 69, 'Bayside', 5, 'KSPLnrEUngwH'),
(591, 'Jordan', 'Czajka', 'jczajkage', 7707, 'Texas', 3, '978H0xg1UxZq'),
(592, 'Kippy', 'Mougel', 'kmougelgf', 1726, 'Sunnyside', 3, 'tnATaDMs26'),
(593, 'Warde', 'Garioch', 'wgariochgg', 4, 'Saint Paul', 3, '769H6z7K'),
(594, 'Grazia', 'Whitbread', 'gwhitbreadgh', 33799, 'Westerfield', 5, 'lc7uk9oJdRe'),
(595, 'Constance', 'Bonnick', 'cbonnickgi', 173, 'Thierer', 2, 'roSf2MUQCk'),
(596, 'Ruttger', 'Olenchikov', 'rolenchikovgj', 75612, 'Oneill', 1, 'JbEcpam1gbah'),
(597, 'Liliane', 'Balffye', 'lbalffyegk', 43, 'Manufacturers', 5, 'Vi0RfXYlsh'),
(598, 'Kelley', 'Dunstan', 'kdunstangl', 39, 'Forest', 2, 'Unjn3xl4kS'),
(599, 'Parrnell', 'Langcastle', 'plangcastlegm', 791, 'Bellgrove', 5, '9GrA5pcZVh41'),
(600, 'Ernestus', 'Greenhouse', 'egreenhousegn', 9, 'Luster', 2, 'UE0YtlCn'),
(601, 'Twila', 'Harrell', 'tharrellgo', 1, 'Bellgrove', 3, 'tjBcEKa'),
(602, 'Adrianna', 'Hollingdale', 'ahollingdalegp', 2810, 'Lawn', 2, 'v3hMPxd70gU'),
(603, 'Ali', 'Baleine', 'abaleinegq', 104, 'Nancy', 3, 'o9YdPB9Wbu'),
(604, 'Glenine', 'Voas', 'gvoasgr', 7532, 'Atwood', 2, 'r6mqusbKA01'),
(605, 'Starr', 'Gallardo', 'sgallardogs', 67053, 'Elgar', 1, 'wxe8G1H'),
(606, 'Kynthia', 'Chese', 'kchesegt', 51673, 'Homewood', 1, 'N7kBiffbQEWz'),
(607, 'Philipa', 'Ciepluch', 'pciepluchgu', 453, 'Oakridge', 4, 'BNVbJ0bA'),
(608, 'Evangelia', 'Boother', 'eboothergv', 4, 'Eastlawn', 4, 'pq20XrAe'),
(609, 'Ilyse', 'Dedney', 'idedneygw', 656, 'Randy', 1, 'ZMPJaik'),
(610, 'Tremain', 'Janse', 'tjansegx', 531, 'Paget', 2, 'lNd3bewf2'),
(611, 'Sharron', 'Shenley', 'sshenleygy', 936, 'Cherokee', 3, 'gz6IBcpZs'),
(612, 'Marjorie', 'Waghorne', 'mwaghornegz', 7551, 'Riverside', 1, 'eRkNHvLg'),
(613, 'Percy', 'Sharphouse', 'psharphouseh0', 760, 'Starling', 4, 'ztYiJgPc'),
(614, 'Gustavus', 'Willars', 'gwillarsh1', 5, 'Dwight', 1, 'CmSRg6'),
(615, 'Jess', 'Asals', 'jasalsh2', 1, 'Center', 4, 'AcwemKIGRx'),
(616, 'Zora', 'Pachmann', 'zpachmannh3', 2435, 'Sherman', 5, '7cZkc1qSYZ'),
(617, 'Tallulah', 'McCord', 'tmccordh4', 3, 'International', 5, 'UJtUCKy'),
(618, 'Marcie', 'Phillips', 'mphillipsh5', 171, 'Mosinee', 1, 'UsG7ez'),
(619, 'Thurston', 'Schimoni', 'tschimonih6', 8, 'Becker', 2, 'MrpwQoQ'),
(620, 'Fulton', 'Grisenthwaite', 'fgrisenthwaiteh7', 5553, 'Mccormick', 1, 'HkQ4dT1mj3'),
(621, 'Vivian', 'Anstie', 'vanstieh8', 8253, 'Green Ridge', 5, 'R8dwB95paPK6'),
(622, 'Tobit', 'Palliser', 'tpalliserh9', 20, 'Amoth', 2, '7AzDdVaGjNZ'),
(623, 'Randa', 'Blastock', 'rblastockha', 3, 'Doe Crossing', 1, 'gwMhQZXe'),
(624, 'Patten', 'O\'Boyle', 'poboylehb', 6142, 'Lakewood Gardens', 2, '0LTgeSipnRZO'),
(625, 'Jessika', 'Rankcom', 'jrankcomhc', 78, 'Talisman', 1, 'a0mNfW7F'),
(626, 'Sheba', 'McMakin', 'smcmakinhd', 69939, 'Heffernan', 1, 'LqOTuqF9A8PM'),
(627, 'Christin', 'Elles', 'celleshe', 97567, 'Eagle Crest', 3, 'htPwU7ioxo'),
(628, 'Erv', 'L\'argent', 'elargenthf', 9926, 'Glendale', 1, 'OxOQBGnj'),
(629, 'Roze', 'Hazlegrove', 'rhazlegrovehg', 25911, 'Stephen', 1, 'ocmzMdza62s4'),
(630, 'Kristen', 'Embery', 'kemberyhh', 46, 'Oneill', 5, 'xXqvhvdAA'),
(631, 'Holli', 'McClenaghan', 'hmcclenaghanhi', 46195, 'Pennsylvania', 1, 'cpLFJvVsC'),
(632, 'Griff', 'Rama', 'gramahj', 92, 'Eagan', 3, 'K8JQMB'),
(633, 'Freddi', 'Alliberton', 'fallibertonhk', 12, 'Hazelcrest', 2, 'butxBumjMUe'),
(634, 'Gayleen', 'Schimank', 'gschimankhl', 5306, 'Southridge', 4, 'y58ofKeqj'),
(635, 'Susann', 'Kleinholz', 'skleinholzhm', 23635, 'Utah', 1, 'PQdWSeBpH2r'),
(636, 'Kylila', 'Couchman', 'kcouchmanhn', 31176, 'Oak Valley', 4, '0JRAAz'),
(637, 'Valenka', 'Robertshaw', 'vrobertshawho', 9005, 'Muir', 3, 'LPY4aSXafa'),
(638, 'Brok', 'Colloff', 'bcolloffhp', 5091, 'Fairview', 1, 'TpwbconDLGU'),
(639, 'Aluin', 'Galletley', 'agalletleyhq', 7, 'Main', 2, 'nNeQwfHej'),
(640, 'Mamie', 'Krzysztof', 'mkrzysztofhr', 2, 'Washington', 5, 'i2xuWR6S7'),
(641, 'Tricia', 'Sharrocks', 'tsharrockshs', 34890, 'Laurel', 4, 'aLCPje6vS5r'),
(642, 'Vally', 'Simenel', 'vsimenelht', 9439, 'Mandrake', 4, 'Q4YAFz'),
(643, 'Nessa', 'Furse', 'nfursehu', 2922, 'Hermina', 4, 'QN1cAiz2'),
(644, 'Gaspar', 'Kettlesting', 'gkettlestinghv', 548, 'West', 2, 'KnplSZ'),
(645, 'Ingunna', 'Chazerand', 'ichazerandhw', 1207, 'Milwaukee', 3, 'OYut7NdAIFl6'),
(646, 'Alyse', 'Zapater', 'azapaterhx', 14, 'Main', 2, 'RiN79F'),
(647, 'Elka', 'Pearlman', 'epearlmanhy', 475, 'Esch', 4, '7H2FP6'),
(648, 'Ingeberg', 'Harroway', 'iharrowayhz', 7, 'Nancy', 2, '4le0RW6J'),
(649, 'Danyette', 'FitzGilbert', 'dfitzgilberti0', 57564, 'North', 5, 'H0GKFShR'),
(650, 'Tomaso', 'Swetmore', 'tswetmorei1', 2617, 'Meadow Valley', 3, 'fMYQsDu6qJ'),
(651, 'Theodoric', 'Kick', 'tkicki2', 9, '3rd', 1, '1yJ2b9TCcOJ'),
(652, 'Olly', 'Theakston', 'otheakstoni3', 83, 'Roxbury', 1, 'lO7xA7'),
(653, 'Ilka', 'Bolsteridge', 'ibolsteridgei4', 71226, 'Dexter', 5, 'eBkL7wI3jhn'),
(654, 'Abbey', 'Welland', 'awellandi5', 888, 'Thackeray', 1, 'Oqrc6cw'),
(655, 'Joanna', 'Huntley', 'jhuntleyi6', 669, 'Algoma', 4, 'ajhRuha'),
(656, 'Stepha', 'Phythian', 'sphythiani7', 4386, 'Mariners Cove', 3, 'RkGLK4iP'),
(657, 'Magda', 'Breckenridge', 'mbreckenridgei8', 8201, '8th', 2, 'XV601hr38dBB'),
(658, 'Milt', 'Pledge', 'mpledgei9', 8337, 'Karstens', 2, 'UA65IL9nAj8f'),
(659, 'Damita', 'Kiln', 'dkilnia', 0, 'Coolidge', 5, 'jJ7cjcUpIB9g'),
(660, 'Leena', 'Caville', 'lcavilleib', 71999, 'Fisk', 1, 'hh01vZ'),
(661, 'Nonnah', 'Axby', 'naxbyic', 20, 'Westport', 4, 'O2V7K4zaw'),
(662, 'Salvador', 'Whyard', 'swhyardid', 604, 'Maple Wood', 1, 'rDhPut4'),
(663, 'Tamera', 'Quilligan', 'tquilliganie', 7787, 'Shasta', 4, 'ZDB2w2PoaFt'),
(664, 'Kalle', 'Duignan', 'kduignanif', 60, 'Crescent Oaks', 4, 'l6gvDphOJT'),
(665, 'Alisa', 'Topper', 'atopperig', 7478, 'Ridge Oak', 5, 'LZRiC51AQ'),
(666, 'Rodrique', 'Hadenton', 'rhadentonih', 860, 'Village Green', 2, 'JYT7CXD'),
(667, 'Felix', 'Rappaport', 'frappaportii', 253, 'Katie', 3, 'qOKbzw'),
(668, 'Fifine', 'Dyball', 'fdyballij', 89, 'Springview', 5, '2LaBbn'),
(669, 'Ainsley', 'Mandrey', 'amandreyik', 854, 'Stone Corner', 2, 'zXAnbKW'),
(670, 'Caye', 'Myhill', 'cmyhillil', 7972, 'Mccormick', 2, 'WIuju2C'),
(671, 'Amitie', 'Cowmeadow', 'acowmeadowim', 44789, 'Luster', 1, 'c7q0D1L'),
(672, 'Philis', 'Ponte', 'ppontein', 2, 'Jenifer', 2, 'IHijyGECG'),
(673, 'Darrelle', 'Dunsmuir', 'ddunsmuirio', 16288, '4th', 5, 'htZqiTz'),
(674, 'Dorolice', 'Zoanetti', 'dzoanettiip', 94, 'Sunnyside', 4, 'sSXzZgoE4Ds'),
(675, 'Noellyn', 'Goodchild', 'ngoodchildiq', 9740, 'Oak', 2, '5MC8MknU6'),
(676, 'Banky', 'Afonso', 'bafonsoir', 452, 'Scoville', 5, '5CHCT0lmc4'),
(677, 'Ingelbert', 'Cownden', 'icowndenis', 9, 'Fuller', 3, 'WvkBeLER0Wb'),
(678, 'Marilyn', 'Puncher', 'mpuncherit', 5, 'Nancy', 4, 'IOBW6fi3'),
(679, 'Arabel', 'Lumm', 'alummiu', 921, 'Talisman', 3, '6reG1Zow'),
(680, 'Salim', 'Linklater', 'slinklateriv', 76889, 'Gale', 2, 'OqEG5vRJL7O'),
(681, 'Terri-jo', 'Flaonier', 'tflaonieriw', 81, 'Fuller', 4, 'b1eAz5ij'),
(682, 'Costa', 'Twelvetrees', 'ctwelvetreesix', 91, 'Mallory', 2, 'VqClycxC0'),
(683, 'Mia', 'O\'Longain', 'molongainiy', 4529, 'Cardinal', 2, 'MhE2rF'),
(684, 'Wendie', 'Dorbon', 'wdorboniz', 1, 'Valley Edge', 1, 'g155VAcws'),
(685, 'Sampson', 'Eberz', 'seberzj0', 6, 'Basil', 1, 'ZHaz4wchuQM'),
(686, 'Auroora', 'Aldam', 'aaldamj1', 419, 'Porter', 5, '57DpHXhh'),
(687, 'Else', 'Sorbie', 'esorbiej2', 4545, 'Katie', 3, '5jOvv2J6Fd'),
(688, 'Thomasine', 'Grimwade', 'tgrimwadej3', 0, 'Meadow Valley', 4, 'go5zmGZvl8'),
(689, 'Jannel', 'Skinley', 'jskinleyj4', 4, 'Jenna', 4, '7XjvS8t6Uz2');
INSERT INTO `user` (`user_id`, `firstname`, `lastname`, `username`, `number`, `street`, `city_id`, `password`) VALUES
(690, 'Armin', 'Danforth', 'adanforthj5', 8, 'Dorton', 3, 'NeGoEPcC'),
(691, 'Ozzie', 'Echlin', 'oechlinj6', 131, 'Granby', 4, 'eDzsZyqVI2'),
(692, 'Conn', 'Fiveash', 'cfiveashj7', 4, 'Novick', 1, 'd8seGcEgs'),
(693, 'Dino', 'Camin', 'dcaminj8', 35, 'Coolidge', 1, 'CxfSmWGB9'),
(694, 'Harley', 'Strelitzki', 'hstrelitzkij9', 4258, 'Lawn', 4, '7ueUT9THy7'),
(695, 'Stevy', 'Bruford', 'sbrufordja', 269, 'Tony', 2, 'Yrl26OMjVww3'),
(696, 'Sallee', 'Sines', 'ssinesjb', 759, 'Rusk', 3, 'olWo6xuv'),
(697, 'Karoly', 'Reneke', 'krenekejc', 2, 'Sachtjen', 5, 'swplXG'),
(698, 'Carine', 'Dedenham', 'cdedenhamjd', 462, 'Morning', 3, 'aNzpYKtj'),
(699, 'Dolley', 'Noury', 'dnouryje', 2, 'Prairieview', 3, '53Ec6HEsrz73'),
(700, 'Jarvis', 'Joost', 'jjoostjf', 173, 'Oriole', 1, 'HGxVyXtXi'),
(701, 'Axe', 'Arnhold', 'aarnholdjg', 6, 'Trailsway', 2, 'VBeZ3Npa1Wel'),
(702, 'Misha', 'Dyster', 'mdysterjh', 796, 'Sutteridge', 1, 'exkJ630Eah3'),
(703, 'Beatrice', 'Diggons', 'bdiggonsji', 73613, 'Kensington', 1, 'ANWJK5TAjZ9L'),
(704, 'Michell', 'Chattell', 'mchattelljj', 250, 'Fulton', 3, 'tGy6fYSk'),
(705, 'Traci', 'Ribeiro', 'tribeirojk', 7, '2nd', 4, 'KSbId0FgHZ'),
(706, 'Guinna', 'Spirit', 'gspiritjl', 72, 'Grover', 4, 'A026ppT'),
(707, 'Gizela', 'Jaskiewicz', 'gjaskiewiczjm', 3, 'Packers', 3, 'vazYgdcb3RHG'),
(708, 'Letty', 'Beale', 'lbealejn', 146, 'Lake View', 2, 'puASHaOIuf'),
(709, 'Hilde', 'Squier', 'hsquierjo', 3140, 'Vahlen', 3, '0v6VIn4N4vs'),
(710, 'Rodolphe', 'Allam', 'rallamjp', 83441, 'Hanson', 2, 'adXIn0BmKY2I'),
(711, 'Benton', 'Whightman', 'bwhightmanjq', 98, 'Dixon', 1, 'IieuZQSGj2'),
(712, 'Carmella', 'Galsworthy', 'cgalsworthyjr', 66, 'Chinook', 2, 'tizTzvzl3cR1'),
(713, 'Cullie', 'Brazier', 'cbrazierjs', 8982, 'Sutherland', 3, 'R0Da4vrX2s'),
(714, 'Annabella', 'Kimbury', 'akimburyjt', 3625, 'Loeprich', 1, 'e0taXbtQc'),
(715, 'Staford', 'Croxton', 'scroxtonju', 6, 'Pawling', 3, 'VqXr7KJ'),
(716, 'Dermot', 'Sanches', 'dsanchesjv', 4, 'South', 3, 'uTQjuUlmqA'),
(717, 'Bailie', 'Hatterslay', 'bhatterslayjw', 1823, 'Morning', 3, 'pcHuPF7AAE'),
(718, 'Eva', 'Boath', 'eboathjx', 56, 'Lindbergh', 1, 'nXBEAukPP'),
(719, 'Nealy', 'Mahaddy', 'nmahaddyjy', 7301, 'David', 3, '6q7TpvplD'),
(720, 'Georgette', 'Habershaw', 'ghabershawjz', 686, 'Monument', 4, 'w4GL3wSLmT'),
(721, 'Arielle', 'Bryant', 'abryantk0', 304, 'Canary', 5, 'iIecUWq'),
(722, 'Willi', 'Milne', 'wmilnek1', 90, 'Hoard', 2, 'c8jrZf'),
(723, 'Roanne', 'Slowey', 'rsloweyk2', 2806, 'Johnson', 4, 'ApQD6Hg'),
(724, 'Prisca', 'Gale', 'pgalek3', 52648, 'Grover', 2, 'UA1QVqk'),
(725, 'Everett', 'Wylder', 'ewylderk4', 848, 'Merchant', 5, 'u4etc68BrQ'),
(726, 'Pietro', 'Le Grove', 'plegrovek5', 2, 'Declaration', 2, 'uyKYz77NGBGS'),
(727, 'Carolann', 'Larter', 'clarterk6', 0, 'Westridge', 4, 'Ig1M9TdM'),
(728, 'Wilbert', 'Trowsdale', 'wtrowsdalek7', 3, 'Mallory', 1, 'RRKhkT'),
(729, 'Starlin', 'Pullen', 'spullenk8', 57, 'Merry', 1, '4htQpWt'),
(730, 'Vernon', 'Gladyer', 'vgladyerk9', 540, 'Fairfield', 1, 'Y1IeuJ70Nj62'),
(731, 'Raquel', 'Rowlett', 'rrowlettka', 82829, 'Dayton', 3, 'VzJdP2Uf4t'),
(732, 'Bronson', 'Schachter', 'bschachterkb', 96317, 'Novick', 2, 'isTivv36I8P'),
(733, 'Pascal', 'Wondraschek', 'pwondraschekkc', 163, 'Tomscot', 5, 'pmHsGiNk2F'),
(734, 'Angele', 'Huckel', 'ahuckelkd', 9156, 'Center', 2, '65U9eZy'),
(735, 'Georgine', 'Ayre', 'gayreke', 927, 'Northland', 1, 'tBtqwHhu'),
(736, 'Boone', 'Dahmke', 'bdahmkekf', 1766, 'Quincy', 5, 'kcZvwiD'),
(737, 'Sully', 'Alvey', 'salveykg', 8, 'Fisk', 4, 'R2lKcaQ'),
(738, 'Bertram', 'Dalziel', 'bdalzielkh', 7518, 'Mariners Cove', 4, 'dXwZFeAUaZ'),
(739, 'Quintana', 'Yantsurev', 'qyantsurevki', 5, 'Waubesa', 3, 'MvnUj1sG'),
(740, 'Rosalia', 'Towl', 'rtowlkj', 60281, 'North', 3, '6E424bvbMu'),
(741, 'Briggs', 'Shanley', 'bshanleykk', 86975, 'Meadow Vale', 1, 'xDzRSpp5'),
(742, 'Tito', 'Winspare', 'twinsparekl', 93, 'Huxley', 4, 'Hg5WovQ4x1C'),
(743, 'Hi', 'Stichel', 'hstichelkm', 84, 'Donald', 5, 'ebEI0c'),
(744, 'Drusilla', 'Spillman', 'dspillmankn', 51, 'Parkside', 2, '8YU4QVS'),
(745, 'Mona', 'Sewards', 'msewardsko', 7970, 'Oriole', 5, '12HDvq'),
(746, 'Sydel', 'Burl', 'sburlkp', 9, 'Arapahoe', 4, 'XzkP4mUN1fg'),
(747, 'Hamlen', 'Cheetham', 'hcheethamkq', 6, 'Acker', 1, 'mwM65QLV7r'),
(748, 'Julissa', 'Wiskar', 'jwiskarkr', 0, 'Myrtle', 3, 'FdOEVszv9Jv2'),
(749, 'Datha', 'Wife', 'dwifeks', 383, 'Sullivan', 3, 'jwKZuM'),
(750, 'Slade', 'Caveney', 'scaveneykt', 3, 'Esch', 3, 'GB44d9ciUQ'),
(751, 'Kareem', 'Basley', 'kbasleyku', 702, 'Dryden', 2, 'E9oNAqCvuKb'),
(752, 'Bili', 'Deniset', 'bdenisetkv', 8451, 'Waxwing', 4, 'w5OhFs6PDdl'),
(753, 'Celine', 'Bynold', 'cbynoldkw', 37200, 'Buhler', 1, 'q2Tu7A'),
(754, 'Marillin', 'Goble', 'mgoblekx', 77, 'Commercial', 5, 'nuEP1ZY'),
(755, 'Galvan', 'Patrick', 'gpatrickky', 6, 'Graceland', 4, 'WmkPemoT'),
(756, 'Ailey', 'Dailey', 'adaileykz', 7335, 'Namekagon', 2, 'WLLkaLxMMoN'),
(757, 'Berk', 'Creddon', 'bcreddonl0', 65769, 'Forster', 5, 'kuJeqNwcD'),
(758, 'Anabal', 'Beccles', 'abecclesl1', 7324, 'Miller', 1, 'D87Syt1jhN'),
(759, 'Bradly', 'Molden', 'bmoldenl2', 9, 'Butterfield', 1, 'CJtH9W'),
(760, 'Leigh', 'Physick', 'lphysickl3', 314, 'Cambridge', 5, 'eeErPnFrdVG5'),
(761, 'Ellswerth', 'Smolan', 'esmolanl4', 14234, 'New Castle', 3, 'YeCWqwhV'),
(762, 'Christy', 'Matessian', 'cmatessianl5', 7, 'Dapin', 1, 'UPFspjnc'),
(763, 'Pamelina', 'Nicklin', 'pnicklinl6', 9058, 'Red Cloud', 2, 'oOxeQHOb8s'),
(764, 'Ragnar', 'McCusker', 'rmccuskerl7', 173, 'Schmedeman', 4, 'fHEm3T3OLO'),
(765, 'Bliss', 'Chalcot', 'bchalcotl8', 2, 'Division', 1, 'Eupr20amTNJ'),
(766, 'Augy', 'Keese', 'akeesel9', 93322, 'Starling', 3, 'GNUpb04OAL'),
(767, 'Keelby', 'Brigstock', 'kbrigstockla', 37, 'Kenwood', 5, 'VwVJjPh'),
(768, 'Lorrie', 'Di Carlo', 'ldicarlolb', 5, 'Algoma', 5, 'hJ9cFZAm5'),
(769, 'Keely', 'Terne', 'kternelc', 647, 'Grayhawk', 3, 'RhTtpql4KIxJ'),
(770, 'Roze', 'Vaggers', 'rvaggersld', 977, 'Weeping Birch', 4, 'lcW3mYKIOV'),
(771, 'Janeen', 'Narramor', 'jnarramorle', 4, 'Stang', 2, 'OS8Htq'),
(772, 'Arturo', 'Beaver', 'abeaverlf', 38, 'Sycamore', 3, 'Bn7kUWovrGW'),
(773, 'Thorn', 'Fierro', 'tfierrolg', 21725, 'Lien', 5, 'rTbMnkSluYS'),
(774, 'Shermie', 'Bonhan', 'sbonhanlh', 0, 'Linden', 3, 'p2GGNDoZD'),
(775, 'Rianon', 'Alway', 'ralwayli', 52804, 'Jenifer', 5, 'RL1TYlNN3Fx'),
(776, 'Peri', 'Alelsandrowicz', 'palelsandrowiczlj', 0, 'Kinsman', 3, 'PdzOwuMO3lF6'),
(777, 'Lennard', 'Biggans', 'lbigganslk', 41, 'Fordem', 4, 'BWjpVBLa1J3j'),
(778, 'Deb', 'D\'Ugo', 'ddugoll', 98, 'Pleasure', 3, 'gZ1BUmOHtI'),
(779, 'Brenn', 'Grindell', 'bgrindelllm', 113, 'Pond', 4, 'Vdb9R87X40G'),
(780, 'Timmi', 'Casarino', 'tcasarinoln', 87713, 'Brentwood', 2, '6cPZ4jbGx'),
(781, 'Charles', 'Hynard', 'chynardlo', 885, 'Hagan', 3, 'YunukC'),
(782, 'Nelson', 'Toogood', 'ntoogoodlp', 3, 'Towne', 2, 'Q3FvoQEA4kE'),
(783, 'Merilyn', 'Weinmann', 'mweinmannlq', 13946, 'Waxwing', 4, 'B5BJz91awYUD'),
(784, 'Dannye', 'Dightham', 'ddighthamlr', 6539, 'Pine View', 4, 'vjhr54tZa6tb'),
(785, 'Rodi', 'Joiris', 'rjoirisls', 7, 'Novick', 1, 'flEIDltNN4G'),
(786, 'Claus', 'Liven', 'clivenlt', 3007, 'Michigan', 4, '4irkQu'),
(787, 'Aeriel', 'Dregan', 'adreganlu', 41, 'Northfield', 4, 'KgDXGjLiIBsl'),
(788, 'Idaline', 'Starmer', 'istarmerlv', 63921, 'Commercial', 2, 'XWBKEWO'),
(789, 'Pattie', 'Aikin', 'paikinlw', 34, 'Esker', 1, 'IlsSr5N'),
(790, 'Adorne', 'Levinge', 'alevingelx', 996, 'Clemons', 2, 'avuRvBfwXJd'),
(791, 'Galina', 'Sharpless', 'gsharplessly', 463, 'Clove', 3, 'bpjdQu'),
(792, 'Else', 'Swalowe', 'eswalowelz', 1288, 'Westend', 1, 'vQOjcbSzH'),
(793, 'Venus', 'Barhams', 'vbarhamsm0', 930, 'Jenifer', 3, 'cBE3gArJk4c'),
(794, 'Quincy', 'Kelston', 'qkelstonm1', 8, 'Porter', 1, 'T1PDQe3RJ'),
(795, 'Milli', 'Creaney', 'mcreaneym2', 433, 'Utah', 1, 'uVeaDMS'),
(796, 'Muire', 'Bedbrough', 'mbedbroughm3', 68, 'Jackson', 4, 'ehSulm'),
(797, 'Noam', 'Pavel', 'npavelm4', 39, 'Melody', 2, 'z7UPk1PIAS'),
(798, 'Reynold', 'Burman', 'rburmanm5', 695, 'Holy Cross', 1, 'Rx0dJJ0f'),
(799, 'Antonius', 'Thurber', 'athurberm6', 4, 'Anhalt', 3, 'ySHvImSU'),
(800, 'Catherin', 'Aspinell', 'caspinellm7', 38, 'Memorial', 3, 'x3lNpW2t'),
(801, 'Rafferty', 'Axon', 'raxonm8', 7857, 'Sunnyside', 2, '8dClq4Rk4pGm'),
(802, 'Gardie', 'Matantsev', 'gmatantsevm9', 4, 'Jenifer', 2, 'BzzNdobv'),
(803, 'Diandra', 'Le Prevost', 'dleprevostma', 2, 'Rowland', 2, '1knIh0YJtBJe'),
(804, 'Bibby', 'Gilbee', 'bgilbeemb', 611, 'Talmadge', 3, '4248Z2Bq5gN3'),
(805, 'Kimmie', 'Waterdrinker', 'kwaterdrinkermc', 9, 'Westerfield', 5, 'GbQl1NE'),
(806, 'Aleksandr', 'O\'Scanlon', 'aoscanlonmd', 28, 'Carey', 5, 'gPjytrKYPH'),
(807, 'Tania', 'Greggs', 'tgreggsme', 0, 'Hanover', 3, 'ZDvf3PYCfpi'),
(808, 'Kathye', 'Lisamore', 'klisamoremf', 50, 'Rusk', 4, 'YI5H3d'),
(809, 'Giselbert', 'Hayes', 'ghayesmg', 8, 'Monterey', 1, 'mBVMq5TaiM'),
(810, 'Judon', 'Sibery', 'jsiberymh', 76, 'Ronald Regan', 3, 'UofUpk3'),
(811, 'Gar', 'Snowsill', 'gsnowsillmi', 2926, 'Cody', 1, '2czMkR'),
(812, 'Wenona', 'Trim', 'wtrimmj', 74504, 'Colorado', 2, 'yPpZ3CuGGJp'),
(813, 'Alleen', 'Marzelli', 'amarzellimk', 69, 'Kim', 5, '8390u0g'),
(814, 'Douglass', 'McCrisken', 'dmccriskenml', 8802, 'Fairview', 4, 'k0vQEPXoluz'),
(815, 'Aurore', 'Bernardelli', 'abernardellimm', 4, 'Division', 2, 'TUEPOaLa'),
(816, 'Saloma', 'Zanetello', 'szanetellomn', 417, 'Village Green', 2, '3ecoOMHZ'),
(817, 'Desmund', 'Selby', 'dselbymo', 3606, 'Macpherson', 5, 'eq50Oh9x'),
(818, 'Mattie', 'Josef', 'mjosefmp', 9371, 'Karstens', 2, 'q0R8DWSLylG'),
(819, 'Bronson', 'Hinz', 'bhinzmq', 61, 'Mifflin', 3, 'qLpL8YG'),
(820, 'Ole', 'Kenner', 'okennermr', 5, 'Cordelia', 2, 'Pa537LWdefrP'),
(821, 'Ambrose', 'Mc Pake', 'amcpakems', 983, 'Duke', 5, 'rxDSAiILfVn'),
(822, 'Valery', 'Tunsley', 'vtunsleymt', 681, 'Dryden', 1, 'BslZ9rYmh3B'),
(823, 'Allx', 'Lanphier', 'alanphiermu', 6, 'Pankratz', 2, 'VYOLiw'),
(824, 'Marje', 'McDuff', 'mmcduffmv', 16819, 'Muir', 4, 'AGdhhPDWG'),
(825, 'Dorolice', 'Darington', 'ddaringtonmw', 693, 'Boyd', 1, 'Br3Inr7LV'),
(826, 'Leigh', 'Glasner', 'lglasnermx', 2689, 'Fieldstone', 4, 'NoLqXfbNf'),
(827, 'Alfie', 'Kubalek', 'akubalekmy', 838, 'Holy Cross', 3, 'k2HbJDonJnb4'),
(828, 'Barbee', 'Pinard', 'bpinardmz', 1291, 'Daystar', 3, 'LtVBri7mb6t'),
(829, 'Emelen', 'Bentzen', 'ebentzenn0', 136, 'Green Ridge', 3, 'Wb1Z6pZWw2'),
(830, 'Lancelot', 'Wrotham', 'lwrothamn1', 13392, 'Fisk', 2, 'VMaDwx'),
(831, 'Ilaire', 'Parkman', 'iparkmann2', 2, 'Derek', 4, 'eh5Qz3UCcp'),
(832, 'Merline', 'Vedstra', 'mvedstran3', 949, 'Mayfield', 2, 'PL4eKHZXulez'),
(833, 'Rosalia', 'Daye', 'rdayen4', 298, 'Loomis', 5, 'QDgjpWwQehDq'),
(834, 'Tracy', 'Crippin', 'tcrippinn5', 1624, 'Stone Corner', 3, 'RNozyI'),
(835, 'Gail', 'Blackley', 'gblackleyn6', 8, 'Old Gate', 4, 'szVaDy'),
(836, 'Alisun', 'Keijser', 'akeijsern7', 7, 'Red Cloud', 2, 'VOU2oAdO6c'),
(837, 'Helen-elizabeth', 'Piddick', 'hpiddickn8', 63, 'Helena', 5, 'n2N9mU9sDGHs'),
(838, 'Nanni', 'Landes', 'nlandesn9', 773, 'Leroy', 4, 'pOK9Lj0O'),
(839, 'Drusi', 'Dawtre', 'ddawtrena', 29, 'Debra', 4, 'rY86xOWf4f'),
(840, 'Baillie', 'Tzuker', 'btzukernb', 970, 'Harper', 2, 'zthK0ysY'),
(841, 'Annaliese', 'Daish', 'adaishnc', 74363, 'Utah', 3, 'ykrY0wmXglrj'),
(842, 'Maddie', 'Lowings', 'mlowingsnd', 8536, 'Dawn', 2, 'N4xaLq'),
(843, 'Tessa', 'Younglove', 'tyounglovene', 3273, 'Atwood', 2, 'tcTKTLZ9W'),
(844, 'Roddie', 'Nichol', 'rnicholnf', 2, 'Stephen', 4, 'XrroYlAjRZ'),
(845, 'Bamby', 'Drewet', 'bdrewetng', 668, 'Vernon', 3, 'BikDqo'),
(846, 'Alberto', 'Nagle', 'anaglenh', 19, 'Blackbird', 5, 'OP5OBjjYUZ'),
(847, 'Bram', 'Maxsted', 'bmaxstedni', 7073, 'Bartelt', 2, 'LreE5O8e4'),
(848, 'Alix', 'Pickle', 'apicklenj', 95, 'Leroy', 5, 'sIYZvB'),
(849, 'Karin', 'Python', 'kpythonnk', 26486, 'Dwight', 4, 'zRGFgpXZ6o2'),
(850, 'Giralda', 'Fitzhenry', 'gfitzhenrynl', 4, 'Grayhawk', 3, '5iPBDETMmS'),
(851, 'Joyce', 'Lampe', 'jlampenm', 201, 'Karstens', 3, 'X2qyQz3Ekow'),
(852, 'Tad', 'Longshaw', 'tlongshawnn', 61121, 'Prairie Rose', 3, 'zbC2dVPYsgP'),
(853, 'Wash', 'Cham', 'wchamno', 1817, 'Vidon', 1, 'UgjPhnb2'),
(854, 'Hanny', 'Gold', 'hgoldnp', 21509, 'Westerfield', 4, 'PbB3TM'),
(855, 'Stephana', 'MacAless', 'smacalessnq', 5703, 'Golf', 2, 'wLch9ye4v'),
(856, 'Josselyn', 'Hastings', 'jhastingsnr', 52182, 'Surrey', 4, 'SyB7MWWXQ16'),
(857, 'Allx', 'Slemmonds', 'aslemmondsns', 74, 'Springs', 3, 'Fc0n9PoQa19'),
(858, 'Vance', 'Eborall', 'veborallnt', 6771, 'Bashford', 2, 'biNPhxxKpxpD'),
(859, 'Elvira', 'Vlahos', 'evlahosnu', 2859, 'Ryan', 5, 'o2iuxyxaC'),
(860, 'Kennith', 'Robart', 'krobartnv', 84326, 'Dixon', 2, 'vvQkLHWqwQR'),
(861, 'Gene', 'Cotta', 'gcottanw', 4, 'Graceland', 5, '3G0rVn'),
(862, 'Lettie', 'Pierse', 'lpiersenx', 81, 'Dapin', 3, 'Ds4LUYsb'),
(863, 'Willabella', 'Bindley', 'wbindleyny', 533, 'Dakota', 1, 'S9n3JYMvrvJ'),
(864, 'Cheri', 'Hinsch', 'chinschnz', 68989, 'Laurel', 4, 'SOaZD9wR'),
(865, 'Joela', 'Dowman', 'jdowmano0', 3560, 'Hanover', 2, 'KmlgOD8PV9Dt'),
(866, 'Kamilah', 'Screach', 'kscreacho1', 37492, 'Sunbrook', 4, 'LtOy9ZuSWYV'),
(867, 'Merrel', 'Whiting', 'mwhitingo2', 220, 'Sage', 1, 'siiL3Bh6Epx'),
(868, 'Camille', 'Euler', 'ceulero3', 12, 'Quincy', 1, 'G0qUv2'),
(869, 'Phyllys', 'Vian', 'pviano4', 0, 'Main', 4, 'fNo0gYdj8OI'),
(870, 'Juline', 'Gilder', 'jgildero5', 17, 'Dwight', 4, 'lvCRCANoH9K'),
(871, 'Aura', 'Fawks', 'afawkso6', 975, 'Fairview', 4, 'OQnvKFtfbX3'),
(872, 'Wendeline', 'Pryke', 'wprykeo7', 9321, 'New Castle', 4, 'RpiYEMCprYos'),
(873, 'Danie', 'Hans', 'dhanso8', 5, 'Dixon', 2, 'qxvf0S'),
(874, 'Mureil', 'Mazillius', 'mmazilliuso9', 420, 'Ryan', 4, 'ZQjRCO12Ncw'),
(875, 'Greg', 'Sowray', 'gsowrayoa', 299, 'Artisan', 4, 'bZqHEG5kiC'),
(876, 'Angelita', 'Skitt', 'askittob', 1, 'Lien', 5, 'qc8ZW8RyEt'),
(877, 'Kelsy', 'Gannon', 'kgannonoc', 77671, 'Coolidge', 3, '3FNNuzKB'),
(878, 'Raffarty', 'Upward', 'rupwardod', 3539, 'Eastwood', 1, 'ecCa51B'),
(879, 'Maggy', 'Prior', 'mprioroe', 71668, 'Lakewood', 4, 'NR4DK4UTSK'),
(880, 'Marketa', 'Burgon', 'mburgonof', 80, 'Becker', 5, 'en6qrN'),
(881, 'Seth', 'Youster', 'syousterog', 80881, 'Armistice', 5, 'NJHJcPFX0'),
(882, 'Lilla', 'Yerbury', 'lyerburyoh', 757, 'Sutteridge', 3, 'qDU1Bt6L'),
(883, 'Dawn', 'Farrent', 'dfarrentoi', 5618, 'Longview', 3, 'jwGBbVxDA7'),
(884, 'Louise', 'Leber', 'lleberoj', 11, 'Laurel', 3, 'xN1Fc14Dhlg'),
(885, 'Olenka', 'Tidball', 'otidballok', 28, 'Redwing', 1, 'YdDULEGXfemv'),
(886, 'Gerry', 'Kennler', 'gkennlerol', 843, 'Hintze', 4, '7nb9ITKYm'),
(887, 'Cecilio', 'Biddell', 'cbiddellom', 10441, 'Springview', 5, '5Hx48FY'),
(888, 'Pauli', 'Iannuzzi', 'piannuzzion', 80805, 'Bonner', 5, '5FCmRa5Y'),
(889, 'Darbie', 'Mayworth', 'dmayworthoo', 6, 'Esch', 5, 'S82VMyQKbA6'),
(890, 'De', 'Matteotti', 'dmatteottiop', 9289, 'Forest Run', 1, '6l3dsKgY'),
(891, 'Margaretha', 'MacAnulty', 'mmacanultyoq', 7, 'Meadow Valley', 5, 'ZaJANIV0UZW'),
(892, 'Trenton', 'Dayley', 'tdayleyor', 99, 'Merry', 5, 'e4nuPC'),
(893, 'Oates', 'Rutley', 'orutleyos', 682, 'Sugar', 4, 'WHbudsCFc7'),
(894, 'Dawna', 'Southgate', 'dsouthgateot', 41, 'Arizona', 2, 'eciayi'),
(895, 'Kean', 'Redmell', 'kredmellou', 7, 'Morning', 3, '4YcL8WtZeV'),
(896, 'Kissiah', 'Carwithen', 'kcarwithenov', 95393, 'Redwing', 1, 'iPZ7xMH6q5d'),
(897, 'Winifield', 'Tebbett', 'wtebbettow', 63, 'Hooker', 5, 'rVOdAP'),
(898, 'Gael', 'Hearon', 'ghearonox', 47107, 'Spenser', 3, 'h0FOdI4'),
(899, 'Deloris', 'Halesworth', 'dhalesworthoy', 6, 'Sage', 4, 'nen2VwUbm'),
(900, 'Sandie', 'Baigrie', 'sbaigrieoz', 91, 'Northwestern', 5, 'mbnFmIZke3'),
(901, 'Malissia', 'Tewes', 'mtewesp0', 29639, 'Myrtle', 3, 'CIOBMDTda'),
(902, 'Taryn', 'Tideswell', 'ttideswellp1', 695, 'Truax', 2, '85X1T5Wed'),
(903, 'Tracy', 'Perview', 'tperviewp2', 6976, 'Heffernan', 2, 't0BaQ4WN'),
(904, 'Kile', 'Eburne', 'keburnep3', 470, 'Myrtle', 1, 'QAURqnp'),
(905, 'Aubry', 'Ruttgers', 'aruttgersp4', 89976, 'Corben', 3, 'XvvSqkR'),
(906, 'Othilie', 'Moggle', 'omogglep5', 16432, 'Twin Pines', 2, 'xnLoJF5L18oW'),
(907, 'Rex', 'Tims', 'rtimsp6', 1, 'Stoughton', 1, 'hh8ZXx'),
(908, 'Allis', 'Carbett', 'acarbettp7', 9005, 'Tennessee', 4, 'n3049EZRxU'),
(909, 'Britni', 'Sturte', 'bsturtep8', 11, 'Columbus', 5, 'xIE8J9IlYxX1'),
(910, 'Benedick', 'Sisnett', 'bsisnettp9', 6670, 'Parkside', 5, 'u6XPR0HH'),
(911, 'Hansiain', 'Eggins', 'hegginspa', 56, 'Barnett', 3, 'peSVmDbBpitm'),
(912, 'Darlene', 'Cardoo', 'dcardoopb', 8870, 'Schlimgen', 2, 'x4Np8xy'),
(913, 'Ashley', 'Yesinov', 'ayesinovpc', 51, 'Comanche', 2, 'NYa8XQB'),
(914, 'Barr', 'McKibbin', 'bmckibbinpd', 55, 'Stang', 3, '2dhgzE3r2y'),
(915, 'Bear', 'Haton', 'bhatonpe', 4, 'West', 1, 'mRk05UR'),
(916, 'Cassi', 'Isakson', 'cisaksonpf', 903, 'Burning Wood', 3, 'LoFrAVImY3'),
(917, 'Elonore', 'Cesco', 'ecescopg', 119, 'Boyd', 5, 'LJVKUiPB9Wcy'),
(918, 'Jenni', 'Bougourd', 'jbougourdph', 751, 'Mayer', 2, 'NZxSBzlqUP'),
(919, 'Giuditta', 'Grumble', 'ggrumblepi', 1, 'Ryan', 2, 'jP7uKZ'),
(920, 'Jorgan', 'Danbi', 'jdanbipj', 20, 'Cherokee', 3, '2AylXBweAc5p'),
(921, 'Evvy', 'Copestick', 'ecopestickpk', 358, 'Corben', 3, 'Q9pITkyu4'),
(922, 'Estele', 'Lampel', 'elampelpl', 0, 'Roth', 4, 'r55VzIkbiU'),
(923, 'Ricky', 'De Malchar', 'rdemalcharpm', 68, 'Corben', 2, 'kq7GhEdN4cB'),
(924, 'Jenna', 'Tidy', 'jtidypn', 284, 'Killdeer', 3, 'RaAxVpkrGx'),
(925, 'Shaine', 'Dalliston', 'sdallistonpo', 25, 'Rockefeller', 3, 'r9xUeIEKT6'),
(926, 'Averyl', 'Rawson', 'arawsonpp', 78, 'Mccormick', 5, 'HBuVMYV1S'),
(927, 'Merralee', 'Lyburn', 'mlyburnpq', 5867, 'Maywood', 4, '0QSZJT'),
(928, 'Selestina', 'Lockey', 'slockeypr', 39, 'Blaine', 4, 'AXbtvIuLAx'),
(929, 'Brander', 'Dongall', 'bdongallps', 6, 'Merchant', 4, 'lqHhhrI8pfh'),
(930, 'Laurella', 'Selman', 'lselmanpt', 6768, 'Gulseth', 4, 'S3YNjQg4m'),
(931, 'Karla', 'Deveral', 'kdeveralpu', 150, 'Waywood', 4, 'WW8130dyJ'),
(932, 'Ulrike', 'D\'Costa', 'udcostapv', 6, 'Tony', 2, '8IccXbZ3MXVn'),
(933, 'Devin', 'Scase', 'dscasepw', 8, 'Mosinee', 5, '1ES5Ejzxn'),
(934, 'Jim', 'Footer', 'jfooterpx', 72768, 'Dixon', 1, 'cRN5wt48h3F6'),
(935, 'Baldwin', 'Wooder', 'bwooderpy', 483, 'Mcbride', 5, 'Y4IaCLbO'),
(936, 'Corliss', 'Cradick', 'ccradickpz', 46182, 'Dottie', 4, '0fJHQSnTQc8'),
(937, 'Harrison', 'Aldin', 'haldinq0', 363, 'Blue Bill Park', 2, 'JloAhu'),
(938, 'Bail', 'De Nisco', 'bdeniscoq1', 1, 'Golden Leaf', 4, 'orJhgE2v'),
(939, 'Cori', 'Forlonge', 'cforlongeq2', 11, 'Saint Paul', 5, 'aVuKKxnk'),
(940, 'Sterling', 'Sager', 'ssagerq3', 52922, 'Melvin', 3, 'RduCSNE'),
(941, 'Hayyim', 'Archanbault', 'harchanbaultq4', 96100, 'Service', 4, 'o1WaefO'),
(942, 'Debbie', 'Rabl', 'drablq5', 72, 'Prairieview', 2, 'TVGGq1yJJV9p'),
(943, 'Abrahan', 'Reboulet', 'arebouletq6', 7, 'Del Mar', 4, 'lazTCo'),
(944, 'Cristionna', 'Percival', 'cpercivalq7', 22474, 'Arkansas', 5, 'XwkCOqs'),
(945, 'Kora', 'Trivett', 'ktrivettq8', 484, 'Pond', 4, 'iwMWQkv1'),
(946, 'Tomas', 'Hingeley', 'thingeleyq9', 27799, 'Del Mar', 2, 'E2VUvcvgIN'),
(947, 'Garret', 'Seywood', 'gseywoodqa', 63, 'Fair Oaks', 3, 'o1ZqjRT7XkU'),
(948, 'Ivette', 'Plenderleith', 'iplenderleithqb', 157, 'Corry', 4, 'PCq0OdSSu1'),
(949, 'Valeda', 'Pendrill', 'vpendrillqc', 5235, 'Esker', 4, 'Qf5Usb'),
(950, 'Wilmette', 'Colbeck', 'wcolbeckqd', 897, 'Shoshone', 3, 'oKfhsdUbkkf'),
(951, 'Britney', 'Saill', 'bsaillqe', 7214, 'Commercial', 1, 'Vjo5nbj'),
(952, 'Lelah', 'Overall', 'loverallqf', 181, 'Basil', 2, '8mnyQ4pk'),
(953, 'Gertrud', 'Merrigans', 'gmerrigansqg', 52, 'Carpenter', 3, 'LuHUmd'),
(954, 'Towney', 'Yeell', 'tyeellqh', 8, 'Morrow', 1, 't6bCC2I7'),
(955, 'Cleve', 'Thursfield', 'cthursfieldqi', 287, 'Brown', 2, '9Gx01I'),
(956, 'Conny', 'Sarfat', 'csarfatqj', 4, 'Welch', 5, 'e4MYCrpM7'),
(957, 'Masha', 'Aubrey', 'maubreyqk', 84, 'Oak Valley', 1, 'eVLIL2fa'),
(958, 'Natalee', 'Menlove', 'nmenloveql', 60133, 'Brown', 5, 'aCzqEXr'),
(959, 'Chauncey', 'Clutterham', 'cclutterhamqm', 6, 'Hoffman', 2, 'Bl4Eqlb'),
(960, 'Tricia', 'Seary', 'tsearyqn', 10206, 'Dawn', 5, 'm81pCytw'),
(961, 'Ragnar', 'Littley', 'rlittleyqo', 387, 'Arrowood', 4, '10Txgopa'),
(962, 'Bentley', 'Pentelow', 'bpentelowqp', 92, 'Center', 3, 'gvk5JOD'),
(963, 'Hope', 'Antram', 'hantramqq', 4789, 'Havey', 5, 'ntRynQ'),
(964, 'Karie', 'Haquin', 'khaquinqr', 890, 'Forest Dale', 4, 'sOB09hHmIfyh'),
(965, 'Dotti', 'De Atta', 'ddeattaqs', 104, 'Lakewood Gardens', 5, 'qNNxGg'),
(966, 'Gerti', 'Haversham', 'ghavershamqt', 8, 'Manufacturers', 5, 'nN5mv1Mc'),
(967, 'Issy', 'Mouser', 'imouserqu', 96, 'Prentice', 5, 'CyfMz9fY'),
(968, 'Trixie', 'Everett', 'teverettqv', 26, 'Aberg', 1, 'nygOytX'),
(969, 'Lurline', 'Rugg', 'lruggqw', 7, 'Shopko', 2, 'eVmytM'),
(970, 'Aubrette', 'Legan', 'aleganqx', 692, 'Kenwood', 4, 'wqraUoPns'),
(971, 'Petunia', 'Gauld', 'pgauldqy', 99985, 'Schlimgen', 2, 'moD6d0kqn'),
(972, 'Felizio', 'Foulstone', 'ffoulstoneqz', 32, 'Rusk', 5, 'DmCnyhm'),
(973, 'Obed', 'Spofforth', 'ospofforthr0', 3914, 'Fairfield', 1, 'M2MuEAoPx'),
(974, 'Robby', 'Fronczak', 'rfronczakr1', 91448, 'New Castle', 5, 'ox8KVnc'),
(975, 'Jerrie', 'Glanz', 'jglanzr2', 3, 'Melby', 3, 'PAGhpSl1Fcd'),
(976, 'Tami', 'Jendrusch', 'tjendruschr3', 4415, 'Almo', 2, 'jjjwIQ'),
(977, 'Florance', 'Skegg', 'fskeggr4', 7, 'Washington', 1, '6VjlXUW7Vbu'),
(978, 'Lloyd', 'Rivlin', 'lrivlinr5', 1, 'Crownhardt', 3, 'zT9WupxjcJf'),
(979, 'Kendal', 'Doyley', 'kdoyleyr6', 1520, 'Butterfield', 1, 'Qbk57e9pnC'),
(980, 'Hazel', 'Meins', 'hmeinsr7', 4, 'Sheridan', 1, 'aTdEyLf4'),
(981, 'Barde', 'Le Count', 'blecountr8', 8, 'Hanson', 1, '83VzANRLEy'),
(982, 'Ric', 'Willshear', 'rwillshearr9', 143, 'School', 2, 'E9D09HHbIeSk'),
(983, 'Hazlett', 'D\'Ruel', 'hdruelra', 3888, 'Melvin', 3, 'loc1yhYog'),
(984, 'Carlyle', 'Legonidec', 'clegonidecrb', 80, 'Lindbergh', 2, 'PVTwPf6BWjs'),
(985, 'Rahal', 'Everill', 'reverillrc', 769, 'Prentice', 5, 'Ju15Y77N1s'),
(986, 'Laurice', 'Kinman', 'lkinmanrd', 20, 'Nova', 4, 'fT64bka9fM4d'),
(987, 'Corena', 'Foukx', 'cfoukxre', 2046, 'Nancy', 5, 'So9g7I'),
(988, 'Virgie', 'Rubens', 'vrubensrf', 68, 'Katie', 3, 'ebZcIYn5AIxE'),
(989, 'Sigfrid', 'Cramb', 'scrambrg', 2465, 'Monterey', 3, 'uXYDmC'),
(990, 'Cloris', 'McNally', 'cmcnallyrh', 28, 'Fisk', 2, '60SWit'),
(991, 'Madelaine', 'Clyant', 'mclyantri', 88199, 'Spenser', 5, 'PjAxFwU'),
(992, 'Devina', 'Gaddesby', 'dgaddesbyrj', 71221, 'Green Ridge', 5, 'mQOaTHc'),
(993, 'Augustin', 'McQuin', 'amcquinrk', 853, 'Westend', 2, 'AGgg8vE'),
(994, 'Julieta', 'Thouless', 'jthoulessrl', 915, 'Mccormick', 2, 'KTln1L1t8Cx'),
(995, 'Thibaud', 'Haking', 'thakingrm', 8, 'Old Gate', 2, 'I5CjO2'),
(996, 'Moritz', 'Parradice', 'mparradicern', 40616, 'Miller', 1, 'ysXrRHd2Dks'),
(997, 'Salomon', 'Darben', 'sdarbenro', 8607, 'Redwing', 3, 'qZiwQX5b'),
(998, 'Katherina', 'Horning', 'khorningrp', 62, 'Cordelia', 4, '4VBpTE1Aew'),
(999, 'Marilin', 'Yakobowitch', 'myakobowitchrq', 29690, 'Dapin', 4, 'Cwfx8lNTQ8H'),
(1000, 'Kerwin', 'Wingrove', 'kwingroverr', 9356, 'Heath', 4, 'gqHKtA1');

--
-- Indexes for dumped tables
--

--
-- Indexes for table `administrator`
--
ALTER TABLE `administrator`
  ADD PRIMARY KEY (`administrator_id`),
  ADD UNIQUE KEY `administrator_id` (`administrator_id`),
  ADD UNIQUE KEY `user_id` (`user_id`),
  ADD KEY `idx_administrator_user_id` (`user_id`);

--
-- Indexes for table `city`
--
ALTER TABLE `city`
  ADD PRIMARY KEY (`city_id`),
  ADD UNIQUE KEY `city_id` (`city_id`);

--
-- Indexes for table `class`
--
ALTER TABLE `class`
  ADD PRIMARY KEY (`class_id`),
  ADD UNIQUE KEY `class_id` (`class_id`),
  ADD UNIQUE KEY `name` (`name`),
  ADD KEY `fk_school_id_class` (`school_id`),
  ADD KEY `fk_class_primary_teacher` (`primary_teacher`);

--
-- Indexes for table `class_member`
--
ALTER TABLE `class_member`
  ADD KEY `class_id_idx` (`class_id`),
  ADD KEY `fk_student_id_class_member` (`student_id`);

--
-- Indexes for table `exam`
--
ALTER TABLE `exam`
  ADD PRIMARY KEY (`exam_id`),
  ADD UNIQUE KEY `exam_id` (`exam_id`),
  ADD UNIQUE KEY `name` (`name`),
  ADD KEY `fk_exam_subject_id` (`subject_id`);

--
-- Indexes for table `exam_class`
--
ALTER TABLE `exam_class`
  ADD UNIQUE KEY `u_exam_class_exam_id_class_id` (`exam_id`,`class_id`),
  ADD KEY `fk_exam_class_class` (`class_id`);

--
-- Indexes for table `exam_result`
--
ALTER TABLE `exam_result`
  ADD UNIQUE KEY `u_exam_student` (`exam_id`,`student_id`),
  ADD UNIQUE KEY `exam_result_exam_id_student_id` (`exam_id`,`student_id`),
  ADD KEY `fk_exam_result_student` (`student_id`);

--
-- Indexes for table `school`
--
ALTER TABLE `school`
  ADD PRIMARY KEY (`school_id`),
  ADD UNIQUE KEY `school_id` (`school_id`),
  ADD UNIQUE KEY `schoolname` (`schoolname`),
  ADD KEY `fk_city_id_school` (`city_id`);

--
-- Indexes for table `student`
--
ALTER TABLE `student`
  ADD PRIMARY KEY (`student_id`),
  ADD UNIQUE KEY `student_id` (`student_id`),
  ADD UNIQUE KEY `user_id` (`user_id`);

--
-- Indexes for table `subject`
--
ALTER TABLE `subject`
  ADD PRIMARY KEY (`subject_id`),
  ADD UNIQUE KEY `subject_id` (`subject_id`),
  ADD UNIQUE KEY `name` (`name`);

--
-- Indexes for table `teacher`
--
ALTER TABLE `teacher`
  ADD PRIMARY KEY (`teacher_id`),
  ADD UNIQUE KEY `teacher_id` (`teacher_id`),
  ADD UNIQUE KEY `user_id` (`user_id`),
  ADD KEY `user_id_idx` (`user_id`);

--
-- Indexes for table `teacher_class_subject`
--
ALTER TABLE `teacher_class_subject`
  ADD UNIQUE KEY `u_tcs` (`teacher_id`,`class_id`,`subject_id`),
  ADD KEY `fk_tcs_class_id` (`class_id`),
  ADD KEY `fk_tcs_subject_id` (`subject_id`);

--
-- Indexes for table `user`
--
ALTER TABLE `user`
  ADD PRIMARY KEY (`user_id`),
  ADD UNIQUE KEY `user_id` (`user_id`),
  ADD UNIQUE KEY `username` (`username`),
  ADD KEY `fk_city_id_user` (`city_id`);

--
-- AUTO_INCREMENT for dumped tables
--

--
-- AUTO_INCREMENT for table `administrator`
--
ALTER TABLE `administrator`
  MODIFY `administrator_id` bigint(20) UNSIGNED NOT NULL AUTO_INCREMENT, AUTO_INCREMENT=11;

--
-- AUTO_INCREMENT for table `city`
--
ALTER TABLE `city`
  MODIFY `city_id` bigint(20) UNSIGNED NOT NULL AUTO_INCREMENT, AUTO_INCREMENT=6;

--
-- AUTO_INCREMENT for table `class`
--
ALTER TABLE `class`
  MODIFY `class_id` bigint(20) UNSIGNED NOT NULL AUTO_INCREMENT, AUTO_INCREMENT=41;

--
-- AUTO_INCREMENT for table `exam`
--
ALTER TABLE `exam`
  MODIFY `exam_id` bigint(20) UNSIGNED NOT NULL AUTO_INCREMENT, AUTO_INCREMENT=501;

--
-- AUTO_INCREMENT for table `school`
--
ALTER TABLE `school`
  MODIFY `school_id` bigint(20) UNSIGNED NOT NULL AUTO_INCREMENT, AUTO_INCREMENT=6;

--
-- AUTO_INCREMENT for table `student`
--
ALTER TABLE `student`
  MODIFY `student_id` bigint(20) UNSIGNED NOT NULL AUTO_INCREMENT, AUTO_INCREMENT=1001;

--
-- AUTO_INCREMENT for table `subject`
--
ALTER TABLE `subject`
  MODIFY `subject_id` bigint(20) UNSIGNED NOT NULL AUTO_INCREMENT, AUTO_INCREMENT=11;

--
-- AUTO_INCREMENT for table `teacher`
--
ALTER TABLE `teacher`
  MODIFY `teacher_id` bigint(20) UNSIGNED NOT NULL AUTO_INCREMENT, AUTO_INCREMENT=26;

--
-- AUTO_INCREMENT for table `user`
--
ALTER TABLE `user`
  MODIFY `user_id` bigint(20) UNSIGNED NOT NULL AUTO_INCREMENT, AUTO_INCREMENT=1001;

--
-- Constraints for dumped tables
--

--
-- Constraints for table `administrator`
--
ALTER TABLE `administrator`
  ADD CONSTRAINT `fk_administrator_user_id` FOREIGN KEY (`user_id`) REFERENCES `user` (`user_id`) ON DELETE NO ACTION ON UPDATE NO ACTION;

--
-- Constraints for table `class`
--
ALTER TABLE `class`
  ADD CONSTRAINT `fk_class_primary_teacher` FOREIGN KEY (`primary_teacher`) REFERENCES `teacher` (`teacher_id`) ON DELETE NO ACTION ON UPDATE NO ACTION,
  ADD CONSTRAINT `fk_school_id_class` FOREIGN KEY (`school_id`) REFERENCES `school` (`school_id`) ON DELETE NO ACTION ON UPDATE NO ACTION;

--
-- Constraints for table `class_member`
--
ALTER TABLE `class_member`
  ADD CONSTRAINT `fk_class_id_class_member` FOREIGN KEY (`class_id`) REFERENCES `class` (`class_id`) ON DELETE NO ACTION ON UPDATE NO ACTION,
  ADD CONSTRAINT `fk_student_id_class_member` FOREIGN KEY (`student_id`) REFERENCES `student` (`student_id`) ON DELETE NO ACTION ON UPDATE NO ACTION;

--
-- Constraints for table `exam`
--
ALTER TABLE `exam`
  ADD CONSTRAINT `fk_exam_subject_id` FOREIGN KEY (`subject_id`) REFERENCES `subject` (`subject_id`);

--
-- Constraints for table `exam_class`
--
ALTER TABLE `exam_class`
  ADD CONSTRAINT `fk_exam_class_class` FOREIGN KEY (`class_id`) REFERENCES `class` (`class_id`),
  ADD CONSTRAINT `fk_exam_class_exam` FOREIGN KEY (`exam_id`) REFERENCES `exam` (`exam_id`);

--
-- Constraints for table `exam_result`
--
ALTER TABLE `exam_result`
  ADD CONSTRAINT `fk_exam_result_exam` FOREIGN KEY (`exam_id`) REFERENCES `exam` (`exam_id`),
  ADD CONSTRAINT `fk_exam_result_student` FOREIGN KEY (`student_id`) REFERENCES `student` (`student_id`);

--
-- Constraints for table `school`
--
ALTER TABLE `school`
  ADD CONSTRAINT `fk_city_id_school` FOREIGN KEY (`city_id`) REFERENCES `city` (`city_id`) ON DELETE NO ACTION ON UPDATE NO ACTION;

--
-- Constraints for table `student`
--
ALTER TABLE `student`
  ADD CONSTRAINT `fk_user_id_student` FOREIGN KEY (`user_id`) REFERENCES `user` (`user_id`) ON DELETE NO ACTION ON UPDATE NO ACTION;

--
-- Constraints for table `teacher`
--
ALTER TABLE `teacher`
  ADD CONSTRAINT `fk_user_id_teacher` FOREIGN KEY (`user_id`) REFERENCES `user` (`user_id`) ON DELETE NO ACTION ON UPDATE NO ACTION;

--
-- Constraints for table `teacher_class_subject`
--
ALTER TABLE `teacher_class_subject`
  ADD CONSTRAINT `fk_tcs_class_id` FOREIGN KEY (`class_id`) REFERENCES `class` (`class_id`) ON DELETE NO ACTION ON UPDATE NO ACTION,
  ADD CONSTRAINT `fk_tcs_subject_id` FOREIGN KEY (`subject_id`) REFERENCES `subject` (`subject_id`) ON DELETE NO ACTION ON UPDATE NO ACTION,
  ADD CONSTRAINT `fk_tcs_teacher_id` FOREIGN KEY (`teacher_id`) REFERENCES `teacher` (`teacher_id`) ON DELETE NO ACTION ON UPDATE NO ACTION;

--
-- Constraints for table `user`
--
ALTER TABLE `user`
  ADD CONSTRAINT `fk_city_id_user` FOREIGN KEY (`city_id`) REFERENCES `city` (`city_id`) ON DELETE NO ACTION ON UPDATE NO ACTION;
COMMIT;

/*!40101 SET CHARACTER_SET_CLIENT=@OLD_CHARACTER_SET_CLIENT */;
/*!40101 SET CHARACTER_SET_RESULTS=@OLD_CHARACTER_SET_RESULTS */;
/*!40101 SET COLLATION_CONNECTION=@OLD_COLLATION_CONNECTION */;
